window_index,time_s,proposal_bpm,proposal_supported,reacquired,generated,contributing_rois,channels,score
0,4.999995,,False,False,False,0,[],
1,5.999994,,False,False,False,0,[],
2,6.999993,85.0,True,False,True,2,"[""tracked/left_cheek/pos"", ""baseline/right_cheek/pos""]",0.4156572199475743
3,7.999992,85.0,True,False,True,2,"[""tracked/left_cheek/pos"", ""baseline/right_cheek/pos""]",0.30394102148582475
4,8.999991,84.0,True,False,True,2,"[""tracked/left_cheek/chrom"", ""baseline/right_cheek/pos""]",0.08451426190231665
5,9.99999,83.0,True,False,True,2,"[""tracked/left_cheek/pos"", ""baseline/right_cheek/pos""]",0.16203582187482893
6,10.999989,81.0,True,False,True,2,"[""baseline/left_cheek/chrom"", ""baseline/right_cheek/pos""]",0.04660306918484203
7,11.999988,80.0,True,False,True,2,"[""baseline/left_cheek/chrom"", ""baseline/right_cheek/pos""]",0.21471827678467303
8,12.999986999999999,78.0,True,False,True,3,"[""tracked/forehead/chrom"", ""baseline/left_cheek/pos"", ""baseline/right_cheek/pos""]",0.12137318040602323
9,13.999986,76.0,True,False,True,2,"[""tracked/forehead/chrom"", ""baseline/left_cheek/pos""]",0.13513356429491927
10,14.999984999999999,75.0,True,False,True,2,"[""tracked/forehead/pos"", ""tracked/left_cheek/chrom""]",0.08596870786732924
11,15.999984,74.0,True,False,True,3,"[""tracked/forehead/pos"", ""tracked/left_cheek/pos"", ""baseline/right_cheek/chrom""]",0.3671001419683375
12,16.999983,73.0,True,False,True,3,"[""tracked/forehead/pos"", ""tracked/left_cheek/pos"", ""baseline/right_cheek/chrom""]",0.3470167166373139
13,17.999982,73.0,True,False,True,3,"[""tracked/forehead/chrom"", ""tracked/left_cheek/chrom"", ""baseline/right_cheek/chrom""]",0.4930702182575683
14,18.999981,73.0,True,False,True,3,"[""tracked/forehead/chrom"", ""tracked/left_cheek/chrom"", ""baseline/right_cheek/chrom""]",0.4665143527732282
15,19.99998,73.0,True,False,True,3,"[""tracked/forehead/chrom"", ""tracked/left_cheek/chrom"", ""baseline/right_cheek/chrom""]",0.510801113399195
16,20.999979,72.0,True,False,True,3,"[""tracked/forehead/chrom"", ""tracked/left_cheek/chrom"", ""baseline/right_cheek/chrom""]",0.6895394748308417
17,21.999978,71.0,True,False,True,3,"[""tracked/forehead/chrom"", ""tracked/left_cheek/pos"", ""baseline/right_cheek/chrom""]",0.4337513340721375
18,22.999976999999998,71.0,True,False,True,3,"[""tracked/forehead/pos"", ""tracked/left_cheek/pos"", ""baseline/right_cheek/chrom""]",0.19030901557444244
19,23.999976,71.0,True,False,False,0,[],
20,24.999975,71.0,True,False,True,2,"[""tracked/left_cheek/pos"", ""baseline/right_cheek/chrom""]",0.5455987465702725
21,25.999973999999998,71.0,True,False,False,0,[],
22,26.999972999999997,72.0,True,False,False,0,[],
23,27.999972,74.0,True,False,False,0,[],
24,28.999971,76.0,True,False,False,0,[],
25,29.999969999999998,78.0,True,False,False,0,[],
26,30.999969,81.0,True,False,True,3,"[""tracked/forehead/chrom"", ""baseline/left_cheek/pos"", ""baseline/right_cheek/chrom""]",0.3717658294757036
27,31.999968,80.0,True,False,True,2,"[""tracked/forehead/chrom"", ""baseline/left_cheek/pos""]",0.5002468658248435
28,32.999967,79.0,True,False,True,2,"[""tracked/forehead/chrom"", ""tracked/left_cheek/chrom""]",0.8157177702632024
29,33.999966,79.0,True,False,True,3,"[""tracked/forehead/pos"", ""tracked/left_cheek/pos"", ""tracked/right_cheek/pos""]",0.6340739615090818
30,34.999964999999996,79.0,True,False,True,3,"[""tracked/forehead/pos"", ""baseline/left_cheek/pos"", ""tracked/right_cheek/pos""]",0.6218674367063941
31,35.999964,78.0,True,False,True,2,"[""tracked/forehead/pos"", ""tracked/right_cheek/pos""]",0.8102651504734574
32,36.999963,77.0,True,False,True,2,"[""tracked/forehead/pos"", ""tracked/right_cheek/pos""]",0.7303972885596113
33,37.999962,77.0,True,False,True,3,"[""tracked/forehead/chrom"", ""baseline/left_cheek/chrom"", ""tracked/right_cheek/pos""]",0.7357441352112186
34,38.999961,77.0,True,False,True,3,"[""tracked/forehead/pos"", ""baseline/left_cheek/chrom"", ""tracked/right_cheek/pos""]",0.7002300409955012
35,39.99996,,False,False,False,0,[],
36,40.999959,,False,False,False,0,[],
