time_s,observed_fraction,interpolated_fraction,spectral_peak_bpm,peak_concentration,accepted,status,ridge_bpm,legacy_ridge_bpm,evidence_local_bpm,evidence_score,evidence_runner_up_margin,evidence_selected_relative_power,evidence_selected_peak_bpm,evidence_selected_periodic_support,evidence_selected_motion_overlap,evidence_candidate_count,evidence_candidates_json,evidence_reacquired,evidence_tracker_state,evidence_motion_available,raw_spectral_peak_bpm,window_start_s,window_end_s,hr_source,profile,analysis_window_s,strict_accepted,hr_passes_original_gates,quality_tier
4.99995,0.8,0.0,,,False,gap_or_filter_edge,,,,,,,,,,0,[],False,unavailable,False,,0.0,9.9999,saved_v29_waveform_original_10s_strict_readout_offline,short6,10.0,False,False,rejected
5.99994,0.9,0.0,,,False,gap_or_filter_edge,,,,,,,,,,0,[],False,unavailable,False,,0.9999899999999999,10.99989,saved_v29_waveform_original_10s_strict_readout_offline,short6,10.0,False,False,rejected
6.99993,1.0,0.0,74.0,0.7314272545927806,True,candidate_only,74.0,74.0,74.0,1.1956236605215673,2.2078489010126843,1.0,74.0,0.8974420340264457,0.01867321357213444,2,"[{""bpm"":74.0,""relative_power"":1.0,""peak_concentration"":0.7314272545927806,""prominence"":1.0,""period_correlation"":0.8979738927135833,""split_period_correlation"":0.8958464579650334,""periodic_support"":0.8974420340264457,""harmonic2_relative_power"":0.04333327972009779,""harmonic3_relative_power"":0.004551417852142816,""harmonic_support"":0.23177894005764488,""motion_profile"":0.01867321357213444,""motion_strength"":0.04946067035523118,""motion_reliability"":1.0,""motion_overlap"":0.01867321357213444,""motion_available"":true,""evidence_score"":1.1956236605215673,""supported_bpm"":[71.0,72.0,73.0,74.0,75.0,76.0,77.0],""supported_relative_power"":[0.5206915162039897,0.6916406573773775,0.862589798550765,1.0,0.9749716711365384,0.9499433422730768,0.9249150134096149]},{""bpm"":153.0,""relative_power"":0.06056041278801148,""peak_concentration"":0.03938028560187397,""prominence"":0.05918393434437888,""period_correlation"":-0.8028652477450047,""split_period_correlation"":-0.7901743738639945,""periodic_support"":0.0,""harmonic2_relative_power"":5.6481411381502746e-05,""harmonic3_relative_power"":2.7542478077638583e-08,""harmonic_support"":0.0018637638776213316,""motion_profile"":0.026119324460758694,""motion_strength"":0.04946067035523118,""motion_reliability"":1.0,""motion_overlap"":0.026119324460758694,""motion_available"":true,""evidence_score"":-1.012225240491117,""supported_bpm"":[150.0,151.0,152.0,153.0],""supported_relative_power"":[0.05063510944533504,0.054286024307953665,0.057936939170572306,0.06056041278801148]}]",False,acquired,True,74.0,1.9999799999999999,11.99988,saved_v29_waveform_original_10s_strict_readout_offline,short6,10.0,True,True,original_10s_hr_gates_on_short6_fusion
7.9999199999999995,1.0,0.0,74.0,0.7179738045364469,True,candidate_only,74.0,74.0,74.0,1.2174569969022757,2.209307626376434,1.0,74.0,0.8877203593734968,0.027794660067414885,2,"[{""bpm"":74.0,""relative_power"":1.0,""peak_concentration"":0.7179738045364469,""prominence"":1.0,""period_correlation"":0.886986853973833,""split_period_correlation"":0.8899208755724883,""periodic_support"":0.8877203593734968,""harmonic2_relative_power"":0.06230211098233135,""harmonic3_relative_power"":0.005562610459159859,""harmonic_support"":0.27570792667569777,""motion_profile"":0.027794660067414885,""motion_strength"":0.05037538680776387,""motion_reliability"":1.0,""motion_overlap"":0.027794660067414885,""motion_available"":true,""evidence_score"":1.2174569969022757,""supported_bpm"":[71.0,72.0,73.0,74.0,75.0,76.0,77.0],""supported_relative_power"":[0.5274636648014454,0.6967883780775177,0.8661130913535899,1.0,0.9622516408384261,0.924503281676852,0.8867549225152775]},{""bpm"":152.0,""relative_power"":0.06340745544014928,""peak_concentration"":0.05135462221434904,""prominence"":0.06271244236634312,""period_correlation"":-0.8102032439009096,""split_period_correlation"":-0.8116224545243074,""periodic_support"":0.0,""harmonic2_relative_power"":4.1432822057853456e-05,""harmonic3_relative_power"":3.4047152675012185e-08,""harmonic_support"":0.0016371106612725263,""motion_profile"":0.022501519495727557,""motion_strength"":0.05037538680776387,""motion_reliability"":1.0,""motion_overlap"":0.022501519495727557,""motion_available"":true,""evidence_score"":-0.9918506294741583,""supported_bpm"":[149.0,150.0,151.0,152.0,153.0,154.0],""supported_relative_power"":[0.06257844709678582,0.06285478321124031,0.06313111932569479,0.06340745544014928,0.06292908293025606,0.05223313572756329]}]",False,tracked,True,74.0,2.99997,12.99987,saved_v29_waveform_original_10s_strict_readout_offline,short6,10.0,True,True,original_10s_hr_gates_on_short6_fusion
8.99991,1.0,0.0,74.0,0.7086554083508162,True,candidate_only,74.0,74.0,74.0,1.205921490554066,2.143161651828367,1.0,74.0,0.8731818662639803,0.03986005621650742,2,"[{""bpm"":74.0,""relative_power"":1.0,""peak_concentration"":0.7086554083508162,""prominence"":1.0,""period_correlation"":0.8722277183482595,""split_period_correlation"":0.876044310011143,""periodic_support"":0.8731818662639803,""harmonic2_relative_power"":0.07279160622721281,""harmonic3_relative_power"":0.00528625043718429,""harmonic_support"":0.2952465079343217,""motion_profile"":0.03986005621650742,""motion_strength"":0.05039976674731013,""motion_reliability"":1.0,""motion_overlap"":0.03986005621650742,""motion_available"":true,""evidence_score"":1.205921490554066,""supported_bpm"":[71.0,72.0,73.0,74.0,75.0,76.0,77.0],""supported_relative_power"":[0.5733380113103907,0.7286272563538606,0.8839165013973306,1.0,0.9261990274764257,0.8523980549528514,0.7785970824292759]},{""bpm"":148.0,""relative_power"":0.07279160622721281,""peak_concentration"":0.06404047797466846,""prominence"":0.07134464873792608,""period_correlation"":-0.8049393132687163,""split_period_correlation"":-0.8169343106900879,""periodic_support"":0.0,""harmonic2_relative_power"":9.556278453393757e-06,""harmonic3_relative_power"":1.5856254665239257e-08,""harmonic_support"":0.0008459272281728268,""motion_profile"":0.01682557454094479,""motion_strength"":0.05039976674731013,""motion_reliability"":1.0,""motion_overlap"":0.01682557454094479,""motion_available"":true,""evidence_score"":-0.9372401612743009,""supported_bpm"":[145.0,146.0,147.0,148.0,149.0,150.0,151.0],""supported_relative_power"":[0.05499246884314454,0.06198687409795683,0.0689812793527693,0.07279160622721281,0.07048327814406147,0.06817495006091012,0.06586662197775876]}]",False,tracked,True,74.0,3.9999599999999997,13.99986,saved_v29_waveform_original_10s_strict_readout_offline,short6,10.0,True,True,original_10s_hr_gates_on_short6_fusion
9.9999,1.0,0.0,74.0,0.7130251178880351,True,candidate_only,74.0,74.0,74.0,1.1767658864313382,2.1555948734550237,1.0,74.0,0.8664036348325159,0.042216925070753517,2,"[{""bpm"":74.0,""relative_power"":1.0,""peak_concentration"":0.7130251178880351,""prominence"":1.0,""period_correlation"":0.8676382903650445,""split_period_correlation"":0.8626996682349302,""periodic_support"":0.8664036348325159,""harmonic2_relative_power"":0.06424460417240721,""harmonic3_relative_power"":0.0043288321028998565,""harmonic_support"":0.2764930444540124,""motion_profile"":0.042216925070753517,""motion_strength"":0.05235758405023516,""motion_reliability"":1.0,""motion_overlap"":0.042216925070753517,""motion_available"":true,""evidence_score"":1.1767658864313382,""supported_bpm"":[71.0,72.0,73.0,74.0,75.0,76.0,77.0],""supported_relative_power"":[0.6593214433643683,0.7868085424872219,0.9142956416100754,1.0,0.8833387781743558,0.7666775563487116,0.6500163345230657]},{""bpm"":148.0,""relative_power"":0.06424460417240721,""peak_concentration"":0.06436348476979305,""prominence"":0.0632990369292192,""period_correlation"":-0.8190076977885484,""split_period_correlation"":-0.8216552721052036,""periodic_support"":0.0,""harmonic2_relative_power"":1.3871949390971292e-05,""harmonic3_relative_power"":1.818074002642979e-08,""harmonic_support"":0.0009559944634589729,""motion_profile"":0.015211873853666586,""motion_strength"":0.05235758405023516,""motion_reliability"":1.0,""motion_overlap"":0.015211873853666586,""motion_available"":true,""evidence_score"":-0.9788289870236856,""supported_bpm"":[145.0,146.0,147.0,148.0,149.0,150.0,151.0],""supported_relative_power"":[0.06017709095563508,0.06207617568787082,0.06397526042010662,0.06424460417240721,0.06138217114811953,0.05851973812383186,0.05565730509954419]}]",False,tracked,True,74.0,4.99995,14.99985,saved_v29_waveform_original_10s_strict_readout_offline,short6,10.0,True,True,original_10s_hr_gates_on_short6_fusion
10.99989,1.0,0.0,74.0,0.7268708944454361,True,candidate_only,74.0,74.0,74.0,1.1024187757525743,,1.0,74.0,0.8457136851585378,0.04425222477664935,1,"[{""bpm"":74.0,""relative_power"":1.0,""peak_concentration"":0.7268708944454361,""prominence"":1.0,""period_correlation"":0.8467568791808607,""split_period_correlation"":0.8425841030915688,""periodic_support"":0.8457136851585378,""harmonic2_relative_power"":0.04230388378148153,""harmonic3_relative_power"":0.003868812794762394,""harmonic_support"":0.2274490030489942,""motion_profile"":0.04425222477664935,""motion_strength"":0.05211630511984346,""motion_reliability"":1.0,""motion_overlap"":0.04425222477664935,""motion_available"":true,""evidence_score"":1.1024187757525743,""supported_bpm"":[71.0,72.0,73.0,74.0,75.0,76.0,77.0],""supported_relative_power"":[0.7619836220042386,0.8552218122639106,0.9484600025235828,1.0,0.8495839067914979,0.6991678135829956,0.5487517203744915]}]",False,tracked,True,74.0,5.99994,15.999839999999999,saved_v29_waveform_original_10s_strict_readout_offline,short6,10.0,True,True,original_10s_hr_gates_on_short6_fusion
11.99988,1.0,0.0,74.0,0.7384198222696617,True,candidate_only,74.0,74.0,74.0,1.0175542409728568,,1.0,74.0,0.8409967179634459,0.04903298463063262,1,"[{""bpm"":74.0,""relative_power"":1.0,""peak_concentration"":0.7384198222696617,""prominence"":1.0,""period_correlation"":0.8376986401550055,""split_period_correlation"":0.8508909513887668,""periodic_support"":0.8409967179634459,""harmonic2_relative_power"":0.017573276302198165,""harmonic3_relative_power"":0.0036636551696478037,""harmonic_support"":0.153749082001357,""motion_profile"":0.04903298463063262,""motion_strength"":0.05189573021209633,""motion_reliability"":1.0,""motion_overlap"":0.04903298463063262,""motion_available"":true,""evidence_score"":1.0175542409728568,""supported_bpm"":[71.0,72.0,73.0,74.0,75.0,76.0,77.0],""supported_relative_power"":[0.8273361329141823,0.8983794611229586,0.9694227893317349,1.0,0.8345884073607039,0.6691768147214078,0.5037652220821094]}]",False,tracked,True,74.0,6.99993,16.99983,saved_v29_waveform_original_10s_strict_readout_offline,short6,10.0,True,True,original_10s_hr_gates_on_short6_fusion
12.99987,1.0,0.0,74.0,0.7373388173187048,True,candidate_only,74.0,74.0,74.0,0.9420182939579749,,1.0,74.0,0.8322092649751387,0.05208809623874449,1,"[{""bpm"":74.0,""relative_power"":1.0,""peak_concentration"":0.7373388173187048,""prominence"":1.0,""period_correlation"":0.8313780253750517,""split_period_correlation"":0.8347029837754,""periodic_support"":0.8322092649751387,""harmonic2_relative_power"":0.005130224712995425,""harmonic3_relative_power"":0.003289066998652866,""harmonic_support"":0.09169822278375275,""motion_profile"":0.05208809623874449,""motion_strength"":0.05208809623874449,""motion_reliability"":1.0,""motion_overlap"":0.05208809623874449,""motion_available"":true,""evidence_score"":0.9420182939579749,""supported_bpm"":[71.0,72.0,73.0,74.0,75.0,76.0,77.0],""supported_relative_power"":[0.8146871297229477,0.8896535778134731,0.9646200259039986,1.0,0.8436515322066718,0.6873030644133435,0.5309545966200132]}]",False,tracked,True,74.0,7.9999199999999995,17.99982,saved_v29_waveform_original_10s_strict_readout_offline,short6,10.0,True,True,original_10s_hr_gates_on_short6_fusion
13.99986,1.0,0.0,74.0,0.7241071543879397,True,candidate_only,75.0,74.0,74.0,0.8562697529536715,,0.878088022071706,74.0,0.7973943375298989,0.04893105200809495,1,"[{""bpm"":74.0,""relative_power"":1.0,""peak_concentration"":0.7241071543879397,""prominence"":1.0,""period_correlation"":0.7941152123399725,""split_period_correlation"":0.8072317130996778,""periodic_support"":0.7973943375298989,""harmonic2_relative_power"":0.0022249154758765717,""harmonic3_relative_power"":0.002683472952036861,""harmonic_support"":0.0652997966809014,""motion_profile"":0.04893105200809495,""motion_strength"":0.05242404726096525,""motion_reliability"":1.0,""motion_overlap"":0.04893105200809495,""motion_available"":true,""evidence_score"":0.8812697529536715,""supported_bpm"":[71.0,72.0,73.0,74.0,75.0,76.0,77.0],""supported_relative_power"":[0.736133388155028,0.8367852040161909,0.9374370198773536,1.0,0.878088022071706,0.756176044143412,0.6342640662151164]}]",False,tracked,True,74.0,8.99991,18.99981,saved_v29_waveform_original_10s_strict_readout_offline,short6,10.0,True,True,original_10s_hr_gates_on_short6_fusion
14.99985,1.0,0.0,74.0,0.6893666599485265,True,candidate_only,76.0,76.0,74.0,0.7412147819315389,1.4749082800546738,0.8953273112181236,74.0,0.7705801703186228,0.04583756595604125,2,"[{""bpm"":74.0,""relative_power"":1.0,""peak_concentration"":0.6893666599485265,""prominence"":1.0,""period_correlation"":0.7697164986124391,""split_period_correlation"":0.7731711854371739,""periodic_support"":0.7705801703186228,""harmonic2_relative_power"":0.0012751714562295716,""harmonic3_relative_power"":0.001877119770479404,""harmonic_support"":0.05087355202610535,""motion_profile"":0.04583756595604125,""motion_strength"":0.0521742616351795,""motion_reliability"":1.0,""motion_overlap"":0.04583756595604125,""motion_available"":true,""evidence_score"":0.8412147819315389,""supported_bpm"":[71.0,72.0,73.0,74.0,75.0,76.0,77.0],""supported_relative_power"":[0.6407670206359609,0.7709216487184006,0.9010762768008405,1.0,0.9476636556090617,0.8953273112181236,0.8429909668271846]},{""bpm"":42.0,""relative_power"":0.05202787801313659,""peak_concentration"":0.02359724084965621,""prominence"":0.03918842127762759,""period_correlation"":0.29714561971299175,""split_period_correlation"":0.2877155502303943,""periodic_support"":0.2947881023423424,""harmonic2_relative_power"":0.18146009448297584,""harmonic3_relative_power"":0.008524594574201417,""harmonic_support"":0.10453566591553305,""motion_profile"":0.02232369653400429,""motion_strength"":0.0521742616351795,""motion_reliability"":1.0,""motion_overlap"":0.02232369653400429,""motion_available"":true,""evidence_score"":-0.6336934981231349,""supported_bpm"":[42.0,43.0],""supported_relative_power"":[0.05202787801313659,0.05086771498192843]}]",False,tracked,True,74.0,9.9999,19.9998,saved_v29_waveform_original_10s_strict_readout_offline,short6,10.0,True,True,original_10s_hr_gates_on_short6_fusion
15.999839999999999,1.0,0.0,79.0,0.6942385890625088,True,candidate_only,77.0,78.0,79.0,0.842906158262151,,0.8824458507088412,79.0,0.7843512591785171,0.05022032540299436,1,"[{""bpm"":79.0,""relative_power"":1.0,""peak_concentration"":0.6942385890625088,""prominence"":1.0,""period_correlation"":0.7835889476349936,""split_period_correlation"":0.7866381938090874,""periodic_support"":0.7843512591785171,""harmonic2_relative_power"":0.01757309611108234,""harmonic3_relative_power"":0.000871367132438341,""harmonic_support"":0.14289517991952508,""motion_profile"":0.05022032540299436,""motion_strength"":0.05190333306480529,""motion_reliability"":1.0,""motion_overlap"":0.05022032540299436,""motion_available"":true,""evidence_score"":0.942906158262151,""supported_bpm"":[76.0,77.0,78.0,79.0,80.0,81.0,82.0],""supported_relative_power"":[0.8236687760632608,0.8824458507088412,0.9412229253544205,1.0,0.8908328134295217,0.762515897713238,0.634198981996956]}]",False,tracked,True,79.0,10.99989,20.99979,saved_v29_waveform_original_10s_strict_readout_offline,short6,10.0,True,True,original_10s_hr_gates_on_short6_fusion
16.99983,1.0,0.0,79.0,0.7166400000214579,True,candidate_only,78.0,79.0,79.0,0.9993164208374298,,0.8740928117418878,79.0,0.8172488532792271,0.0334137399729438,1,"[{""bpm"":79.0,""relative_power"":1.0,""peak_concentration"":0.7166400000214579,""prominence"":1.0,""period_correlation"":0.8186545483977695,""split_period_correlation"":0.8130317679235999,""periodic_support"":0.8172488532792271,""harmonic2_relative_power"":0.025432135009024876,""harmonic3_relative_power"":0.0004759002171133031,""harmonic_support"":0.16710985719645946,""motion_profile"":0.0334137399729438,""motion_strength"":0.05083888292365251,""motion_reliability"":1.0,""motion_overlap"":0.0334137399729438,""motion_available"":true,""evidence_score"":1.0243164208374298,""supported_bpm"":[76.0,77.0,78.0,79.0,80.0,81.0,82.0],""supported_relative_power"":[0.6222784352256618,0.7481856234837757,0.8740928117418878,1.0,0.9328046569299662,0.8435909302276033,0.7543772035252415]}]",False,tracked,True,79.0,11.99988,21.99978,saved_v29_waveform_original_10s_strict_readout_offline,short6,10.0,True,True,original_10s_hr_gates_on_short6_fusion
17.99982,1.0,0.0,79.0,0.6877675872020674,True,candidate_only,79.0,79.0,79.0,1.0985993465332298,2.0261079934645236,1.0,79.0,0.8291937848149129,0.005733608472938878,2,"[{""bpm"":79.0,""relative_power"":1.0,""peak_concentration"":0.6877675872020674,""prominence"":1.0,""period_correlation"":0.8294060956870956,""split_period_correlation"":0.828556852198365,""periodic_support"":0.8291937848149129,""harmonic2_relative_power"":0.03440022428207645,""harmonic3_relative_power"":0.0005462529609481263,""harmonic_support"":0.19365319382799906,""motion_profile"":0.005733608472938878,""motion_strength"":0.050597947385196324,""motion_reliability"":1.0,""motion_overlap"":0.005733608472938878,""motion_available"":true,""evidence_score"":1.0985993465332298,""supported_bpm"":[76.0,77.0,78.0,79.0,80.0,81.0,82.0],""supported_relative_power"":[0.5082538042515814,0.6721692028343891,0.8360846014171945,1.0,0.9815513560427318,0.9423087772686992,0.9030661984946673]},{""bpm"":164.0,""relative_power"":0.0766859089602391,""peak_concentration"":0.05922429219315932,""prominence"":0.07535542837486561,""period_correlation"":-0.8220004841082572,""split_period_correlation"":-0.8327580113041135,""periodic_support"":0.0,""harmonic2_relative_power"":6.9830256965984296e-06,""harmonic3_relative_power"":6.350602514941922e-08,""harmonic_support"":0.0007562033596605546,""motion_profile"":0.02356143517409033,""motion_strength"":0.050597947385196324,""motion_reliability"":1.0,""motion_overlap"":0.02356143517409033,""motion_available"":true,""evidence_score"":-0.9275086469312941,""supported_bpm"":[161.0,162.0,163.0,164.0,165.0,166.0,167.0],""supported_relative_power"":[0.058616912264330995,0.06682848731834116,0.07504006237235111,0.0766859089602391,0.07231470466241735,0.06794350036459562,0.06357229606677388]}]",False,tracked,True,79.0,12.99987,22.999769999999998,saved_v29_waveform_original_10s_strict_readout_offline,short6,10.0,True,True,original_10s_hr_gates_on_short6_fusion
18.99981,1.0,0.0,80.0,0.7117599871433399,True,candidate_only,79.0,79.0,80.0,1.1797324947093397,2.0928280695347987,0.9925715573334156,80.0,0.8637769288792019,0.0019723412880740033,2,"[{""bpm"":80.0,""relative_power"":1.0,""peak_concentration"":0.7117599871433399,""prominence"":1.0,""period_correlation"":0.8652317581482784,""split_period_correlation"":0.8594124410719723,""periodic_support"":0.8637769288792019,""harmonic2_relative_power"":0.060806425363487994,""harmonic3_relative_power"":0.0008920821713838716,""harmonic_support"":0.25704329955231,""motion_profile"":0.0019723412880740033,""motion_strength"":0.05077783325823385,""motion_reliability"":1.0,""motion_overlap"":0.0019723412880740033,""motion_available"":true,""evidence_score"":1.2047324947093396,""supported_bpm"":[77.0,78.0,79.0,80.0,81.0,82.0,83.0],""supported_relative_power"":[0.6302359449740674,0.8114037511537417,0.9925715573334156,1.0,0.9876179309578226,0.9752358619156453,0.9628537928734681]},{""bpm"":164.0,""relative_power"":0.08641006502791469,""peak_concentration"":0.06474038491046068,""prominence"":0.08611308798022496,""period_correlation"":-0.8098389409016732,""split_period_correlation"":-0.8084751679925426,""periodic_support"":0.0,""harmonic2_relative_power"":5.042788000987031e-06,""harmonic3_relative_power"":4.021631826617431e-08,""harmonic_support"":0.0006807443150929752,""motion_profile"":0.025398742670514653,""motion_strength"":0.05077783325823385,""motion_reliability"":1.0,""motion_overlap"":0.025398742670514653,""motion_available"":true,""evidence_score"":-0.8880955748254592,""supported_bpm"":[161.0,162.0,163.0,164.0,165.0,166.0,167.0],""supported_relative_power"":[0.06896054645091886,0.07711466753834995,0.0852687886257808,0.08641006502791469,0.08112453844196611,0.07583901185601752,0.07055348527006894]}]",False,tracked,True,80.0,13.99986,23.99976,saved_v29_waveform_original_10s_strict_readout_offline,short6,10.0,True,True,original_10s_hr_gates_on_short6_fusion
19.9998,1.0,0.0,79.0,0.6760800208812473,True,candidate_only,79.0,79.0,79.0,1.1994766123194847,2.1885066123137893,1.0,79.0,0.8778166716998769,0.008122533058367257,2,"[{""bpm"":79.0,""relative_power"":1.0,""peak_concentration"":0.6760800208812473,""prominence"":1.0,""period_correlation"":0.8756351153198336,""split_period_correlation"":0.8843613408400066,""periodic_support"":0.8778166716998769,""harmonic2_relative_power"":0.053094221500198255,""harmonic3_relative_power"":0.0015120112182053684,""harmonic_support"":0.24403143977257905,""motion_profile"":0.008122533058367257,""motion_strength"":0.04829155992710297,""motion_reliability"":1.0,""motion_overlap"":0.008122533058367257,""motion_available"":true,""evidence_score"":1.1994766123194847,""supported_bpm"":[76.0,77.0,78.0,79.0,80.0,81.0,82.0],""supported_relative_power"":[0.4893659234822234,0.6595772823214838,0.829788641160742,1.0,0.9783887180792206,0.9349049911699104,0.891421264260601]},{""bpm"":163.0,""relative_power"":0.06589801030498126,""peak_concentration"":0.0545638050160097,""prominence"":0.06531341593154665,""period_correlation"":-0.8015200658333815,""split_period_correlation"":-0.8032873072702391,""periodic_support"":0.0,""harmonic2_relative_power"":6.3424005430055375e-06,""harmonic3_relative_power"":1.8932171279273743e-08,""harmonic_support"":0.0006588541909952496,""motion_profile"":0.030249914788603116,""motion_strength"":0.04829155992710297,""motion_reliability"":1.0,""motion_overlap"":0.030249914788603116,""motion_available"":true,""evidence_score"":-0.9890299999943045,""supported_bpm"":[160.0,161.0,162.0,163.0,164.0,165.0,166.0],""supported_relative_power"":[0.05912070977055839,0.06137980994869933,0.06363891012684032,0.06589801030498126,0.06404023559886386,0.058409620484176555,0.05277900536948924]}]",False,tracked,True,79.0,14.99985,24.99975,saved_v29_waveform_original_10s_strict_readout_offline,short6,10.0,True,True,original_10s_hr_gates_on_short6_fusion
20.99979,1.0,0.0,79.0,0.7001309183135485,True,candidate_only,78.0,79.0,79.0,1.1628390322414057,2.2378686796663017,0.8734002766027531,79.0,0.865821102936535,0.014801921142575022,2,"[{""bpm"":79.0,""relative_power"":1.0,""peak_concentration"":0.7001309183135485,""prominence"":1.0,""period_correlation"":0.8663647894621643,""split_period_correlation"":0.8641900433596472,""periodic_support"":0.865821102936535,""harmonic2_relative_power"":0.05853805546413872,""harmonic3_relative_power"":0.0011739102506838342,""harmonic_support"":0.2539382204394356,""motion_profile"":0.014801921142575022,""motion_strength"":0.048645845107238316,""motion_reliability"":1.0,""motion_overlap"":0.014801921142575022,""motion_available"":true,""evidence_score"":1.1878390322414056,""supported_bpm"":[76.0,77.0,78.0,79.0,80.0,81.0,82.0],""supported_relative_power"":[0.6202008298082579,0.7468005532055063,0.8734002766027531,1.0,0.9240959508715139,0.8251015480340514,0.7261071451965904]},{""bpm"":158.0,""relative_power"":0.05853805546413872,""peak_concentration"":0.04140220880093444,""prominence"":0.058284150617636116,""period_correlation"":-0.7784652997512627,""split_period_correlation"":-0.7776786834700434,""periodic_support"":0.0,""harmonic2_relative_power"":3.5891673607293255e-05,""harmonic3_relative_power"":2.3424508266729092e-08,""harmonic_support"":0.00146245311424281,""motion_profile"":0.046531780095027356,""motion_strength"":0.048645845107238316,""motion_reliability"":1.0,""motion_overlap"":0.046531780095027356,""motion_available"":true,""evidence_score"":-1.0500296474248958,""supported_bpm"":[157.0,158.0,159.0,160.0],""supported_relative_power"":[0.05023023133392938,0.05853805546413872,0.05614025278164721,0.05098684005157032]}]",False,tracked,True,79.0,15.999839999999999,25.99974,saved_v29_waveform_original_10s_strict_readout_offline,short6,10.0,True,True,original_10s_hr_gates_on_short6_fusion
21.99978,1.0,0.0,79.0,0.6998184988782321,True,candidate_only,77.0,78.0,79.0,1.0579016032462476,2.2237883981323048,0.8797247155337403,79.0,0.8562835190096714,0.0247675637786859,2,"[{""bpm"":79.0,""relative_power"":1.0,""peak_concentration"":0.6998184988782321,""prominence"":1.0,""period_correlation"":0.8583553249633971,""split_period_correlation"":0.8500681011484943,""periodic_support"":0.8562835190096714,""harmonic2_relative_power"":0.056369972862093456,""harmonic3_relative_power"":0.0007407063425740232,""harmonic_support"":0.24694918705896643,""motion_profile"":0.0247675637786859,""motion_strength"":0.048898510185202686,""motion_reliability"":1.0,""motion_overlap"":0.0247675637786859,""motion_available"":true,""evidence_score"":1.1579016032462477,""supported_bpm"":[76.0,77.0,78.0,79.0,80.0,81.0,82.0],""supported_relative_power"":[0.8195870733006098,0.8797247155337403,0.9398623577668702,1.0,0.8806566607388142,0.7408481257183174,0.6010395906978223]},{""bpm"":158.0,""relative_power"":0.056369972862093456,""peak_concentration"":0.04032235044724443,""prominence"":0.05571941641730942,""period_correlation"":-0.7882466460920383,""split_period_correlation"":-0.7804607641916266,""periodic_support"":0.0,""harmonic2_relative_power"":3.004997651425718e-05,""harmonic3_relative_power"":2.220004133274947e-08,""harmonic_support"":0.0013138867950747018,""motion_profile"":0.04853132101715278,""motion_strength"":0.048898510185202686,""motion_reliability"":1.0,""motion_overlap"":0.04853132101715278,""motion_available"":true,""evidence_score"":-1.0658867948860569,""supported_bpm"":[156.0,157.0,158.0,159.0],""supported_relative_power"":[0.050551562967039804,0.05346076791456663,0.056369972862093456,0.05054832823920672]}]",False,tracked,True,79.0,16.99983,26.99973,saved_v29_waveform_original_10s_strict_readout_offline,short6,10.0,True,True,original_10s_hr_gates_on_short6_fusion
22.999769999999998,1.0,0.0,74.0,0.7088868896296434,True,candidate_only,76.0,76.0,74.0,0.9632150265335312,2.102686673900216,0.956623838796257,74.0,0.8365471058820961,0.028998677307319247,2,"[{""bpm"":74.0,""relative_power"":1.0,""peak_concentration"":0.7088868896296434,""prominence"":1.0,""period_correlation"":0.8353583869383241,""split_period_correlation"":0.8401132627134125,""periodic_support"":0.8365471058820961,""harmonic2_relative_power"":0.026484777191941745,""harmonic3_relative_power"":0.0022278707303655704,""harmonic_support"":0.17926155669737426,""motion_profile"":0.028998677307319247,""motion_strength"":0.049779673777027536,""motion_reliability"":1.0,""motion_overlap"":0.028998677307319247,""motion_available"":true,""evidence_score"":1.0632150265335312,""supported_bpm"":[71.0,72.0,73.0,74.0,75.0,76.0,77.0],""supported_relative_power"":[0.5757988212311459,0.7270655180978302,0.8783322149645146,1.0,0.9783119193981286,0.956623838796257,0.9349357581943853]},{""bpm"":153.0,""relative_power"":0.05890437871818576,""peak_concentration"":0.04238742280096611,""prominence"":0.058202595789574305,""period_correlation"":-0.7996069235576327,""split_period_correlation"":-0.7983006424923603,""periodic_support"":0.0,""harmonic2_relative_power"":1.5675574249076843e-05,""harmonic3_relative_power"":1.3661431688198493e-07,""harmonic_support"":0.0009923133390757873,""motion_profile"":0.039456010698260754,""motion_strength"":0.049779673777027536,""motion_reliability"":1.0,""motion_overlap"":0.039456010698260754,""motion_available"":true,""evidence_score"":-1.0394716473666845,""supported_bpm"":[152.0,153.0,154.0,155.0],""supported_relative_power"":[0.052953933165044084,0.05890437871818576,0.05582680678463121,0.05274923485107673]}]",False,tracked,True,74.0,17.99982,27.99972,saved_v29_waveform_original_10s_strict_readout_offline,short6,10.0,True,True,original_10s_hr_gates_on_short6_fusion
23.99976,1.0,0.0,74.0,0.7357736247694691,True,candidate_only,75.0,75.0,74.0,1.0985293829993918,,0.9285276699372814,74.0,0.8612970374776241,0.04323778134414489,1,"[{""bpm"":74.0,""relative_power"":1.0,""peak_concentration"":0.7357736247694691,""prominence"":1.0,""period_correlation"":0.8626220359589194,""split_period_correlation"":0.8573220420337382,""periodic_support"":0.8612970374776241,""harmonic2_relative_power"":0.043944898966199165,""harmonic3_relative_power"":0.003437135816398912,""harmonic_support"":0.23014986845418609,""motion_profile"":0.04323778134414489,""motion_strength"":0.05027051146940135,""motion_reliability"":1.0,""motion_overlap"":0.04323778134414489,""motion_available"":true,""evidence_score"":1.1235293829993918,""supported_bpm"":[71.0,72.0,73.0,74.0,75.0,76.0,77.0],""supported_relative_power"":[0.5832443138440759,0.7348908170174124,0.886537320190749,1.0,0.9285276699372814,0.8570553398745627,0.7855830098118433]}]",False,tracked,True,74.0,18.99981,28.99971,saved_v29_waveform_original_10s_strict_readout_offline,short6,10.0,True,True,original_10s_hr_gates_on_short6_fusion
24.99975,1.0,0.0,74.0,0.7487345003244067,True,candidate_only,75.0,74.0,74.0,1.1588622972759486,2.2138044423671435,0.9058295753523804,74.0,0.8934780325415898,0.04967914016895489,2,"[{""bpm"":74.0,""relative_power"":1.0,""peak_concentration"":0.7487345003244067,""prominence"":1.0,""period_correlation"":0.894099578583306,""split_period_correlation"":0.8916133944164408,""periodic_support"":0.8934780325415898,""harmonic2_relative_power"":0.05636520324809384,""harmonic3_relative_power"":0.005400913068388617,""harmonic_support"":0.2631353866913934,""motion_profile"":0.04967914016895489,""motion_strength"":0.051844866773908635,""motion_reliability"":1.0,""motion_overlap"":0.04967914016895489,""motion_available"":true,""evidence_score"":1.1838622972759485,""supported_bpm"":[71.0,72.0,73.0,74.0,75.0,76.0,77.0],""supported_relative_power"":[0.5972545386449835,0.7453216014190489,0.8933886641931144,1.0,0.9058295753523804,0.8116591507047608,0.71748872605714]},{""bpm"":147.0,""relative_power"":0.05668820995220713,""peak_concentration"":0.0545483561218666,""prominence"":0.05517731304626642,""period_correlation"":-0.7889586487090615,""split_period_correlation"":-0.7922674369768705,""periodic_support"":0.0,""harmonic2_relative_power"":1.527472444158784e-05,""harmonic3_relative_power"":1.6434772286554002e-07,""harmonic_support"":0.0009643186003815568,""motion_profile"":0.021072243331313165,""motion_strength"":0.051844866773908635,""motion_reliability"":1.0,""motion_overlap"":0.021072243331313165,""motion_available"":true,""evidence_score"":-1.029942145091195,""supported_bpm"":[145.0,146.0,147.0,148.0,149.0],""supported_relative_power"":[0.051722524615195276,0.05420536728370117,0.05668820995220713,0.05636520324809384,0.05065036188316027]}]",False,tracked,True,74.0,19.9998,29.9997,saved_v29_waveform_original_10s_strict_readout_offline,short6,10.0,True,True,original_10s_hr_gates_on_short6_fusion
25.99974,1.0,0.0,74.0,0.7602541281745828,True,candidate_only,75.0,74.0,74.0,1.1420975233816333,2.2189684972158097,0.9005848455767702,74.0,0.8826941647768871,0.051907347159539534,2,"[{""bpm"":74.0,""relative_power"":1.0,""peak_concentration"":0.7602541281745828,""prominence"":1.0,""period_correlation"":0.8825111561720717,""split_period_correlation"":0.8832431905913334,""periodic_support"":0.8826941647768871,""harmonic2_relative_power"":0.054307924812182586,""harmonic3_relative_power"":0.006389726836800511,""harmonic_support"":0.26101812607648184,""motion_profile"":0.051907347159539534,""motion_strength"":0.05291569630976829,""motion_reliability"":1.0,""motion_overlap"":0.051907347159539534,""motion_available"":true,""evidence_score"":1.1670975233816332,""supported_bpm"":[71.0,72.0,73.0,74.0,75.0,76.0,77.0],""supported_relative_power"":[0.6071958680389976,0.7520659705270899,0.8969360730151821,1.0,0.9005848455767702,0.8011696911535404,0.7017545367303093]},{""bpm"":148.0,""relative_power"":0.054307924812182586,""peak_concentration"":0.04571274862550446,""prominence"":0.05359462291981291,""period_correlation"":-0.8166034245753172,""split_period_correlation"":-0.8137836201702244,""periodic_support"":0.0,""harmonic2_relative_power"":1.1311275483987284e-05,""harmonic3_relative_power"":1.2660647727982369e-07,""harmonic_support"":0.0008127897762747489,""motion_profile"":0.026483177928037695,""motion_strength"":0.05291569630976829,""motion_reliability"":1.0,""motion_overlap"":0.026483177928037695,""motion_available"":true,""evidence_score"":-1.0518709738341765,""supported_bpm"":[147.0,148.0],""supported_relative_power"":[0.053121018208064745,0.054307924812182586]}]",False,tracked,True,74.0,20.99979,30.99969,saved_v29_waveform_original_10s_strict_readout_offline,short6,10.0,True,True,original_10s_hr_gates_on_short6_fusion
26.99973,1.0,0.0,74.0,0.7623533997496458,True,candidate_only,75.0,74.0,74.0,1.111859532883957,,0.9115500696737123,74.0,0.8888491581797506,0.053866153689556315,1,"[{""bpm"":74.0,""relative_power"":1.0,""peak_concentration"":0.7623533997496458,""prominence"":1.0,""period_correlation"":0.8892378263330452,""split_period_correlation"":0.8876831537198673,""periodic_support"":0.8888491581797506,""harmonic2_relative_power"":0.040399720743066934,""harmonic3_relative_power"":0.005292077478358777,""harmonic_support"":0.22645815099817634,""motion_profile"":0.053866153689556315,""motion_strength"":0.054509970554610834,""motion_reliability"":1.0,""motion_overlap"":0.053866153689556315,""motion_available"":true,""evidence_score"":1.1368595328839568,""supported_bpm"":[71.0,72.0,73.0,74.0,75.0,76.0,77.0],""supported_relative_power"":[0.595502564379965,0.7438428774318284,0.8921831904836917,1.0,0.9115500696737123,0.8231001393474247,0.7346502090211359]}]",False,tracked,True,74.0,21.99978,31.999679999999998,saved_v29_waveform_original_10s_strict_readout_offline,short6,10.0,True,True,original_10s_hr_gates_on_short6_fusion
27.99972,1.0,0.0,74.0,0.7463007167870955,True,candidate_only,75.0,74.0,74.0,1.0699328714068979,2.15884726597118,0.9353089910742628,74.0,0.8940313479268042,0.054035009765173635,2,"[{""bpm"":74.0,""relative_power"":1.0,""peak_concentration"":0.7463007167870955,""prominence"":1.0,""period_correlation"":0.8929525175667972,""split_period_correlation"":0.8972678390068252,""periodic_support"":0.8940313479268042,""harmonic2_relative_power"":0.025980389215856315,""harmonic3_relative_power"":0.0026032788464486517,""harmonic_support"":0.17904215089387998,""motion_profile"":0.054035009765173635,""motion_strength"":0.05571582549380726,""motion_reliability"":1.0,""motion_overlap"":0.054035009765173635,""motion_available"":true,""evidence_score"":1.0949328714068978,""supported_bpm"":[71.0,72.0,73.0,74.0,75.0,76.0,77.0],""supported_relative_power"":[0.554242883628269,0.7157311127448747,0.8772193418614802,1.0,0.9353089910742628,0.8706179821485256,0.8059269732227876]},{""bpm"":153.0,""relative_power"":0.051659945021875917,""peak_concentration"":0.04230248978591211,""prominence"":0.051419905050034014,""period_correlation"":-0.8181006074072119,""split_period_correlation"":-0.8130308215851166,""periodic_support"":0.0,""harmonic2_relative_power"":1.3159256355224404e-05,""harmonic3_relative_power"":5.562710898520981e-08,""harmonic_support"":0.0008432661601299431,""motion_profile"":0.022145813026914693,""motion_strength"":0.05571582549380726,""motion_reliability"":1.0,""motion_overlap"":0.022145813026914693,""motion_available"":true,""evidence_score"":-1.063914394564282,""supported_bpm"":[153.0],""supported_relative_power"":[0.051659945021875917]}]",False,tracked,True,74.0,22.999769999999998,32.99967,saved_v29_waveform_original_10s_strict_readout_offline,short6,10.0,True,True,original_10s_hr_gates_on_short6_fusion
28.99971,1.0,0.0,74.0,0.7236957766338472,True,candidate_only,75.0,75.0,74.0,1.0318046557833724,2.057020961426717,0.9631972927708529,74.0,0.8815933792382549,0.05168111951146503,2,"[{""bpm"":74.0,""relative_power"":1.0,""peak_concentration"":0.7236957766338472,""prominence"":1.0,""period_correlation"":0.8801355672260138,""split_period_correlation"":0.8859668152749781,""periodic_support"":0.8815933792382549,""harmonic2_relative_power"":0.020488702387722837,""harmonic3_relative_power"":0.0005918218052959,""harmonic_support"":0.15165333801062325,""motion_profile"":0.05168111951146503,""motion_strength"":0.05696142755266299,""motion_reliability"":1.0,""motion_overlap"":0.05168111951146503,""motion_available"":true,""evidence_score"":1.0568046557833723,""supported_bpm"":[71.0,72.0,73.0,74.0,75.0,76.0,77.0],""supported_relative_power"":[0.5177514652355167,0.6904522214057407,0.8631529775759645,1.0,0.9631972927708529,0.9263945855417055,0.8895918783125577]},{""bpm"":153.0,""relative_power"":0.06192805231640988,""peak_concentration"":0.045683451741294775,""prominence"":0.06176291185488716,""period_correlation"":-0.8140626603014048,""split_period_correlation"":-0.8223737541480886,""periodic_support"":0.0,""harmonic2_relative_power"":2.5203938997689437e-05,""harmonic3_relative_power"":7.766131143050072e-08,""harmonic_support"":0.0012736046406669607,""motion_profile"":0.022292964227138265,""motion_strength"":0.05696142755266299,""motion_reliability"":1.0,""motion_overlap"":0.022292964227138265,""motion_available"":true,""evidence_score"":-1.0002163056433446,""supported_bpm"":[152.0,153.0,154.0,155.0,156.0],""supported_relative_power"":[0.05431323174784857,0.06192805231640988,0.058152826994933814,0.05437760167345785,0.05060237635198189]}]",False,tracked,True,74.0,23.99976,33.99966,saved_v29_waveform_original_10s_strict_readout_offline,short6,10.0,True,True,original_10s_hr_gates_on_short6_fusion
29.9997,1.0,0.0,74.0,0.7074444289383878,True,candidate_only,76.0,76.0,74.0,0.9598438008746631,2.022695349129803,0.9800798936766084,74.0,0.8751962590614075,0.04701841342036142,2,"[{""bpm"":74.0,""relative_power"":1.0,""peak_concentration"":0.7074444289383878,""prominence"":1.0,""period_correlation"":0.8709941075372449,""split_period_correlation"":0.8878027136338951,""periodic_support"":0.8751962590614075,""harmonic2_relative_power"":0.022034455869411263,""harmonic3_relative_power"":0.0004544032423538062,""harmonic_support"":0.1559009326825667,""motion_profile"":0.04701841342036142,""motion_strength"":0.058351455740144824,""motion_reliability"":1.0,""motion_overlap"":0.04701841342036142,""motion_available"":true,""evidence_score"":1.0598438008746631,""supported_bpm"":[71.0,72.0,73.0,74.0,75.0,76.0,77.0],""supported_relative_power"":[0.5231484757173513,0.6923175044748546,0.8614865332323579,1.0,0.9900399468383041,0.9800798936766084,0.9701198405149124]},{""bpm"":153.0,""relative_power"":0.06817294867901176,""peak_concentration"":0.04241372566552503,""prominence"":0.06795983993640388,""period_correlation"":-0.8121856475290506,""split_period_correlation"":-0.8031952834477358,""periodic_support"":0.0,""harmonic2_relative_power"":3.9214726302399924e-05,""harmonic3_relative_power"":9.656982832789614e-08,""harmonic_support"":0.0016634469390288046,""motion_profile"":0.019613913024428886,""motion_strength"":0.058351455740144824,""motion_reliability"":1.0,""motion_overlap"":0.019613913024428886,""motion_available"":true,""evidence_score"":-0.9628515482551396,""supported_bpm"":[151.0,152.0,153.0,154.0,155.0],""supported_relative_power"":[0.05037903573858482,0.05982722902830934,0.06817294867901176,0.06159289911210848,0.05501284954520537]}]",False,tracked,True,74.0,24.99975,34.99965,saved_v29_waveform_original_10s_strict_readout_offline,short6,10.0,True,True,original_10s_hr_gates_on_short6_fusion
30.99969,1.0,0.0,79.0,0.7015230424631966,True,candidate_only,77.0,77.0,79.0,0.9480100564609252,1.9995782979118957,0.966652456794469,79.0,0.8778223311108688,0.05996756630262063,3,"[{""bpm"":79.0,""relative_power"":1.0,""peak_concentration"":0.7015230424631966,""prominence"":1.0,""period_correlation"":0.8791093260028183,""split_period_correlation"":0.8739613464350202,""periodic_support"":0.8778223311108688,""harmonic2_relative_power"":0.022908493877372534,""harmonic3_relative_power"":0.00029480189999212995,""harmonic_support"":0.15736495011724497,""motion_profile"":0.05996756630262063,""motion_strength"":0.05996756630262063,""motion_reliability"":1.0,""motion_overlap"":0.05996756630262063,""motion_available"":true,""evidence_score"":1.0480100564609252,""supported_bpm"":[76.0,77.0,78.0,79.0,80.0,81.0,82.0],""supported_relative_power"":[0.9499786851917034,0.966652456794469,0.9833262283972345,1.0,0.8581356792552087,0.698194161315553,0.5382526433758995]},{""bpm"":153.0,""relative_power"":0.07058136142694742,""peak_concentration"":0.03992756737605402,""prominence"":0.0703405305547078,""period_correlation"":-0.8138193489654454,""split_period_correlation"":-0.8120342018737468,""periodic_support"":0.0,""harmonic2_relative_power"":4.988958516635286e-05,""harmonic3_relative_power"":1.1533004705920915e-07,""harmonic_support"":0.0019080839960307538,""motion_profile"":0.0205040922567113,""motion_strength"":0.05996756630262063,""motion_reliability"":1.0,""motion_overlap"":0.0205040922567113,""motion_available"":true,""evidence_score"":-0.9515682414509705,""supported_bpm"":[151.0,152.0,153.0,154.0,155.0],""supported_relative_power"":[0.05277119909550867,0.062333036262479324,0.07058136142694742,0.06104678791703224,0.05151221440711731]},{""bpm"":58.0,""relative_power"":0.05485172744102278,""peak_concentration"":0.03596004071119398,""prominence"":0.023168865729776528,""period_correlation"":-0.32832051030777826,""split_period_correlation"":-0.3199426012556288,""periodic_support"":0.0,""harmonic2_relative_power"":0.009801461851946832,""harmonic3_relative_power"":0.0016742272398786175,""harmonic_support"":0.026540844194556237,""motion_profile"":0.025582777222031738,""motion_strength"":0.05996756630262063,""motion_reliability"":1.0,""motion_overlap"":0.025582777222031738,""motion_available"":true,""evidence_score"":-1.0215301869289923,""supported_bpm"":[58.0,59.0],""supported_relative_power"":[0.05485172744102278,0.05029970377844024]}]",False,tracked,True,79.0,25.99974,35.99964,saved_v29_waveform_original_10s_strict_readout_offline,short6,10.0,True,True,original_10s_hr_gates_on_short6_fusion
31.999679999999998,1.0,0.0,79.0,0.7049204784548981,True,candidate_only,78.0,78.0,79.0,1.0233232295088512,2.0114561411096052,0.9612920451409073,79.0,0.8606697648772144,0.06030309388496293,2,"[{""bpm"":79.0,""relative_power"":1.0,""peak_concentration"":0.7049204784548981,""prominence"":1.0,""period_correlation"":0.8590478936892638,""split_period_correlation"":0.8655353784410658,""periodic_support"":0.8606697648772144,""harmonic2_relative_power"":0.029220179993336738,""harmonic3_relative_power"":0.00029645397026700657,""harmonic_support"":0.17696535550011885,""motion_profile"":0.06030309388496293,""motion_strength"":0.06030309388496293,""motion_reliability"":1.0,""motion_overlap"":0.06030309388496293,""motion_available"":true,""evidence_score"":1.0483232295088512,""supported_bpm"":[76.0,77.0,78.0,79.0,80.0,81.0,82.0],""supported_relative_power"":[0.8838761354227215,0.9225840902818147,0.9612920451409073,1.0,0.8637625920635176,0.7075771591776142,0.5513917262917128]},{""bpm"":153.0,""relative_power"":0.06947819344337643,""peak_concentration"":0.04317114273945847,""prominence"":0.06891850587091168,""period_correlation"":-0.7877508917190049,""split_period_correlation"":-0.7768082767832274,""periodic_support"":0.0,""harmonic2_relative_power"":4.8848136103212526e-05,""harmonic3_relative_power"":1.199687610815416e-07,""harmonic_support"":0.001874202779013947,""motion_profile"":0.025317836569791394,""motion_strength"":0.06030309388496293,""motion_reliability"":1.0,""motion_overlap"":0.025317836569791394,""motion_available"":true,""evidence_score"":-0.9631329116007541,""supported_bpm"":[151.0,152.0,153.0,154.0,155.0],""supported_relative_power"":[0.05201900968270035,0.06134628901630742,0.06947819344337643,0.06142659075336832,0.05337498806336042]}]",False,tracked,True,79.0,26.99973,36.999629999999996,saved_v29_waveform_original_10s_strict_readout_offline,short6,10.0,True,True,original_10s_hr_gates_on_short6_fusion
32.99967,1.0,0.0,79.0,0.715117465697647,True,candidate_only,79.0,79.0,79.0,1.1162789199175842,2.0807113126847883,1.0,79.0,0.8590087154669094,0.05470150344092096,2,"[{""bpm"":79.0,""relative_power"":1.0,""peak_concentration"":0.715117465697647,""prominence"":1.0,""period_correlation"":0.859698129420429,""split_period_correlation"":0.8569404736063504,""periodic_support"":0.8590087154669094,""harmonic2_relative_power"":0.052778488074332386,""harmonic3_relative_power"":0.0008180450557221233,""harmonic_support"":0.239746212205135,""motion_profile"":0.05470150344092096,""motion_strength"":0.06033682974797651,""motion_reliability"":1.0,""motion_overlap"":0.05470150344092096,""motion_available"":true,""evidence_score"":1.1162789199175842,""supported_bpm"":[76.0,77.0,78.0,79.0,80.0,81.0,82.0],""supported_relative_power"":[0.8163772626629399,0.8775848417752937,0.9387924208876468,1.0,0.8671491988998205,0.7121710241541492,0.55719284940848]},{""bpm"":153.0,""relative_power"":0.06927186994892696,""peak_concentration"":0.05201028519264864,""prominence"":0.0676525944232034,""period_correlation"":-0.7824124102266506,""split_period_correlation"":-0.7853130108680887,""periodic_support"":0.0,""harmonic2_relative_power"":3.127922321086439e-05,""harmonic3_relative_power"":9.180160619265879e-08,""harmonic_support"":0.001499906099029506,""motion_profile"":0.025225254866961887,""motion_strength"":0.06033682974797651,""motion_reliability"":1.0,""motion_overlap"":0.025225254866961887,""motion_available"":true,""evidence_score"":-0.9644323927672042,""supported_bpm"":[152.0,153.0,154.0,155.0,156.0],""supported_relative_power"":[0.06005183748633538,0.06927186994892696,0.06597319357400798,0.06267451719908908,0.05937584082417018]}]",False,tracked,True,79.0,27.99972,37.99962,saved_v29_waveform_original_10s_strict_readout_offline,short6,10.0,True,True,original_10s_hr_gates_on_short6_fusion
33.99966,1.0,0.0,79.0,0.7228678904740954,True,candidate_only,79.0,79.0,79.0,1.1718217207960029,2.089150400748643,1.0,79.0,0.8517006330609167,0.04283853486760109,2,"[{""bpm"":79.0,""relative_power"":1.0,""peak_concentration"":0.7228678904740954,""prominence"":1.0,""period_correlation"":0.855054537562866,""split_period_correlation"":0.8416389195550693,""periodic_support"":0.8517006330609167,""harmonic2_relative_power"":0.07494003472438716,""harmonic3_relative_power"":0.001775398498330877,""harmonic_support"":0.2884991930134958,""motion_profile"":0.04283853486760109,""motion_strength"":0.06023013106164012,""motion_reliability"":1.0,""motion_overlap"":0.04283853486760109,""motion_available"":true,""evidence_score"":1.1718217207960029,""supported_bpm"":[76.0,77.0,78.0,79.0,80.0,81.0,82.0],""supported_relative_power"":[0.7346181976109952,0.8230787984073309,0.9115393992036654,1.0,0.8701916036625948,0.7154952346980068,0.5607988657334207]},{""bpm"":158.0,""relative_power"":0.07494003472438716,""peak_concentration"":0.06846855190792556,""prominence"":0.07466827899765498,""period_correlation"":-0.7981921232284811,""split_period_correlation"":-0.803010830863718,""periodic_support"":0.0,""harmonic2_relative_power"":5.021701803800595e-05,""harmonic3_relative_power"":7.329343398054666e-08,""harmonic_support"":0.001965852933875757,""motion_profile"":0.009936860078041334,""motion_strength"":0.06023013106164012,""motion_reliability"":1.0,""motion_overlap"":0.009936860078041334,""motion_available"":true,""evidence_score"":-0.9173286799526402,""supported_bpm"":[155.0,156.0,157.0,158.0,159.0,160.0,161.0],""supported_relative_power"":[0.070902001408879,0.0722480125140484,0.07359402361921778,0.07494003472438716,0.06825260134729035,0.05949737308817977,0.0507421448290692]}]",False,tracked,True,79.0,28.99971,38.99961,saved_v29_waveform_original_10s_strict_readout_offline,short6,10.0,True,True,original_10s_hr_gates_on_short6_fusion
34.99965,1.0,0.0,79.0,0.716012926467325,True,candidate_only,79.0,79.0,79.0,1.2225920111584747,2.091222618007515,1.0,79.0,0.8663679502193911,0.0323496800017931,2,"[{""bpm"":79.0,""relative_power"":1.0,""peak_concentration"":0.716012926467325,""prominence"":1.0,""period_correlation"":0.8663998734026144,""split_period_correlation"":0.8662721806697211,""periodic_support"":0.8663679502193911,""harmonic2_relative_power"":0.08472530654622547,""harmonic3_relative_power"":0.002930906891830105,""harmonic_support"":0.3100243659193859,""motion_profile"":0.0323496800017931,""motion_strength"":0.06001208239455202,""motion_reliability"":1.0,""motion_overlap"":0.0323496800017931,""motion_available"":true,""evidence_score"":1.2225920111584747,""supported_bpm"":[76.0,77.0,78.0,79.0,80.0,81.0,82.0],""supported_relative_power"":[0.6521567766976567,0.7681045177984389,0.8840522588992195,1.0,0.8832577196961034,0.7399831193678943,0.596708519039687]},{""bpm"":158.0,""relative_power"":0.08472530654622547,""peak_concentration"":0.06987240449742599,""prominence"":0.08229328907939396,""period_correlation"":-0.7808456132240515,""split_period_correlation"":-0.7761918533549033,""periodic_support"":0.0,""harmonic2_relative_power"":5.6916433375482346e-05,""harmonic3_relative_power"":1.140988831028384e-07,""harmonic_support"":0.002230377424334271,""motion_profile"":0.005553323276873626,""motion_strength"":0.06001208239455202,""motion_reliability"":1.0,""motion_overlap"":0.005553323276873626,""motion_available"":true,""evidence_score"":-0.8686306068490403,""supported_bpm"":[155.0,156.0,157.0,158.0,159.0,160.0,161.0],""supported_relative_power"":[0.06812278354860941,0.0736569578811481,0.07919113221368677,0.08472530654622547,0.07658211132206733,0.06491838454619678,0.05325465777032621]}]",False,tracked,True,79.0,29.9997,39.9996,saved_v29_waveform_original_10s_strict_readout_offline,short6,10.0,True,True,original_10s_hr_gates_on_short6_fusion
35.99964,1.0,0.0,79.0,0.6989637349209349,True,candidate_only,79.0,79.0,79.0,1.2253904497170334,2.085029666597154,1.0,79.0,0.8573615502019508,0.026703687580519667,2,"[{""bpm"":79.0,""relative_power"":1.0,""peak_concentration"":0.6989637349209349,""prominence"":1.0,""period_correlation"":0.8535574101456205,""split_period_correlation"":0.8687739703709418,""periodic_support"":0.8573615502019508,""harmonic2_relative_power"":0.08613798445778297,""harmonic3_relative_power"":0.004015800622629574,""harmonic_support"":0.315672353970537,""motion_profile"":0.026703687580519667,""motion_strength"":0.06009226517098547,""motion_reliability"":1.0,""motion_overlap"":0.026703687580519667,""motion_available"":true,""evidence_score"":1.2253904497170334,""supported_bpm"":[76.0,77.0,78.0,79.0,80.0,81.0,82.0],""supported_relative_power"":[0.5802342606474145,0.7201561737649442,0.8600780868824721,1.0,0.9130894270334072,0.8003144354881274,0.687539443942849]},{""bpm"":158.0,""relative_power"":0.08613798445778297,""peak_concentration"":0.05810138507381615,""prominence"":0.08040641108787935,""period_correlation"":-0.7615356873218515,""split_period_correlation"":-0.7705170764532561,""periodic_support"":0.0,""harmonic2_relative_power"":4.88662721811335e-05,""harmonic3_relative_power"":1.2719631902239697e-07,""harmonic_support"":0.0020882793244732956,""motion_profile"":0.002876653502162099,""motion_strength"":0.06009226517098547,""motion_reliability"":1.0,""motion_overlap"":0.002876653502162099,""motion_available"":true,""evidence_score"":-0.8596392168801207,""supported_bpm"":[155.0,156.0,157.0,158.0,159.0,160.0,161.0],""supported_relative_power"":[0.05548774643020862,0.06570449243940008,0.07592123844859151,0.08613798445778297,0.07743869936872992,0.06387046019910687,0.05030222102948382]}]",False,tracked,True,79.0,30.99969,40.99959,saved_v29_waveform_original_10s_strict_readout_offline,short6,10.0,True,True,original_10s_hr_gates_on_short6_fusion
36.999629999999996,1.0,0.0,79.0,0.6842474778899889,True,candidate_only,79.0,79.0,79.0,1.221089051292506,2.1014114582628407,1.0,79.0,0.8617301294269519,0.028952058989932868,2,"[{""bpm"":79.0,""relative_power"":1.0,""peak_concentration"":0.6842474778899889,""prominence"":1.0,""period_correlation"":0.8601501973905656,""split_period_correlation"":0.866469925536111,""periodic_support"":0.8617301294269519,""harmonic2_relative_power"":0.08120097639763191,""harmonic3_relative_power"":0.004867307691799492,""harmonic_support"":0.3093759826602747,""motion_profile"":0.028952058989932868,""motion_strength"":0.05988074482744874,""motion_reliability"":1.0,""motion_overlap"":0.028952058989932868,""motion_available"":true,""evidence_score"":1.221089051292506,""supported_bpm"":[76.0,77.0,78.0,79.0,80.0,81.0,82.0],""supported_relative_power"":[0.5280152686812443,0.6853435124541642,0.842671756227082,1.0,0.9472117265219101,0.8704650613412291,0.7937183961605493]},{""bpm"":158.0,""relative_power"":0.08120097639763191,""peak_concentration"":0.05077418279929175,""prominence"":0.07645327564570802,""period_correlation"":-0.7404335447200486,""split_period_correlation"":-0.7356329202751383,""periodic_support"":0.0,""harmonic2_relative_power"":3.115713398182049e-05,""harmonic3_relative_power"":8.518569016740446e-08,""harmonic_support"":0.0016197034501191346,""motion_profile"":0.002521846296445192,""motion_strength"":0.05988074482744874,""motion_reliability"":1.0,""motion_overlap"":0.002521846296445192,""motion_available"":true,""evidence_score"":-0.8803224069703349,""supported_bpm"":[156.0,157.0,158.0,159.0,160.0,161.0],""supported_relative_power"":[0.055259565010380436,0.06823027070400618,0.08120097639763191,0.07595141074873621,0.06601197839146448,0.056072546034192754]}]",False,tracked,True,79.0,31.999679999999998,41.99958,saved_v29_waveform_original_10s_strict_readout_offline,short6,10.0,True,True,original_10s_hr_gates_on_short6_fusion
37.99962,1.0,0.0,79.0,0.6788130028925683,True,candidate_only,79.0,79.0,79.0,1.2028040901207824,2.1070461087562564,1.0,79.0,0.8658816283337911,0.03857344457519552,2,"[{""bpm"":79.0,""relative_power"":1.0,""peak_concentration"":0.6788130028925683,""prominence"":1.0,""period_correlation"":0.8654133912844416,""split_period_correlation"":0.8672863394818395,""periodic_support"":0.8658816283337911,""harmonic2_relative_power"":0.07461713068401636,""harmonic3_relative_power"":0.005262358698458952,""harmonic_support"":0.29855110467260654,""motion_profile"":0.03857344457519552,""motion_strength"":0.05963887836107654,""motion_reliability"":1.0,""motion_overlap"":0.03857344457519552,""motion_available"":true,""evidence_score"":1.2028040901207824,""supported_bpm"":[76.0,77.0,78.0,79.0,80.0,81.0,82.0],""supported_relative_power"":[0.5135266497169634,0.6756844331446438,0.8378422165723219,1.0,0.9670297755474926,0.9118102138886436,0.8565906522297955]},{""bpm"":159.0,""relative_power"":0.07605656186952471,""peak_concentration"":0.058182741179667895,""prominence"":0.07541712845445568,""period_correlation"":-0.755570193960204,""split_period_correlation"":-0.7434272643458719,""periodic_support"":0.0,""harmonic2_relative_power"":1.5863473642934634e-05,""harmonic3_relative_power"":3.560855962272271e-08,""harmonic_support"":0.0011166319649064981,""motion_profile"":0.0029290859749934606,""motion_strength"":0.05963887836107654,""motion_reliability"":1.0,""motion_overlap"":0.0029290859749934606,""motion_available"":true,""evidence_score"":-0.9042420186354742,""supported_bpm"":[157.0,158.0,159.0,160.0,161.0,162.0],""supported_relative_power"":[0.0614351851251963,0.07461713068401636,0.07605656186952471,0.0744734899212021,0.07289041797287948,0.07130734602455684]}]",False,tracked,True,79.0,32.99967,42.99957,saved_v29_waveform_original_10s_strict_readout_offline,short6,10.0,True,True,original_10s_hr_gates_on_short6_fusion
38.99961,1.0,0.0,79.0,0.6873318897075388,True,candidate_only,79.0,79.0,79.0,1.1551229985562923,1.9819057488244258,1.0,79.0,0.836867843511343,0.04387513909777861,2,"[{""bpm"":79.0,""relative_power"":1.0,""peak_concentration"":0.6873318897075388,""prominence"":1.0,""period_correlation"":0.8403328307409534,""split_period_correlation"":0.8264728818225116,""periodic_support"":0.836867843511343,""harmonic2_relative_power"":0.07041109509597532,""harmonic3_relative_power"":0.0047261319592622475,""harmonic_support"":0.2894122945660383,""motion_profile"":0.04387513909777861,""motion_strength"":0.05990054196858436,""motion_reliability"":1.0,""motion_overlap"":0.04387513909777861,""motion_available"":true,""evidence_score"":1.1551229985562923,""supported_bpm"":[76.0,77.0,78.0,79.0,80.0,81.0,82.0],""supported_relative_power"":[0.5201416931805195,0.6800944621203477,0.8400472310601739,1.0,0.9654513041511323,0.9087247122420117,0.8519981203328919]},{""bpm"":163.0,""relative_power"":0.09480124430920753,""peak_concentration"":0.078546586943371,""prominence"":0.0942371919586658,""period_correlation"":-0.7680340054385091,""split_period_correlation"":-0.7781315091870931,""periodic_support"":0.0,""harmonic2_relative_power"":7.256349919456682e-06,""harmonic3_relative_power"":3.609003516451369e-08,""harmonic_support"":0.0008498764017835724,""motion_profile"":0.002433732964764099,""motion_strength"":0.05990054196858436,""motion_reliability"":1.0,""motion_overlap"":0.002433732964764099,""motion_available"":true,""evidence_score"":-0.8267827502681336,""supported_bpm"":[160.0,161.0,162.0,163.0,164.0,165.0,166.0],""supported_relative_power"":[0.08112246258448819,0.08568205649272793,0.0902416504009678,0.09480124430920753,0.0926229497786861,0.08426983126519733,0.07591671275170857]}]",False,tracked,True,79.0,33.99966,43.99956,saved_v29_waveform_original_10s_strict_readout_offline,short6,10.0,True,True,original_10s_hr_gates_on_short6_fusion
39.9996,1.0,0.0,79.0,0.7031762733223842,True,candidate_only,79.0,79.0,79.0,1.146226349202167,1.9927931264201524,1.0,79.0,0.8394182407404119,0.046042732059003354,2,"[{""bpm"":79.0,""relative_power"":1.0,""peak_concentration"":0.7031762733223842,""prominence"":1.0,""period_correlation"":0.8403825562583602,""split_period_correlation"":0.8365252941865671,""periodic_support"":0.8394182407404119,""harmonic2_relative_power"":0.06760545837058987,""harmonic3_relative_power"":0.003400290279268896,""harmonic_support"":0.28041969946146783,""motion_profile"":0.046042732059003354,""motion_strength"":0.06113865621367666,""motion_reliability"":1.0,""motion_overlap"":0.046042732059003354,""motion_available"":true,""evidence_score"":1.146226349202167,""supported_bpm"":[76.0,77.0,78.0,79.0,80.0,81.0,82.0],""supported_relative_power"":[0.5372286764987838,0.691485784332524,0.845742892166262,1.0,0.9438981808611245,0.8638103294174877,0.7837224779738519]},{""bpm"":163.0,""relative_power"":0.09066699003040112,""peak_concentration"":0.07838359959929103,""prominence"":0.08933044311973555,""period_correlation"":-0.7691658908321686,""split_period_correlation"":-0.7712068159859893,""periodic_support"":0.0,""harmonic2_relative_power"":1.3285574200010495e-05,""harmonic3_relative_power"":3.113842536939303e-08,""harmonic_support"":0.0011161227822430572,""motion_profile"":0.005988978242509922,""motion_strength"":0.06113865621367666,""motion_reliability"":1.0,""motion_overlap"":0.005988978242509922,""motion_available"":true,""evidence_score"":-0.8465667772179856,""supported_bpm"":[160.0,161.0,162.0,163.0,164.0,165.0,166.0],""supported_relative_power"":[0.07772316393437947,0.08203777263305331,0.08635238133172728,0.09066699003040112,0.08795940582741472,0.07881645162145354,0.06967349741549235]}]",False,tracked,True,79.0,34.99965,44.99955,saved_v29_waveform_original_10s_strict_readout_offline,short6,10.0,True,True,original_10s_hr_gates_on_short6_fusion
40.99959,1.0,0.0,79.0,0.7065156636593969,True,candidate_only,78.0,79.0,79.0,1.1433179669218887,2.114332260284384,0.8700229894010424,79.0,0.8521327904286957,0.0342819220200902,2,"[{""bpm"":79.0,""relative_power"":1.0,""peak_concentration"":0.7065156636593969,""prominence"":1.0,""period_correlation"":0.8526843133064538,""split_period_correlation"":0.8504782217954213,""periodic_support"":0.8521327904286957,""harmonic2_relative_power"":0.06659084509398838,""harmonic3_relative_power"":0.0020307331548813307,""harmonic_support"":0.2738242999754359,""motion_profile"":0.0342819220200902,""motion_strength"":0.06074160454657172,""motion_reliability"":1.0,""motion_overlap"":0.0342819220200902,""motion_available"":true,""evidence_score"":1.1683179669218886,""supported_bpm"":[76.0,77.0,78.0,79.0,80.0,81.0,82.0],""supported_relative_power"":[0.6100689682031256,0.740045978802085,0.8700229894010424,1.0,0.9122185020410423,0.7996072395644753,0.6869959770879102]},{""bpm"":159.0,""relative_power"":0.06808374227258582,""peak_concentration"":0.0586811049882734,""prominence"":0.06632646195222633,""period_correlation"":-0.7775572815856422,""split_period_correlation"":-0.7785263219775949,""periodic_support"":0.0,""harmonic2_relative_power"":2.56539696105752e-05,""harmonic3_relative_power"":8.621144863649908e-09,""harmonic_support"":0.001330076396733679,""motion_profile"":0.005510784113967693,""motion_strength"":0.06074160454657172,""motion_reliability"":1.0,""motion_overlap"":0.005510784113967693,""motion_available"":true,""evidence_score"":-0.9460142933624953,""supported_bpm"":[157.0,158.0,159.0,160.0,161.0,162.0],""supported_relative_power"":[0.05551912424126331,0.06659084509398838,0.06808374227258582,0.06711106660596136,0.06613839093933692,0.06516571527271244]}]",False,tracked,True,79.0,35.99964,45.999539999999996,saved_v29_waveform_original_10s_strict_readout_offline,short6,10.0,True,True,original_10s_hr_gates_on_short6_fusion
41.99958,1.0,0.0,79.0,0.6828069855994237,True,candidate_only,77.0,78.0,79.0,1.060298964637486,2.191804893279807,0.8563473207687149,79.0,0.8617018667037001,0.02242982704808474,2,"[{""bpm"":79.0,""relative_power"":1.0,""peak_concentration"":0.6828069855994237,""prominence"":1.0,""period_correlation"":0.8609459082312432,""split_period_correlation"":0.8639697421210709,""periodic_support"":0.8617018667037001,""harmonic2_relative_power"":0.05306380689285581,""harmonic3_relative_power"":0.0008341151939031149,""harmonic_support"":0.24046419507352199,""motion_profile"":0.02242982704808474,""motion_strength"":0.061861721664695224,""motion_reliability"":1.0,""motion_overlap"":0.02242982704808474,""motion_available"":true,""evidence_score"":1.1602989646374862,""supported_bpm"":[76.0,77.0,78.0,79.0,80.0,81.0,82.0],""supported_relative_power"":[0.7845209811530713,0.8563473207687149,0.9281736603843576,1.0,0.8770992129313675,0.731994798859681,0.5868903847879964]},{""bpm"":158.0,""relative_power"":0.05306380689285581,""peak_concentration"":0.04084459370848008,""prominence"":0.051159916292846885,""period_correlation"":-0.7611183569732461,""split_period_correlation"":-0.7622509130517096,""periodic_support"":0.0,""harmonic2_relative_power"":2.5327247790582842e-05,""harmonic3_relative_power"":6.5484526949356914e-09,""harmonic_support"":0.0011658173082266536,""motion_profile"":0.003984544707850884,""motion_strength"":0.061861721664695224,""motion_reliability"":1.0,""motion_overlap"":0.003984544707850884,""motion_available"":true,""evidence_score"":-1.031505928642321,""supported_bpm"":[158.0,159.0],""supported_relative_power"":[0.05306380689285581,0.05151126975953728]}]",False,tracked,True,79.0,36.999629999999996,46.99953,saved_v29_waveform_original_10s_strict_readout_offline,short6,10.0,True,True,original_10s_hr_gates_on_short6_fusion
42.99957,1.0,0.0,74.0,0.700025545485915,True,candidate_only,76.0,76.0,74.0,0.9671214758355654,2.114161418106792,0.958965071695929,74.0,0.8456905476434631,0.030462692333406077,2,"[{""bpm"":74.0,""relative_power"":1.0,""peak_concentration"":0.700025545485915,""prominence"":1.0,""period_correlation"":0.8504630887717394,""split_period_correlation"":0.8313729242586341,""periodic_support"":0.8456905476434631,""harmonic2_relative_power"":0.026739638006033864,""harmonic3_relative_power"":0.001064185025599323,""harmonic_support"":0.17494023884451357,""motion_profile"":0.030462692333406077,""motion_strength"":0.06193842823775578,""motion_reliability"":1.0,""motion_overlap"":0.030462692333406077,""motion_available"":true,""evidence_score"":1.0671214758355654,""supported_bpm"":[71.0,72.0,73.0,74.0,75.0,76.0,77.0],""supported_relative_power"":[0.594063266875447,0.7388026843334746,0.8835421017915024,1.0,0.9794825358479645,0.958965071695929,0.9384476075438932]},{""bpm"":153.0,""relative_power"":0.050063468678382954,""peak_concentration"":0.032498238268601494,""prominence"":0.047856840432803194,""period_correlation"":-0.7620465024797155,""split_period_correlation"":-0.7608533501755719,""periodic_support"":0.0,""harmonic2_relative_power"":4.431755016599815e-05,""harmonic3_relative_power"":2.3270705993092993e-09,""harmonic_support"":0.0014933046167133206,""motion_profile"":0.0003767601216015791,""motion_strength"":0.06193842823775578,""motion_reliability"":1.0,""motion_overlap"":0.0003767601216015791,""motion_available"":true,""evidence_score"":-1.0470399422712267,""supported_bpm"":[153.0],""supported_relative_power"":[0.050063468678382954]}]",False,tracked,True,74.0,37.99962,47.99952,saved_v29_waveform_original_10s_strict_readout_offline,short6,10.0,True,True,original_10s_hr_gates_on_short6_fusion
43.99956,1.0,0.0,74.0,0.7448141022544167,True,candidate_only,75.0,75.0,74.0,1.117668779881328,2.181051585965749,0.9189983013002434,74.0,0.8629245261403891,0.029752336868074068,2,"[{""bpm"":74.0,""relative_power"":1.0,""peak_concentration"":0.7448141022544167,""prominence"":1.0,""period_correlation"":0.8675514981557748,""split_period_correlation"":0.8490436100942318,""periodic_support"":0.8629245261403891,""harmonic2_relative_power"":0.047931465805530864,""harmonic3_relative_power"":0.0011193158394200086,""harmonic_support"":0.23064222221199263,""motion_profile"":0.029752336868074068,""motion_strength"":0.06327704057101617,""motion_reliability"":1.0,""motion_overlap"":0.029752336868074068,""motion_available"":true,""evidence_score"":1.142668779881328,""supported_bpm"":[71.0,72.0,73.0,74.0,75.0,76.0,77.0],""supported_relative_power"":[0.6183400246147815,0.7581567281314049,0.8979734316480285,1.0,0.9189983013002434,0.8379966026004866,0.7569949039007288]},{""bpm"":153.0,""relative_power"":0.051412379215047335,""peak_concentration"":0.0404382219124393,""prominence"":0.05108129779276258,""period_correlation"":-0.7874113589357552,""split_period_correlation"":-0.7917391717168843,""periodic_support"":0.0,""harmonic2_relative_power"":2.8815366098746947e-05,""harmonic3_relative_power"":5.100303077545379e-10,""harmonic_support"":0.0012189473519214984,""motion_profile"":0.0006760402166040237,""motion_strength"":0.06327704057101617,""motion_reliability"":1.0,""motion_overlap"":0.0006760402166040237,""motion_available"":true,""evidence_score"":-1.0383828060844211,""supported_bpm"":[151.0,152.0,153.0],""supported_relative_power"":[0.050436767224643214,0.05127186769768066,0.051412379215047335]}]",False,tracked,True,74.0,38.99961,48.99951,saved_v29_waveform_original_10s_strict_readout_offline,short6,10.0,True,True,original_10s_hr_gates_on_short6_fusion
44.99955,1.0,0.0,74.0,0.7475860174089531,True,candidate_only,75.0,74.0,74.0,1.1704518009704976,2.1380512157505267,0.8969534668054683,74.0,0.875985609929032,0.03415657860431825,2,"[{""bpm"":74.0,""relative_power"":1.0,""peak_concentration"":0.7475860174089531,""prominence"":1.0,""period_correlation"":0.8797844314997206,""split_period_correlation"":0.8645891452169663,""periodic_support"":0.875985609929032,""harmonic2_relative_power"":0.0678516461014208,""harmonic3_relative_power"":0.001618307621965618,""harmonic_support"":0.2745633533039601,""motion_profile"":0.03415657860431825,""motion_strength"":0.06438987267639863,""motion_reliability"":1.0,""motion_overlap"":0.03415657860431825,""motion_available"":true,""evidence_score"":1.1954518009704975,""supported_bpm"":[71.0,72.0,73.0,74.0,75.0,76.0,77.0],""supported_relative_power"":[0.6418507374451567,0.7746900686611747,0.9075293998771927,1.0,0.8969534668054683,0.7939069336109364,0.6908604004164033]},{""bpm"":148.0,""relative_power"":0.0678516461014208,""peak_concentration"":0.06377268212789405,""prominence"":0.066851938618229,""period_correlation"":-0.7971330390149052,""split_period_correlation"":-0.80076290171999,""periodic_support"":0.0,""harmonic2_relative_power"":3.3798918746078196e-05,""harmonic3_relative_power"":4.476906578811139e-08,""harmonic_support"":0.0015336588287900052,""motion_profile"":0.0019856018976431127,""motion_strength"":0.06438987267639863,""motion_reliability"":1.0,""motion_overlap"":0.0019856018976431127,""motion_available"":true,""evidence_score"":-0.9425994147800293,""supported_bpm"":[145.0,146.0,147.0,148.0,149.0,150.0,151.0],""supported_relative_power"":[0.05491713219080616,0.06021975323452337,0.0655223742782407,0.0678516461014208,0.06446720872037173,0.06108277133932265,0.057698333958273576]}]",False,tracked,True,74.0,39.9996,49.9995,saved_v29_waveform_original_10s_strict_readout_offline,short6,10.0,True,True,original_10s_hr_gates_on_short6_fusion
45.999539999999996,1.0,0.0,74.0,0.7446392307131688,True,candidate_only,75.0,74.0,74.0,1.218860353009122,2.1524397638107526,0.8945270694286132,74.0,0.8961494584550742,0.025970413544365085,2,"[{""bpm"":74.0,""relative_power"":1.0,""peak_concentration"":0.7446392307131688,""prominence"":1.0,""period_correlation"":0.8970923880090071,""split_period_correlation"":0.8933206697932754,""periodic_support"":0.8961494584550742,""harmonic2_relative_power"":0.07482198971072015,""harmonic3_relative_power"":0.0023655385357294846,""harmonic_support"":0.2905589656389964,""motion_profile"":0.025970413544365085,""motion_strength"":0.06468489090853301,""motion_reliability"":1.0,""motion_overlap"":0.025970413544365085,""motion_available"":true,""evidence_score"":1.243860353009122,""supported_bpm"":[71.0,72.0,73.0,74.0,75.0,76.0,77.0],""supported_relative_power"":[0.6529532135337174,0.78201462078149,0.9110760280292624,1.0,0.8945270694286132,0.7890541388572263,0.683581208285838]},{""bpm"":148.0,""relative_power"":0.07482198971072015,""peak_concentration"":0.06593679747688587,""prominence"":0.07399225571127332,""period_correlation"":-0.8119924769612685,""split_period_correlation"":-0.8200842047059613,""periodic_support"":0.0,""harmonic2_relative_power"":2.92980235781526e-05,""harmonic3_relative_power"":3.17935584483408e-08,""harmonic_support"":0.0014976572474944014,""motion_profile"":0.0021214864469478053,""motion_strength"":0.06468489090853301,""motion_reliability"":1.0,""motion_overlap"":0.0021214864469478053,""motion_available"":true,""evidence_score"":-0.9085794108016305,""supported_bpm"":[145.0,146.0,147.0,148.0,149.0,150.0,151.0],""supported_relative_power"":[0.055914210895160604,0.0635913594785665,0.0712685080619726,0.07482198971072015,0.07045126469144744,0.06608053967217474,0.06170981465290202]}]",False,tracked,True,74.0,40.99959,50.99949,saved_v29_waveform_original_10s_strict_readout_offline,short6,10.0,True,True,original_10s_hr_gates_on_short6_fusion
46.99953,1.0,0.0,74.0,0.7498930778207609,True,candidate_only,75.0,75.0,74.0,1.1531020779506942,2.1257987675038548,0.9072978877251899,74.0,0.8447932927227979,0.022986641918869132,2,"[{""bpm"":74.0,""relative_power"":1.0,""peak_concentration"":0.7498930778207609,""prominence"":1.0,""period_correlation"":0.8492697856209465,""split_period_correlation"":0.8313638140283524,""periodic_support"":0.8447932927227979,""harmonic2_relative_power"":0.06693578061547935,""harmonic3_relative_power"":0.0028985168758195426,""harmonic_support"":0.2775627583542029,""motion_profile"":0.022986641918869132,""motion_strength"":0.06657995019447084,""motion_reliability"":1.0,""motion_overlap"":0.022986641918869132,""motion_available"":true,""evidence_score"":1.178102077950694,""supported_bpm"":[71.0,72.0,73.0,74.0,75.0,76.0,77.0],""supported_relative_power"":[0.6364659376241096,0.7705829868756272,0.9047000361271446,1.0,0.9072978877251899,0.8145957754503798,0.7218936631755685]},{""bpm"":148.0,""relative_power"":0.06693578061547935,""peak_concentration"":0.05761022562809271,""prominence"":0.06670000543354336,""period_correlation"":-0.8208194795166979,""split_period_correlation"":-0.827507119697041,""periodic_support"":0.0,""harmonic2_relative_power"":2.8607929617375475e-05,""harmonic3_relative_power"":2.6203996419108838e-08,""harmonic_support"":0.001398455198070072,""motion_profile"":0.002150062895156834,""motion_strength"":0.06657995019447084,""motion_reliability"":1.0,""motion_overlap"":0.002150062895156834,""motion_available"":true,""evidence_score"":-0.9476966895531604,""supported_bpm"":[146.0,147.0,148.0,149.0,150.0,151.0],""supported_relative_power"":[0.05274102300222956,0.061747932020115984,0.06693578061547935,0.06478476684749937,0.06263375307951939,0.06048273931153941]}]",False,tracked,True,74.0,41.99958,51.99948,saved_v29_waveform_original_10s_strict_readout_offline,short6,10.0,True,True,original_10s_hr_gates_on_short6_fusion
47.99952,1.0,0.0,74.0,0.7271345544998097,True,candidate_only,76.0,76.0,74.0,0.9642346558035159,2.0799504474973833,0.9042033579323618,74.0,0.7761064080293838,0.03559795107920473,2,"[{""bpm"":74.0,""relative_power"":1.0,""peak_concentration"":0.7271345544998097,""prominence"":1.0,""period_correlation"":0.7838984970643667,""split_period_correlation"":0.7527301409244351,""periodic_support"":0.7761064080293838,""harmonic2_relative_power"":0.055121692242122496,""harmonic3_relative_power"":0.003342475924264969,""harmonic_support"":0.25501504582019946,""motion_profile"":0.03559795107920473,""motion_strength"":0.06693682555260368,""motion_reliability"":1.0,""motion_overlap"":0.03559795107920473,""motion_available"":true,""evidence_score"":1.0642346558035158,""supported_bpm"":[71.0,72.0,73.0,74.0,75.0,76.0,77.0],""supported_relative_power"":[0.6132055575864669,0.7528346464655394,0.8924637353446121,1.0,0.952101678966181,0.9042033579323618,0.8563050368985422]},{""bpm"":152.0,""relative_power"":0.056271267852921816,""peak_concentration"":0.04455775969402433,""prominence"":0.05595833119305751,""period_correlation"":-0.8072195790692553,""split_period_correlation"":-0.8043800087244241,""periodic_support"":0.0,""harmonic2_relative_power"":9.741782785980091e-06,""harmonic3_relative_power"":8.983882683917986e-09,""harmonic_support"":0.0007482628879980032,""motion_profile"":0.007451303691027677,""motion_strength"":0.06693682555260368,""motion_reliability"":1.0,""motion_overlap"":0.007451303691027677,""motion_available"":true,""evidence_score"":-1.0157157916938677,""supported_bpm"":[149.0,150.0,151.0,152.0,153.0],""supported_relative_power"":[0.055409086144822324,0.05569648004752215,0.05598387395022198,0.056271267852921816,0.05590684262172488]}]",False,tracked,True,74.0,42.99957,52.99947,saved_v29_waveform_original_10s_strict_readout_offline,short6,10.0,True,True,original_10s_hr_gates_on_short6_fusion
48.99951,1.0,0.0,79.0,0.6531947696898405,True,candidate_only,78.0,78.0,79.0,0.9083937140575127,,0.9543380682769095,79.0,0.8179648832041839,0.06642713038509072,1,"[{""bpm"":79.0,""relative_power"":1.0,""peak_concentration"":0.6531947696898405,""prominence"":1.0,""period_correlation"":0.8202018211573086,""split_period_correlation"":0.8112540693448098,""periodic_support"":0.8179648832041839,""harmonic2_relative_power"":0.011315843943677498,""harmonic3_relative_power"":0.0008644103753839616,""harmonic_support"":0.11666625551427381,""motion_profile"":0.06642713038509072,""motion_strength"":0.06642713038509072,""motion_reliability"":1.0,""motion_overlap"":0.06642713038509072,""motion_available"":true,""evidence_score"":0.9333937140575127,""supported_bpm"":[76.0,77.0,78.0,79.0,80.0,81.0,82.0],""supported_relative_power"":[0.863014204830728,0.908676136553819,0.9543380682769095,1.0,0.8826193725737421,0.7466479292164039,0.6106764858590674]}]",False,tracked,True,79.0,43.99956,53.99946,saved_v29_waveform_original_10s_strict_readout_offline,short6,10.0,True,True,original_10s_hr_gates_on_short6_fusion
49.9995,1.0,0.0,79.0,0.6098032822375102,True,candidate_only,80.0,79.0,79.0,0.9040449882056897,,0.9634964345164647,79.0,0.822856776367376,0.06448554714800406,1,"[{""bpm"":79.0,""relative_power"":1.0,""peak_concentration"":0.6098032822375102,""prominence"":1.0,""period_correlation"":0.8264609562792621,""split_period_correlation"":0.8120442366317174,""periodic_support"":0.822856776367376,""harmonic2_relative_power"":0.009316106354403966,""harmonic3_relative_power"":0.0005210770284178505,""harmonic_support"":0.10450946813658117,""motion_profile"":0.06448554714800406,""motion_strength"":0.06477538905211405,""motion_reliability"":1.0,""motion_overlap"":0.06448554714800406,""motion_available"":true,""evidence_score"":0.9290449882056897,""supported_bpm"":[76.0,77.0,78.0,79.0,80.0,81.0,82.0],""supported_relative_power"":[0.6232143775017174,0.7488095850011459,0.874404792500573,1.0,0.9634964345164647,0.9085096676718686,0.8535229008272731]}]",False,tracked,True,79.0,44.99955,54.999449999999996,saved_v29_waveform_original_10s_strict_readout_offline,short6,10.0,True,True,original_10s_hr_gates_on_short6_fusion
50.99949,1.0,0.0,84.0,0.6618806820384044,True,candidate_only,82.0,80.0,84.0,0.8721407064680414,1.1781199173832093,0.9120979639422884,84.0,0.7656948442426286,0.052721436509023396,2,"[{""bpm"":84.0,""relative_power"":1.0,""peak_concentration"":0.6618806820384044,""prominence"":1.0,""period_correlation"":0.765544174562412,""split_period_correlation"":0.7661468532832783,""periodic_support"":0.7656948442426286,""harmonic2_relative_power"":0.033527614811794136,""harmonic3_relative_power"":0.0013109983426921083,""harmonic_support"":0.1957781734374292,""motion_profile"":0.052721436509023396,""motion_strength"":0.06401932335206886,""motion_reliability"":1.0,""motion_overlap"":0.052721436509023396,""motion_available"":true,""evidence_score"":0.9721407064680414,""supported_bpm"":[81.0,82.0,83.0,84.0,85.0,86.0,87.0],""supported_relative_power"":[0.8681469459134327,0.9120979639422884,0.9560489819711441,1.0,0.9376555339999817,0.8113038666582801,0.6849521993165786]},{""bpm"":69.0,""relative_power"":0.12050154411129319,""peak_concentration"":0.08034782049263053,""prominence"":0.05538692463324066,""period_correlation"":0.4763618391905816,""split_period_correlation"":0.5532129358775456,""periodic_support"":0.49557461336232256,""harmonic2_relative_power"":0.010436454992586074,""harmonic3_relative_power"":0.001985160614484291,""harmonic_support"":0.04087608347723507,""motion_profile"":0.04108393593182708,""motion_strength"":0.06401932335206886,""motion_reliability"":1.0,""motion_overlap"":0.04108393593182708,""motion_available"":true,""evidence_score"":-0.20597921091516783,""supported_bpm"":[66.0,67.0,68.0,69.0,70.0,71.0,72.0],""supported_relative_power"":[0.07910551806010767,0.09771440797248178,0.1163232978848559,0.12050154411129319,0.10665481295298289,0.09280808179467277,0.07896135063636264]}]",False,tracked,True,84.0,45.999539999999996,55.99944,saved_v29_waveform_original_10s_strict_readout_offline,short6,10.0,True,True,original_10s_hr_gates_on_short6_fusion
51.99948,1.0,0.0,84.0,0.6823306873675906,True,candidate_only,83.0,81.0,84.0,1.0191590855825616,1.4593686615084627,0.9381721820414862,84.0,0.8153513080285943,0.03928674770128669,2,"[{""bpm"":84.0,""relative_power"":1.0,""peak_concentration"":0.6823306873675906,""prominence"":1.0,""period_correlation"":0.81668992534054,""split_period_correlation"":0.8113354560927577,""periodic_support"":0.8153513080285943,""harmonic2_relative_power"":0.03326680375665636,""harmonic3_relative_power"":0.0015975290221814605,""harmonic_support"":0.19638108137771618,""motion_profile"":0.03928674770128669,""motion_strength"":0.06318466992919755,""motion_reliability"":1.0,""motion_overlap"":0.03928674770128669,""motion_available"":true,""evidence_score"":1.0441590855825615,""supported_bpm"":[81.0,82.0,83.0,84.0,85.0,86.0,87.0],""supported_relative_power"":[0.8145165461244582,0.8763443640829722,0.9381721820414862,1.0,0.9405174877641209,0.8079863902518492,0.6754552927395776]},{""bpm"":69.0,""relative_power"":0.07668114893842741,""peak_concentration"":0.052127234049273455,""prominence"":0.05482286632105072,""period_correlation"":0.4147349247892649,""split_period_correlation"":0.48424669301164247,""periodic_support"":0.4321128668448593,""harmonic2_relative_power"":0.01108797775702162,""harmonic3_relative_power"":0.0009574316393789453,""harmonic_support"":0.03215778520946397,""motion_profile"":0.019085386068342237,""motion_strength"":0.06318466992919755,""motion_reliability"":1.0,""motion_overlap"":0.019085386068342237,""motion_available"":true,""evidence_score"":-0.4152095759259012,""supported_bpm"":[66.0,67.0,68.0,69.0,70.0],""supported_relative_power"":[0.05060701666293661,0.0631954186334614,0.0757838206039862,0.07668114893842741,0.0629754323581646]}]",False,tracked,True,84.0,46.99953,56.99943,saved_v29_waveform_original_10s_strict_readout_offline,short6,10.0,True,True,original_10s_hr_gates_on_short6_fusion
52.99947,0.9,0.0,,,False,gap_or_filter_edge,,,,,,,,,,0,[],False,unavailable,False,,47.99952,57.99942,saved_v29_waveform_original_10s_strict_readout_offline,short6,10.0,False,False,rejected
53.99946,0.8,0.0,,,False,gap_or_filter_edge,,,,,,,,,,0,[],False,unavailable,False,,48.99951,58.99941,saved_v29_waveform_original_10s_strict_readout_offline,short6,10.0,False,False,rejected
