time_s,base
0.0,
0.0333332999999999,
0.0666665999999999,
0.0999998999999999,
0.1333331999999999,
0.1666665,
0.1999997999999999,
0.2333331,
0.2666663999999999,
0.2999997,
0.333333,
0.3666663,
0.3999995999999999,
0.4333328999999999,
0.4666662,
0.4999995,
0.5333327999999999,
0.5666661,
0.5999994,
0.6333327,
0.666666,
0.6999993,
0.7333326,
0.7666659,
0.7999991999999999,
0.8333324999999999,
0.8666657999999999,
0.8999990999999999,
0.9333324,
0.9666657,
0.999999,
1.0333323,
1.0666656,
1.0999989,
1.1333322,
1.1666655,
1.1999988,
1.2333321,
1.2666654,
1.2999987,
1.333332,
1.3666653,
1.3999986,
1.4333319,
1.4666652,
1.4999985,
1.5333318,
1.5666650999999998,
1.5999983999999998,
1.6333316999999998,
1.6666649999999998,
1.6999983,
1.7333316,
1.7666649,
1.7999982,
1.8333315,
1.8666648,
1.8999981,
1.9333314,
1.9666647,
1.999998,
2.0333313,
2.0666646,
2.0999979,
2.1333312,
2.1666645,
2.1999978,
2.2333311,
2.2666644,
2.2999977,
2.333331,
2.3666643,
2.3999976,
2.4333309,
2.4666642,
2.4999975,
2.5333308,
2.5666641,
2.5999974,
2.6333307,
2.666664,
2.6999973,
2.7333306,
2.7666639,
2.7999972,
2.8333305,
2.8666638,
2.8999971,
2.9333304,
2.9666637,
2.999997,
3.0333303,
3.0666636,
3.0999969,
3.1333302,
3.1666635,
3.1999968,
3.2333301,
3.2666634,
3.2999967,
3.33333,
3.3666633,
3.3999966,
3.4333299,
3.4666632,
3.4999965,
3.5333298,
3.5666631,
3.5999964,
3.6333297,
3.666663,
3.6999963,
3.7333296,
3.7666629,
3.7999962,
3.8333295,
3.8666628,
3.8999961,
3.9333294,
3.9666627,
3.999996,
4.0333293,
4.0666626,
4.0999959,
4.1333292,
4.1666625,
4.1999958,
4.2333291,
4.2666624,
4.2999957,
4.333329,
4.3666623,
4.3999956,
4.433328899999999,
4.4666622,
4.4999955,
4.5333288,
4.566662099999999,
4.5999954,
4.6333287,
4.666662,
4.699995299999999,
4.7333286,
4.7666619,
4.7999952,
4.8333285,
4.8666618,
4.8999951,
4.9333284,
4.9666617,
4.999995,
5.0333283,
5.0666616,
5.0999949,
5.133328199999999,
5.1666615,
5.1999948,
5.2333281,
5.266661399999999,
5.2999947,
5.333328,
5.3666613,
5.399994599999999,
5.4333279,
5.4666612,
5.4999945,
5.5333278,
5.5666611,
5.5999944,
5.6333277,
5.666661,
5.699994299999999,
5.7333276,
5.7666609,
5.7999942,
5.833327499999999,
5.8666608,
5.8999941,
5.9333274,
5.966660699999999,
5.999994,
6.0333273,
6.0666606,
6.099993899999999,
6.1333272,
6.1666605,
6.1999938,
6.2333271,
6.266660399999999,
6.2999937,
6.333327,
6.3666603,
6.399993599999999,
6.4333269,
6.4666602,
6.4999935,
6.533326799999999,
6.5666601,
6.5999934,
6.6333267,
6.666659999999999,
6.6999933,
6.7333266,
6.7666599,
6.799993199999999,
6.8333265,
6.8666598,
6.8999931,
6.9333264,
6.966659699999999,
6.999993,
7.0333263,
7.0666596,
7.099992899999999,
7.1333262,
7.1666595,
7.1999928,
7.233326099999999,
7.2666594,
7.2999927,
7.333326,
7.366659299999999,
7.3999926,
7.4333259,
7.4666592,
7.499992499999999,
7.533325799999999,
7.5666591,
7.5999924,
7.633325699999999,
7.666658999999999,
7.6999923,
7.7333256,
7.766658899999999,
7.799992199999999,
7.8333255,
7.8666588,
7.899992099999999,
7.933325399999999,
7.9666587,
7.999992,
8.0333253,
8.0666586,
8.0999919,
8.1333252,
8.166658499999999,
8.1999918,
8.2333251,
8.266658399999999,
8.2999917,
8.333325,
8.3666583,
8.3999916,
8.433324899999999,
8.4666582,
8.4999915,
8.533324799999999,
8.5666581,
8.5999914,
8.6333247,
8.666658,
8.699991299999999,
8.7333246,
8.7666579,
8.7999912,
8.8333245,
8.866657799999999,
8.8999911,
8.9333244,
8.966657699999999,
8.999991,0.005299076909785905
9.0333243,-0.9557869374261395
9.0666576,-1.8522309490773963
9.0999909,-2.361299934876081
9.1333242,-2.292941596839029
9.1666575,-1.6581201512804151
9.1999908,-0.6538967865267644
9.2333241,0.4264962973422691
9.2666574,1.3090837818534096
9.2999907,1.822242680766467
9.333324,1.9207357218053038
9.3666573,1.662556044522253
9.3999906,1.1653457159893708
9.4333239,0.5625360372443364
9.4666572,-0.029632331344184814
9.4999905,-0.5277202867362221
9.5333238,-0.879744452274272
9.5666571,-1.0573777346725914
9.5999904,-1.0540001283334623
9.6333237,-0.8894816133370275
9.666657,-0.6115271308212232
9.6999903,-0.2853805289365565
9.7333236,0.02535018587636622
9.7666569,0.2757296999222922
9.7999902,0.44580105032919476
9.8333235,0.5378597059228885
9.8666568,0.5713104355364486
9.8999901,0.5756891610055221
9.9333234,0.5780348091175838
9.9666567,0.587714205307074
9.99999,0.5897525888334932
10.0333233,0.552708414110611
10.0666566,0.4469272600955284
10.0999899,0.26132950535207317
10.1333232,0.010448169268195449
10.1666565,-0.26653977329862505
10.1999898,-0.5113242071002948
10.2333231,-0.6593476953138404
10.2666564,-0.6636969460067601
10.2999897,-0.5210587100495777
10.333323,-0.28056640259793303
10.3666563,-0.025865141414712658
10.3999896,0.15859779885613853
10.4333229,0.21623564149049784
10.4666562,0.13039086381739343
10.4999895,-0.07572051484883269
10.5333228,-0.34340277415497794
10.5666561,-0.5904416953321275
10.5999894,-0.7373246733992553
10.6333227,-0.7393013317926416
10.666656,-0.603232227643257
10.6999893,-0.3780480184376842
10.7333226,-0.1280258112555425
10.7666559,0.09349851639259908
10.7999892,0.2583299157194985
10.8333225,0.36358162239153324
10.8666558,0.4223045423269868
10.8999891,0.4505239346911757
10.9333224,0.45627341353175527
10.9666557,0.4367708779590931
10.999989,0.38668306768718724
11.0333223,0.3112250294093776
11.0666556,0.2310171667324888
11.0999889,0.17185711430853318
11.1333222,0.14714052955213433
11.1666555,0.14830743811567831
11.1999888,0.15021880857668013
11.2333221,0.12451602914732392
11.2666554,0.05153607636012334
11.2999887,-0.0720201651141505
11.333322,-0.22971657876751406
11.3666553,-0.38882025400485526
11.3999886,-0.5125073091466599
11.4333219,-0.5760721118010823
11.4666552,-0.5755642080783647
11.4999885,-0.52110892273087
11.5333218,-0.4228976393646487
11.5666551,-0.2863409870329738
11.5999884,-0.11958455332617124
11.6333217,0.06020051546462364
11.666655,0.23124856514081885
11.6999883,0.37550661475324204
11.7333216,0.4804468354355362
11.7666549,0.5356025756555922
11.7999882,0.5326174953591255
11.8333215,0.4716299088967832
11.8666548,0.3677504172686248
11.8999881,0.2505900791035132
11.9333214,0.15516932976035813
11.9666547,0.10723856546632227
11.999988,0.10901183830572196
12.0333213,0.1328075855873731
12.0666546,0.1281116683262535
12.0999879,0.04259021834241064
12.1333212,-0.14801849022134547
12.1666545,-0.4148455594734198
12.1999878,-0.6763375264080954
12.2333211,-0.8350356585755822
12.2666544,-0.8320935154444604
12.2999877,-0.6802129372192434
12.333321,-0.4516559731201702
12.3666543,-0.23550215780465023
12.3999876,-0.09661253691563232
12.4333209,-0.05479857630443324
12.4666542,-0.08212684144251432
12.4999875,-0.11299212220048707
12.533320799999998,-0.06838518953869109
12.5666541,0.10670657728226415
12.5999874,0.407616826407743
12.6333207,0.7589177533684396
12.666654,1.0384952986731935
12.6999873,1.1241983079249673
12.7333206,0.9405258788439603
12.7666539,0.4910301609956529
12.7999872,-0.12960065980030647
12.8333205,-0.7506935665136534
12.8666538,-1.1728932589056675
12.8999871,-1.238733960560337
12.9333204,-0.900784850282149
12.9666537,-0.25499466007227334
12.999987,0.48296464094111724
13.0333203,1.0547779587416342
13.0666536,1.2586100404339382
13.0999869,1.028246703124424
13.1333202,0.46092038896066967
13.1666535,-0.2174814338501207
13.1999868,-0.7396149998150344
13.233320099999998,-0.904838509247219
13.2666534,-0.6642737336984125
13.2999867,-0.14441293933541965
13.33332,0.4050431435990376
13.3666533,0.7198646206429433
13.3999866,0.6391299964857363
13.4333199,0.1779777060912795
13.4666532,-0.47832126975101363
13.4999865,-1.0540856957365468
13.5333198,-1.2983409038071339
13.5666531,-1.0870381182554687
13.5999864,-0.47526139452169297
13.6333197,0.31931253638374624
13.666653,0.9985978150725529
13.6999863,1.3026439491752946
13.7333196,1.1163555836265768
13.7666529,0.5190637588473216
13.7999862,-0.2447082033889494
13.8333195,-0.8623501160186402
13.8666528,-1.079092225075184
13.8999861,-0.8028033283629707
13.933319399999998,-0.1465359822927036
13.9666527,0.6114755606136976
13.999986,1.1408929948164301
14.0333193,1.2018400346403904
14.0666526,0.753239676625937
14.0999859,-0.025879308203091308
14.1333192,-0.814467661204635
14.1666525,-1.2900881958262467
14.1999858,-1.2662562269692363
14.2333191,-0.7666023762278944
14.2666524,-0.007346048787129664
14.2999857,0.7001777327432598
14.333319,1.0811862011191449
14.3666523,1.0058170451422894
14.3999856,0.5317421073304244
14.4333189,-0.1311705532578887
14.4666522,-0.7141174050362781
14.4999855,-0.9980129150979294
14.5333188,-0.893108658766164
14.5666521,-0.4630263109363483
14.5999854,0.108341442879377
14.633318699999998,0.5890870028472941
14.666652,0.7853866823131014
14.6999853,0.6175141810399304
14.7333186,0.16103333651589322
14.7666519,-0.3726101206892074
14.7999852,-0.7236910999585212
14.8333185,-0.707940639230233
14.8666518,-0.31466916506349285
14.8999851,0.27543159561141806
14.9333184,0.7690957796315455
14.9666517,0.9030539099030223
14.999985,0.5806189284268657
15.0333183,-0.06968342684862355
15.066651599999998,-0.7470355421339401
15.0999849,-1.1183100434915902
15.1333182,-0.9757046613141246
15.1666515,-0.334842409530374
15.1999848,0.571177110471426
15.2333181,1.3935803456133953
15.2666514,1.8156818296544925
15.2999847,1.6827188232073769
15.333317999999998,1.0601805527946493
15.3666513,0.1964307089362777
15.3999846,-0.5905152628199755
15.4333179,-1.045542919389894
15.4666512,-1.0697584315024535
15.4999845,-0.743429060154282
15.5333178,-0.27711299719360094
15.5666511,0.08718437269538147
15.5999844,0.18255018129103212
15.6333177,-0.01667248727955486
15.666651,-0.3962454551740503
15.6999843,-0.7630497581923186
15.7333176,-0.932209598310507
15.766650899999998,-0.8028400040586067
15.7999842,-0.3979016702176573
15.8333175,0.1419623451198498
15.8666508,0.6096757496659011
15.8999841,0.8122002684479278
15.9333174,0.6499135598894115
15.9666507,0.16264908111054918
15.999984,-0.4778213880629638
16.0333173,-1.028794419285177
16.0666506,-1.2695717014839587
16.099983899999998,-1.0898367169991718
16.1333172,-0.5352508954556042
16.1666505,0.2117444467431648
16.1999838,0.9075025261565004
16.2333171,1.342228255121778
16.2666504,1.411073598285107
16.2999837,1.1382626219508878
16.333316999999997,0.6567176011276339
16.3666503,0.15459066568098276
16.3999836,-0.19735295180449658
16.433316899999998,-0.3124798066308658
16.4666502,-0.21722147988040333
16.4999835,-0.02576584541132675
16.533316799999998,0.12435549662465982
16.5666501,0.13867063683302228
16.5999834,0.0022590273835373267
16.633316699999998,-0.22192042505131693
16.66665,-0.42312682305214555
16.6999833,-0.4894549467385056
16.7333166,-0.35871068723269633
16.7666499,-0.05303119073445955
16.7999832,0.3240122711359197
16.8333165,0.6302799997332714
16.866649799999998,0.7471275368691791
16.8999831,0.6310689608256244
16.9333164,0.3316804610132051
16.966649699999998,-0.03236966131044627
16.999983,-0.32683200214642943
17.0333163,-0.45726923108817474
17.066649599999998,-0.4012869338330603
17.0999829,-0.2102425494136144
17.1333162,0.011757594351853787
17.1666495,0.14240531644752533
17.1999828,0.08500928531392425
17.2333161,-0.1868171465693006
17.2666494,-0.6042503517386532
17.299982699999997,-1.0191793364914978
17.333316,-1.2612057156709084
17.3666493,-1.2116740979393197
17.399982599999998,-0.8618988120068035
17.4333159,-0.3283506484242537
17.4666492,0.18867244853059895
17.499982499999998,0.49354015906576076
17.5333158,0.493909498189905
17.5666491,0.25693728529092513
17.5999824,-0.014164920125338399
17.6333157,-0.07669970496743174
17.666649,0.22986683708697328
17.6999823,0.8955958575033787
17.733315599999997,1.7243780096268864
17.7666489,2.398860719393408
17.7999822,2.602631097884355
17.833315499999998,2.1531893214125835
17.8666488,1.0922147795420891
17.8999821,-0.3081802492972396
17.933315399999998,-1.6348497004500009
17.9666487,-2.4893588682810974
17.999982,-2.645100497533238
18.0333153,-2.1350646067230254
18.0666486,-1.230988838552809
18.0999819,-0.32354962938602283
18.1333152,0.24431020340821505
18.1666485,0.31842291139255613
18.1999818,-0.013356115413854867
18.2333151,-0.47872144401584477
18.2666484,-0.7601227372769416
18.2999817,-0.6467259091494755
18.333315,-0.1276928483080726
18.3666483,0.6094612019366025
18.3999816,1.2660276221870903
18.4333149,1.5639634115682668
18.4666482,1.3683953628899788
18.4999815,0.7501345562571944
18.5333148,-0.04002197660326669
18.5666481,-0.6755932381295602
18.5999814,-0.8917395839758004
18.6333147,-0.597344380990648
18.666648,0.08310837190410687
18.6999813,0.8568958385800038
18.7333146,1.3844472945943262
18.7666479,1.4231224960318283
18.7999812,0.9286460944423491
18.8333145,0.0724683111159764
18.8666478,-0.8277100092942102
18.8999811,-1.434488235393983
18.9333144,-1.5253682547306955
18.9666477,-1.0830336073341476
18.999981,-0.303800498936112
19.0333143,0.48216289340505747
19.0666476,0.9467633478578052
19.0999809,0.8973385227730082
19.1333142,0.3512699467722074
19.1666475,-0.4757685234423666
19.1999808,-1.258935809170024
19.2333141,-1.691906431898519
19.2666474,-1.601715262392954
19.2999807,-1.0093476845419045
19.333314,-0.11906814499657549
19.3666473,0.7563516824477661
19.3999806,1.309333828598591
19.4333139,1.3527165628689979
19.4666472,0.8954692574438392
19.4999805,0.14735105976613166
19.5333138,-0.5558537022844949
19.5666471,-0.8839328198341558
19.5999804,-0.6514341456769575
19.6333137,0.0941067536723467
19.666647,1.0780000946046202
19.6999803,1.9027816623359504
19.7333136,2.209141915491745
19.7666469,1.823773311484907
19.7999802,0.8322449344511215
19.8333135,-0.4504126050647684
19.8666468,-1.5972348498494053
19.8999801,-2.2277104664894583
19.9333134,-2.1464007342293674
19.9666467,-1.4121847949140809
19.99998,-0.3145381098018924
20.0333133,0.7367260024477813
20.0666466,1.3690844159041249
20.0999799,1.388223196512456
20.1333132,0.8431576889914058
20.1666465,-0.007518886859592956
20.1999798,-0.8085627807466931
20.2333131,-1.2513868392681702
20.2666464,-1.1913769999388173
20.2999797,-0.6971047089811961
20.333313,-0.01630520213717117
20.3666463,0.5285639514567214
20.3999796,0.677803030579531
20.4333129,0.35000167349985906
20.4666462,-0.31768615486975366
20.4999795,-1.0268573243758403
20.5333128,-1.4469999058806737
20.5666461,-1.3560701129261714
20.5999794,-0.7318805239134414
20.6333127,0.23883741382654253
20.666646,1.2329385271862132
20.6999793,1.9166098259332347
20.7333126,2.076657578865106
20.7666459,1.703777537436734
20.7999792,0.9913311411279654
20.8333125,0.249905930723259
20.8666458,-0.22485314892120384
20.8999791,-0.2740804458679617
20.9333124,0.06438067313957993
20.9666457,0.5815500924161596
20.999979,0.9942486500815472
21.0333123,1.0687803999508638
21.0666456,0.7162615628887484
21.0999789,0.019397400813611812
21.1333122,-0.8149297204102897
21.1666455,-1.5466987276015411
21.1999788,-1.9903978697293223
21.2333121,-2.0639898066703752
21.2666454,-1.7918945821191004
21.2999787,-1.2775152874858404
21.333312,-0.6655906651819324
21.3666453,-0.10539823373711024
21.3999786,0.283502972809049
21.4333119,0.4417921796006621
21.4666452,0.3896856256214463
21.4999785,0.22227019538606432
21.5333118,0.0737010222893138
21.5666451,0.061545890387937105
21.5999784,0.23789134540515217
21.6333117,0.5697333786417507
21.666645,0.953317435030188
21.6999783,1.2521084001386702
21.7333116,1.3433612204910357
21.7666449,1.1602391200429532
21.7999782,0.7184254219835284
21.8333115,0.11713696056231919
21.8666448,-0.49026874484731253
21.8999781,-0.9495595236816284
21.9333114,-1.163381197961906
21.9666447,-1.1262952076610298
21.999978,-0.9165813517889566
22.0333113,-0.6486589090686737
22.0666446,-0.41445655232354994
22.0999779,-0.24524931001905867
22.1333112,-0.1089187470495194
22.1666445,0.06075297783122837
22.1999778,0.31771022962083006
22.2333111,0.6624255543917553
22.2666444,1.027876237776291
22.2999777,1.302788472516868
22.333311,1.3828663712327445
22.3666443,1.222551580633371
22.3999776,0.8563405170067054
22.4333109,0.37874313736245424
22.4666442,-0.09949156170963476
22.4999775,-0.4894408273795099
22.5333108,-0.7387878711485064
22.5666441,-0.8289569499090116
22.5999774,-0.7725452861036073
22.6333107,-0.615613646112561
22.666644,-0.42960994786326323
22.6999773,-0.28440054092958555
22.7333106,-0.218143432734731
22.7666439,-0.2244732669485206
22.7999772,-0.2597062366530781
22.8333105,-0.2607368896456045
22.8666438,-0.1685061071877794
22.8999771,0.04367056369441473
22.9333104,0.3448976254376647
22.9666437,0.6418230933347844
22.999977,0.8072002359540701
23.0333103,0.736212458024601
23.0666436,0.4040711039307093
23.0999769,-0.10753332313733428
23.1333102,-0.6327410830802699
23.1666435,-0.9854520085168605
23.1999768,-1.0368094583290974
23.2333101,-0.7717858059741896
23.2666434,-0.3002678162290015
23.2999767,0.18360964346488368
23.33331,0.4805752965583907
23.3666433,0.47303246806320454
23.3999766,0.1798117516817842
23.4333099,-0.2502907444411719
23.4666432,-0.6041592539853109
23.4999765,-0.6963654123983612
23.5333098,-0.4463957476630149
23.5666431,0.08706836060661283
23.5999764,0.7252549268069738
23.6333097,1.237430391761069
23.666643,1.4356351455698264
23.6999763,1.2553255561356635
23.7333096,0.7823585962643737
23.7666429,0.2142089714146467
23.7999762,-0.2234962007643647
23.8333095,-0.36810449217271396
23.8666428,-0.18471555900074202
23.8999761,0.21906449321538923
23.9333094,0.6380402124045922
23.9666427,0.8603315769556663
23.999976,0.7637097118679522
24.0333093,0.36831956700619817
24.0666426,-0.18218250734934133
24.0999759,-0.6977114491264811
24.1333092,-1.0299222303672277
24.1666425,-1.1247738276436325
24.1999758,-1.0232203090755885
24.2333091,-0.8242007565214131
24.2666424,-0.6340664622197445
24.2999757,-0.5234171749265835
24.333309,-0.5048507550310725
24.3666423,-0.5349128108435998
24.3999756,-0.5353870800804846
24.4333089,-0.4263067581647874
24.4666422,-0.1622112572243081
24.4999755,0.23980049485199878
24.5333088,0.6946362023553317
24.5666421,1.075140474715624
24.5999754,1.261009010663226
24.6333087,1.186992522160165
24.666642,0.868048382224411
24.6999753,0.3939781238642481
24.7333086,-0.1000338923626602
24.7666419,-0.47500434365821653
24.7999752,-0.629854031834123
24.8333085,-0.53317148793945
24.8666418,-0.23712725240235696
24.8999751,0.1346758203079068
24.9333084,0.4311011054933803
24.9666417,0.5375460899212405
24.999975,0.42653959117276263
25.0333083,0.16410572679080954
25.0666416,-0.12844437705307
25.0999749,-0.3308206912379086
25.1333082,-0.3707809310878331
25.1666415,-0.24827930950962543
25.1999748,-0.03216974792846205
25.2333081,0.1705532946832293
25.2666414,0.26344859647097907
25.2999747,0.20539811847984468
25.333308,0.028277685955840865
25.3666413,-0.17972153123124487
25.3999746,-0.3127041214314977
25.4333079,-0.28916660618723283
25.4666412,-0.08512934579295518
25.4999745,0.24947492591913897
25.5333078,0.5986828729148268
25.5666411,0.8167709626941679
25.5999744,0.7854249183770453
25.6333077,0.4684670631384722
25.666641,-0.06552638233218856
25.6999743,-0.6667773749337804
25.7333076,-1.160216754174238
25.7666409,-1.4060877926490072
25.7999742,-1.345032962668069
25.8333075,-1.016920294203569
25.8666408,-0.5451346084788973
25.8999741,-0.08724731144155139
25.9333074,0.22798516934216634
25.9666407,0.3470423584637121
25.999974,0.3015393359111334
26.0333073,0.18295880487839347
26.0666406,0.09836228803823713
26.0999739,0.12444031439842594
26.1333072,0.27338001883119023
26.1666405,0.4837683109581411
26.1999738,0.646642394535221
26.2333071,0.6615090683550278
26.2666404,0.495458354910997
26.2999737,0.20901818457011076
26.333307,-0.0703252418256563
26.3666403,-0.21223040877302832
26.3999736,-0.14939659481972448
26.4333069,0.08655672827977057
26.4666402,0.37504369707504087
26.4999735,0.5603316778094405
26.5333068,0.5270635928256806
26.5666401,0.26061925172534056
26.5999734,-0.13955004322525222
26.6333067,-0.5007872339273636
26.66664,-0.6518923728419384
26.6999733,-0.4983491607796134
26.7333066,-0.06902598989185471
26.7666399,0.48405470954785
26.7999732,0.9378222359980145
26.8333065,1.0864836270345668
26.8666398,0.8295722681627122
26.8999731,0.2195891981581121
26.9333064,-0.5527296634861019
26.9666397,-1.23011758636309
26.999973,-1.5882935735221586
27.0333063,-1.5224162758298387
27.0666396,-1.0856595247842444
27.0999729,-0.46552634688014166
27.1333062,0.09240131073810376
27.1666395,0.38391344163244684
27.1999728,0.32884883790431135
27.2333061,0.0015058460671852178
27.2666394,-0.4054302076047371
27.2999727,-0.6672870140045739
27.333306,-0.6250881073784591
27.3666393,-0.2530512445326285
27.3999726,0.33007883622717776
27.4333059,0.908268018747345
27.4666392,1.2534736166446125
27.4999725,1.2155950486315001
27.5333058,0.7846569436152344
27.5666391,0.10279080194265554
27.5999724,-0.580895881271564
27.6333057,-1.0008505347275065
27.666639,-0.9827253231565886
27.6999723,-0.5276943615218544
27.7333056,0.17029667252365482
27.7666389,0.7978186717957411
27.7999722,1.0621888424028374
27.8333055,0.830799560940175
27.8666388,0.19743444470124755
27.8999721,-0.5571505529577422
27.9333054,-1.0896861042163946
27.9666387,-1.1453788623167487
27.999972,-0.6679103729443303
28.0333053,0.177732449223901
28.0666386,1.0754269179876224
28.0999719,1.6872537364260825
28.1333052,1.7859197806398828
28.1666385,1.336768148763326
28.1999718,0.5014439210424348
28.2333051,-0.42987499306755045
28.2666384,-1.1463269078752014
28.2999717,-1.4260054897615897
28.333305,-1.212863400397231
28.3666383,-0.6356021200236445
28.3999716,0.04144763130613801
28.4333049,0.5234295201848729
28.4666382,0.6087755099362243
28.4999715,0.27807869125143403
28.5333048,-0.29708796041616553
28.5666381,-0.8337724316648961
28.5999714,-1.0689681852461397
28.6333047,-0.8809640115110929
28.666638,-0.34559195962601036
28.6999713,0.29743093570389517
28.7333046,0.7529055247259789
28.7666379,0.8049035942212092
28.7999712,0.417180488215336
28.8333045,-0.24761851216056732
28.8666378,-0.8998331731366034
28.8999711,-1.2510139322439864
28.9333044,-1.138593990273956
28.9666377,-0.5943522189559327
28.999971,0.16869808955179977
29.0333043,0.8448649192782922
29.0666376,1.165279724032618
29.0999709,1.0153148544891297
29.1333042,0.4875598490053021
29.1666375,-0.15721225129777777
29.1999708,-0.6065881722714016
29.2333041,-0.6373314441065192
29.2666374,-0.214744414948471
29.2999707,0.4944452895713315
29.333304,1.1986837413262175
29.3666373,1.6091613194614331
29.3999706,1.5589336988059226
29.4333039,1.0622945701857605
29.4666372,0.2950915111410516
29.4999705,-0.48497569332493756
29.5333038,-1.037355302860419
29.5666371,-1.219864533348566
29.5999704,-1.0309576619408753
29.6333037,-0.6043787588337355
29.666637,-0.15555029286512115
29.6999703,0.10732741259461069
29.7333036,0.07386804293770505
29.7666369,-0.2190032590619417
29.7999702,-0.6042352759502297
29.8333035,-0.8613075565449867
29.8666368,-0.8177497164129258
29.8999701,-0.4309135330687068
29.9333034,0.18503799297414195
29.9666367,0.7995377824405762
29.99997,1.1602771134842895
30.0333033,1.1052556910634108
30.0666366,0.6423485058747721
30.0999699,-0.043528608571006516
30.1333032,-0.6637069074702293
30.1666365,-0.9505193957176244
30.1999698,-0.7794386727285976
30.2333031,-0.23154750498770707
30.2666364,0.437093921006732
30.2999697,0.9085737790947176
30.333303,0.9461497051608467
30.3666363,0.49988225096887395
30.3999696,-0.27298710709036866
30.4333029,-1.0796268124871904
30.4666362,-1.6187046165544374
30.4999695,-1.7026796055340838
30.5333028,-1.3241426949055777
30.5666361,-0.6464141403802086
30.5999694,0.07230811597406304
30.6333027,0.5914583965574498
30.666636,0.7910651289095801
30.6999693,0.717928316012693
30.7333026,0.5530507608659903
30.7666359,0.516873333452816
30.7999692,0.7567909785793778
30.8333025,1.2662815821843834
30.8666358,1.870563120464705
30.8999691,2.2888215270824492
30.9333024,2.2521024009337083
30.9666357,1.627846842285024
30.999969,0.49424031123494
31.0333023,-0.8716269410869458
31.0666356,-2.0886208210567694
31.0999689,-2.808796463157488
31.1333022,-2.8404311614846325
31.1666355,-2.2124604650002517
31.1999688,-1.1622238887003271
31.2333021,-0.05260394406277518
31.2666354,0.7549705661274276
31.2999687,1.0282616823802122
31.333302,0.7450948622731132
31.3666353,0.09477473892173192
31.3999686,-0.6025028393374032
31.4333019,-1.026737986650807
31.4666352,-0.986623150702973
31.4999685,-0.4939848083686208
31.5333018,0.24735250518407248
31.5666351,0.9371579449399353
31.5999684,1.315629585994025
31.6333017,1.271911181340486
31.666635,0.8745125948726096
31.6999683,0.3231492952900216
31.7333016,-0.1449294894809769
31.7666349,-0.3538592891818225
31.7999682,-0.2566648393303904
31.8333015,0.0530664073609724
31.8666348,0.38750752790844856
31.8999681,0.547905702479309
31.9333014,0.4091265613628343
31.9666347,-0.029607569055212262
31.999968,-0.6447127748751188
32.0333013,-1.2325103429774746
32.0666346,-1.5783143650995166
32.0999679,-1.5292842451145576
32.1333012,-1.0513274566898707
32.1666345,-0.252241938441284
32.1999678,0.6422022154515802
32.2333011,1.3607539998070592
32.2666344,1.6866963165438413
32.2999677,1.5431262895662583
32.333301,1.0231752005546224
32.3666343,0.35120148529972245
32.3999676,-0.20786038468331783
32.4333009,-0.45335373208828544
32.4666342,-0.32570379326829607
32.4999675,0.07497631941703453
32.5333008,0.5347693963223649
32.5666341,0.816808802287821
32.5999674,0.7587201887390095
32.6333007,0.335364355942953
32.666633999999995,-0.3357142625347872
32.6999673,-1.0398804545756126
32.7333006,-1.538956267108868
32.766633899999995,-1.650412585259208
32.7999672,-1.314096487774296
32.8333005,-0.6262915812023535
32.866633799999995,0.17990083888427372
32.8999671,0.8139767111497604
32.9333004,1.0428433275244315
32.9666337,0.7913798974143336
32.999967,0.17975466736017134
33.0333003,-0.5232667727092254
33.0666336,-1.0119210522713615
33.0999669,-1.0712463757445139
33.1333002,-0.6664293202550878
33.1666335,0.043670765579535635
33.1999668,0.7745447782572074
33.2333001,1.2363844475632977
33.2666334,1.2544573204118994
33.2999667,0.838045468504503
33.3333,0.1702178984635121
33.3666333,-0.47388965550193035
33.3999666,-0.8411282390634199
33.4332999,-0.7970813627242385
33.4666332,-0.37179086715291515
33.4999665,0.25426075308746204
33.5332998,0.8177535431155424
33.5666331,1.0767328923606023
33.5999664,0.9151555713254096
33.633299699999995,0.3982647882378444
33.666633,-0.25311713488113824
33.6999663,-0.7580841622885535
33.733299599999995,-0.8938731701927044
33.7666329,-0.5845814066695433
33.7999662,0.07109990804547993
33.833299499999995,0.8366886528764302
33.8666328,1.4223806532742036
33.8999661,1.5895835688464288
33.9332994,1.2415199978331128
33.9666327,0.4646331764122123
33.999966,-0.5003711111118676
34.0332993,-1.3476507070662538
34.0666326,-1.8167746245106169
34.0999659,-1.7819832502052992
34.1332992,-1.293450865404228
34.1666325,-0.5597545626367714
34.1999658,0.1281051508587177
34.2332991,0.51184636328379
34.2666324,0.4754891301134469
34.2999657,0.09550097799041174
34.333299,-0.3982340298396355
34.3666323,-0.7337406391768643
34.3999656,-0.7253281189580296
34.4332989,-0.35729301750422504
34.4666322,0.21363694460016164
34.499965499999995,0.7337794674279625
34.5332988,0.9680760103455716
34.5666321,0.8043362716024017
34.599965399999995,0.3037789932811363
34.6332987,-0.32216011247747434
34.666632,-0.799929459957249
34.699965299999995,-0.9088014036418344
34.7332986,-0.5715813610125688
34.7666319,0.11429334394280871
34.799965199999995,0.9108612150657935
34.8332985,1.5242325949719875
34.8666318,1.7140016253020853
34.8999651,1.3898922486947702
34.9332984,0.6537165393908783
34.9666317,-0.23634416327453062
34.999965,-0.9651384716635993
35.0332983,-1.2798933016498961
35.0666316,-1.0815027236521835
35.0999649,-0.4562922023688543
35.1332982,0.3599068204825761
35.1666315,1.071695195516591
35.1999648,1.434912375578423
35.2332981,1.343645038834473
35.2666314,0.8572971292070224
35.2999647,0.16106381686444257
35.333298,-0.5153181716790248
35.3666313,-0.9821973670702437
35.3999646,-1.147226704098751
35.4332979,-1.031790294477329
35.466631199999995,-0.7480440694836684
35.4999645,-0.4464876044465429
35.5332978,-0.2513092724707296
35.566631099999995,-0.2088850852922439
35.5999644,-0.27449363615728956
35.6332977,-0.3447194993255383
35.666630999999995,-0.3168468584521271
35.6999643,-0.14263335845106434
35.7332976,0.14798526640947693
35.7666309,0.458197326632642
35.7999642,0.6611304169893832
35.8332975,0.6482272401570321
35.8666308,0.37463084157922294
35.8999641,-0.11381761902150302
35.9332974,-0.6845535952531847
35.9666307,-1.1551283962592047
35.999964,-1.3508615824959513
36.0332973,-1.1646423087130335
36.0666306,-0.602784652306057
36.0999639,0.19790979882209114
36.1332972,0.9984853129080922
36.1666305,1.5376691540906882
36.1999638,1.639566925424303
36.2332971,1.2966398209433627
36.2666304,0.6784078711488267
36.2999637,0.056578251183006405
36.333297,-0.31585158091302007
36.3666303,-0.3125903374600896
36.3999636,0.019333752676478782
36.4332969,0.49150839623750026
36.4666302,0.8651780290596863
36.4999635,0.9564785500054931
36.5332968,0.7087254275602239
36.5666301,0.20538377628401402
36.5999634,-0.37309861760747276
36.6332967,-0.8242126576954598
36.66663,-1.0002854140239625
36.6999633,-0.8630176385353231
36.7332966,-0.49837707613717963
36.7666299,-0.08287218406560627
36.7999632,0.1911030024187833
36.8332965,0.20081901869399482
36.8666298,-0.05175336728107991
36.8999631,-0.4437310186711675
36.9332964,-0.7908539025243906
36.9666297,-0.9319376506722211
36.999963,-0.7995059623930701
37.0332963,-0.44784879889339135
37.0666296,-0.02758966562926739
37.0999629,0.28340603485106003
37.1332962,0.3627705295856966
37.1666295,0.20103258349114023
37.1999628,-0.09406112141450242
37.2332961,-0.34751889700959304
37.2666294,-0.3964507784239159
37.2999627,-0.16282161833846723
37.333296,0.309492604222541
37.3666293,0.8671977062674805
37.3999626,1.3065518779252987
37.4332959,1.4572768325529606
37.4666292,1.256150504208478
37.4999625,0.7763671891922181
37.5332958,0.19723190727286757
37.5666291,-0.2736974198708281
37.5999624,-0.49069814000166606
37.6332957,-0.4302680702640519
37.666629,-0.1941849726789222
37.6999623,0.0445581211622092
37.7332956,0.1258992977991968
37.7666289,-0.023735715884290604
37.7999622,-0.3629943206924942
37.8332955,-0.7625448322858812
37.8666288,-1.0685675423007182
37.8999621,-1.1680966312752956
37.9332954,-1.0273476548356397
37.9666287,-0.6930291733824643
37.999962,-0.26394164861467045
38.0332953,0.15058675488671813
38.0666286,0.4681299885382605
38.0999619,0.6553813033823274
38.1332952,0.7302686686736916
38.1666285,0.7443475583030466
38.1999618,0.754036121843196
38.2332951,0.7947582529877625
38.2666284,0.8669694000127363
38.2999617,0.9356568945188597
38.333295,0.9441351736660867
38.3666283,0.8402358119515722
38.3999616,0.602500368913988
38.4332949,0.24979110466269105
38.4666282,-0.1696144443226101
38.4999615,-0.5966912151132663
38.5332948,-0.9730112818435355
38.5666281,-1.2428827204995436
38.5999614,-1.35784153654674
38.6332947,-1.2933228653416626
38.666628,-1.070536919329516
38.6999613,-0.7621607110314412
38.7332946,-0.4666542247135487
38.7666279,-0.2612083967623262
38.7999612,-0.16419092352012582
38.8332945,-0.1328031592098684
38.8666278,-0.0952506043177871
38.8999611,0.006308366012984568
38.9332944,0.18833642672097267
38.9666277,0.4249754362162522
38.999961,0.6661123038140976
39.0332943,0.8588982752617144
39.0666276,0.9621110697925069
39.0999609,0.9532874639991639
39.1332942,0.8331936747060609
39.1666275,0.627849596826678
39.1999608,0.38330866942271663
39.2332941,0.1513063570780758
39.2666274,-0.0279652871094106
39.2999607,-0.1359283361752011
39.333294,-0.1731655812024386
39.3666273,-0.14810367663199944
39.3999606,-0.06694382622185226
39.4332939,0.06629803540600666
39.4666272,0.2399475697355399
39.4999605,0.4249123950908742
39.5332938,0.5748051668318132
39.5666271,0.6371751888182331
39.5999604,0.5709175666765974
39.6332937,0.36388199745071204
39.666627,0.043428624642415
39.6999603,-0.327745070727465
39.7332936,-0.6713821362950622
39.7666269,-0.9178376931005693
39.7999602,-1.0207569869854716
39.8332935,-0.9619711936970938
39.8666268,-0.757176252762736
39.8999601,-0.46316981303117216
39.9332934,-0.17158724508021947
39.9666267,0.02235876873614755
39.99996,0.06542654538004712
40.0332933,-0.02218927780827592
40.0666266,-0.15361531090972397
40.0999599,-0.22223327632398104
40.1332932,-0.16332040219933527
40.1666265,0.007576738961958047
40.1999598,0.20298059796443407
40.2332931,0.3114000340550546
40.2666264,0.25538404996526803
40.2999597,0.03061397207093457
40.333293,-0.28958569274789797
40.3666263,-0.5859809798666978
40.3999596,-0.7469775492793855
40.4332929,-0.7145555920669646
40.4666262,-0.49753013364514875
40.4999595,-0.15318740998355523
40.5332928,0.24124907538226154
40.5666261,0.6110012128329741
40.5999594,0.8988885478459818
40.6332927,1.0758057543734465
40.666626,1.1449529601251063
40.6999593,1.1380042982897391
40.7332926,1.1029296881604658
40.7666259,1.0838415636119905
40.7999592,1.097525889170717
40.8332925,1.118284749205459
40.8666258,1.0833225719182993
40.8999591,0.9192615945748087
40.9332924,0.5756069668855096
40.9666257,0.04990281856663626
40.999959,-0.6011102092915586
41.0332923,-1.2672865141099041
41.0666256,-1.8110246440884599
41.0999589,-2.108086430428119
41.1332922,-2.0905891502722165
41.1666255,-1.7782741406123155
41.1999588,-1.2817079231516786
41.2332921,-0.7665466376840149
41.2666254,-0.388395930556242
41.2999587,-0.22716913959607082
41.333292,-0.25387045105877015
41.3666253,-0.34818832650791687
41.3999586,-0.35837937091897015
41.4332919,-0.17400621039914693
41.4666252,0.22121353096794236
41.4999585,0.7389572910457856
41.5332918,1.2219402509901471
41.5666251,1.5084300277831857
41.5999584,1.496950210378184
41.6332917,1.184393060588403
41.666625,0.6636473774253905
41.6999583,0.08737616684382853
41.7332916,-0.3813771664440649
41.7666249,-0.6154328170152501
41.7999582,-0.560366767672089
41.8332915,-0.25486596313570364
41.8666248,0.17805658248087913
41.8999581,0.5753445630774411
41.9332914,0.8005657484081924
41.9666247,0.8004295600513855
41.999958,0.6182093735521738
42.0332913,0.3576823477797588
42.0666246,0.12367507735103887
42.0999579,-0.026669740731787
42.1332912,-0.1038871406479358
42.1666245,-0.17492544660324374
42.1999578,-0.3248282568009967
42.2332911,-0.6056612660207248
42.2666244,-0.9984741469196486
42.2999577,-1.409557313473891
42.333291,-1.702907416699657
42.3666243,-1.754067679229146
42.3999576,-1.5026752666903425
42.4332909,-0.982033784092894
42.4666242,-0.31475812475564524
42.4999575,0.3239555028206931
42.5332908,0.7654353105153636
42.5666241,0.9090709979469829
42.5999574,0.7594267108278484
42.6332907,0.42239561816832755
42.666624,0.06564152107608828
42.6999573,-0.1393513295060812
42.7332906,-0.07758673433891611
42.7666239,0.262009598216788
42.7999572,0.7710852239601824
42.8332905,1.2543247045363617
42.8666238,1.5062782499898912
42.8999571,1.4007330216379228
42.9332904,0.9476486659293399
42.9666237,0.28963403791263165
42.999957,-0.355545998044432
43.0332903,-0.7762541565403926
43.0666236,-0.841489284168482
43.0999569,-0.5470652145005186
43.1332902,-0.018447057791247955
43.1666235,0.5338953141698053
43.1999568,0.8922823911587235
43.2332901,0.9130029554457865
43.2666234,0.5785550922137651
43.2999567,0.001326316543804748
43.33329,-0.619370371629762
43.3666233,-1.0685509414082974
43.3999566,-1.1922740294450576
43.4332899,-0.9577970612868947
43.4666232,-0.4755633278928597
43.4999565,0.03313815288921559
43.5332898,0.31981645926551616
43.5666231,0.2118049307366165
43.5999564,-0.313616880807737
43.6332897,-1.1172863902577723
43.666623,-1.9464859487030526
43.6999563,-2.5169438136163302
43.7332896,-2.6013914426641698
43.7666229,-2.1056339176133716
43.7999562,-1.1132854596783524
43.8332895,0.12325680862322815
43.8666228,1.2614717001971254
43.8999561,2.0020904123153627
43.9332894,2.214909187902859
43.9666227,1.981690510419953
43.999956,1.5327934018733886
44.0332893,1.122353407276611
44.0666226,0.9120367770376834
44.0999559,0.9148171001341947
44.1332892,1.0142116718808942
44.1666225,1.0395992423650604
44.1999558,0.8571932007203856
44.2332891,0.4354199406660966
44.2666224,-0.13975389090823223
44.2999557,-0.700181970570324
44.333289,-1.0642509498149078
44.3666223,-1.113125312043515
44.3999556,-0.8456553548583388
44.4332889,-0.3868041619650282
44.4666222,0.059941850547143107
44.4999555,0.29971422362076544
44.5332888,0.2329910346086437
44.5666221,-0.10059709414723506
44.5999554,-0.5420147430063568
44.6332887,-0.8867971166350859
44.666622,-0.9796014895700071
44.6999553,-0.7838288669880221
44.7332886,-0.39161266532277866
44.7666219,0.02771462492915153
44.7999552,0.30899784554551124
44.8332885,0.35892099844755604
44.8666218,0.18150706249079637
44.8999551,-0.1391312059142087
44.9332884,-0.4804111204948035
44.9666217,-0.726753283397007
44.999955,-0.8042819668559651
45.0332883,-0.696715219197075
45.0666216,-0.4421322866899578
45.0999549,-0.11657126889354885
45.1332882,0.18986517710900028
45.1666215,0.4010481925241604
45.1999548,0.4813119674978075
45.2332881,0.4508282823728001
45.2666214,0.37933302739294694
45.2999547,0.35330466289785667
45.333288,0.42735177210447145
45.3666213,0.5863670536593201
45.3999546,0.7448655002937377
45.4332879,0.7910310606066623
45.4666212,0.6539665346632016
45.4999545,0.3514477213179785
45.5332878,-0.016542400289065826
45.5666211,-0.32623511146705986
45.5999544,-0.49953662977378405
45.6332877,-0.5348971130067003
45.666621,-0.4820142299624925
45.6999543,-0.39077297457600835
45.7332876,-0.2833673886161867
45.7666209,-0.16846863463223066
45.7999542,-0.07053712864564443
45.8332875,-0.034769815569696355
45.8666208,-0.09669630857168234
45.8999541,-0.24176034788933443
45.9332874,-0.3929505396829776
45.9666207,-0.4449239268309184
45.999954,-0.3259787952147685
46.0332873,-0.04645471816321019
46.0666206,0.29764392416428465
46.0999539,0.5675173948298345
46.1332872,0.646884472304676
46.1666205,0.493952006988015
46.1999538,0.15339195153225685
46.2332871,-0.2697500715946777
46.2666204,-0.6500979176061664
46.2999537,-0.8771395256221369
46.333287,-0.8840655247688761
46.3666203,-0.6714682756418436
46.3999536,-0.3154539743131759
46.4332869,0.05445043079043302
46.4666202,0.3075098622617991
46.4999535,0.37187891249337435
46.5332868,0.26887183190498515
46.5666201,0.09811695065037143
46.5999534,-0.019357610516050852
46.6332867,-0.0049880399509069405
46.66662,0.14198593712789864
46.6999533,0.3496523089449405
46.7332866,0.5088233917562116
46.7666199,0.5200435013975802
46.7999532,0.3345738838744716
46.8332865,-0.02344654108531749
46.8666198,-0.45957094246585434
46.8999531,-0.8345566250893534
46.9332864,-1.0069946008048531
46.9666197,-0.885932256244717
46.999953,-0.47853550444763765
47.0332863,0.09365878297928715
47.0666196,0.6321888276755949
47.0999529,0.9467506396604196
47.1332862,0.9465102714609048
47.1666195,0.6844735282668734
47.1999528,0.32875115073883304
47.2332861,0.07800136261891777
47.2666194,0.06425737699042533
47.2999527,0.2881704385092121
47.333286,0.6175953716597551
47.3666193,0.8518340688350275
47.3999526,0.8194651484042326
47.4332859,0.459192339394093
47.4666192,-0.15567074498510874
47.4999525,-0.8549583767456707
47.5332858,-1.4446232833739208
47.5666191,-1.7763533209147424
47.5999524,-1.7875074821514296
47.6332857,-1.5069069658029957
47.666619,-1.0356558665644175
47.6999523,-0.5118357952228778
47.7332856,-0.06593043093624645
47.7666189,0.22088504300559592
47.7999522,0.33967623656830737
47.8332855,0.3481709442309305
47.8666188,0.33940495034584595
47.8999521,0.3977813796011414
47.9332854,0.5586929379624387
47.9666187,0.7855688745923264
47.999952,0.9757907036301533
48.0332853,1.0005575540204048
48.0666186,0.7674048296379484
48.0999519,0.2763793348478077
48.1332852,-0.3621369186102949
48.1666185,-0.9626308756835787
48.1999518,-1.3388517984619859
48.2332851,-1.3814834280879826
48.2666184,-1.1011968415408897
48.2999517,-0.6189058592718295
48.333285,-0.1121875332921993
48.3666183,0.25623579149638287
48.3999516,0.39944867979687304
48.4332849,0.3341664582330936
48.4666182,0.16490622537694366
48.4999515,0.032660351801579196
48.5332848,0.05349141447220014
48.5666181,0.27465123880138553
48.5999514,0.6623498806635082
48.6332847,1.1183719808055148
48.666618,1.5126057388602245
48.6999513,1.7194097965103086
48.7332846,1.652537374568928
48.7666179,1.294064029577182
48.7999512,0.7071887990043049
48.8332845,0.023735982218423594
48.8666178,-0.5930406827142672
48.8999511,-1.0010280532213038
48.9332844,-1.1321644840580982
48.9666177,-1.0242937008050415
48.999951,
49.0332843,
49.0666176,
49.0999509,
49.1332842,
49.1666175,
49.1999508,
49.2332841,
49.2666174,
49.2999507,
49.333284,
49.3666173,
49.3999506,
49.4332839,
49.4666172,
49.4999505,
49.5332838,
49.5666171,
49.5999504,
49.6332837,
49.666617,
49.6999503,
49.7332836,
49.7666169,
49.7999502,
49.8332835,
49.8666168,
49.8999501,
49.9332834,
49.9666167,
49.99995,
50.0332833,
50.0666166,
50.0999499,
50.1332832,
50.1666165,
50.1999498,
50.2332831,
50.2666164,
50.2999497,
50.333283,
50.3666163,
50.3999496,
50.4332829,
50.4666162,
50.4999495,
50.5332828,
50.5666161,
50.5999494,
50.6332827,
50.666616,
50.6999493,
50.7332826,
50.7666159,
50.7999492,
50.8332825,
50.8666158,
50.8999491,
50.9332824,
50.9666157,
50.999949,
51.0332823,
51.0666156,
51.0999489,
51.1332822,
51.1666155,
51.1999488,
51.2332821,
51.2666154,
51.2999487,
51.333282,
51.3666153,
51.3999486,
51.4332819,
51.4666152,
51.4999485,
51.5332818,
51.5666151,
51.5999484,
51.6332817,
51.666615,
51.6999483,
51.7332816,
51.7666149,
51.7999482,
51.8332815,
51.8666148,
51.8999481,
51.9332814,
51.9666147,
51.999948,
52.0332813,
52.0666146,
52.0999479,
52.1332812,
52.1666145,
52.1999478,
52.2332811,
52.2666144,
52.2999477,
52.333281,
52.3666143,
52.3999476,
52.4332809,
52.4666142,
52.4999475,
52.5332808,
52.5666141,
52.5999474,
52.6332807,
52.666614,
52.6999473,
52.7332806,
52.7666139,
52.7999472,
52.8332805,
52.8666138,
52.8999471,
52.9332804,
52.9666137,
52.999947,
53.0332803,
53.0666136,
53.0999469,
53.1332802,
53.1666135,
53.1999468,
53.2332801,
53.2666134,
53.2999467,
53.33328,
53.3666133,
53.3999466,
53.4332799,
53.4666132,
53.4999465,
53.5332798,
53.5666131,
53.5999464,
53.6332797,
53.666613,
53.6999463,
53.7332796,
53.7666129,
53.7999462,
53.8332795,
53.8666128,
53.8999461,
53.9332794,
53.9666127,
53.999946,
54.0332793,
54.0666126,
54.0999459,
54.1332792,
54.1666125,
54.1999458,
54.2332791,
54.2666124,
54.2999457,
54.333279,
54.3666123,
54.3999456,
54.4332789,
54.4666122,
54.4999455,
54.5332788,
54.5666121,
54.5999454,
54.6332787,
54.666612,
54.6999453,
54.7332786,
54.7666119,
54.7999452,
54.8332785,
54.8666118,
54.8999451,
54.9332784,
54.9666117,
54.999945,
55.0332783,
55.0666116,
55.0999449,
55.1332782,
55.1666115,
55.1999448,
55.2332781,
55.2666114,
55.2999447,
55.333278,
55.3666113,
55.3999446,
55.4332779,
55.4666112,
55.4999445,
55.5332778,
55.5666111,
55.5999444,
55.6332777,
55.666611,
55.6999443,
55.7332776,
55.7666109,
55.7999442,
55.8332775,
55.8666108,
55.8999441,
55.9332774,
55.9666107,
55.999944,
56.0332773,
56.0666106,
56.0999439,
56.1332772,
56.1666105,
56.1999438,
56.2332771,
56.2666104,
56.2999437,
56.333277,
56.3666103,
56.3999436,
56.4332769,
56.4666102,
56.4999435,
56.5332768,
56.5666101,
56.5999434,
56.6332767,
56.66661,
56.6999433,
56.7332766,
56.7666099,
56.7999432,
56.8332765,
56.8666098,
56.8999431,
56.9332764,
56.9666097,
56.999943,
57.0332763,
57.0666096,
57.0999429,
57.1332762,
57.1666095,
57.1999428,
57.2332761,
57.2666094,
57.2999427,
57.333276,
57.3666093,
57.3999426,
57.4332759,
57.4666092,
57.4999425,
57.5332758,
57.5666091,
57.5999424,
57.6332757,
57.666609,
57.6999423,
57.7332756,
57.7666089,
57.7999422,
57.8332755,
57.8666088,
57.8999421,
57.9332754,
57.9666087,
57.999942,
58.0332753,
58.0666086,
58.0999419,
58.1332752,
58.1666085,
58.1999418,
58.2332751,
58.2666084,
58.2999417,
58.333275,
58.3666083,
58.3999416,
58.4332749,
58.4666082,
58.4999415,
58.5332748,
58.5666081,
58.5999414,
58.6332747,
58.666608,
58.6999413,
58.7332746,
58.7666079,
58.7999412,
58.8332745,
58.8666078,
58.8999411,
58.9332744,
58.9666077,
58.999941,
59.0332743,
59.0666076,
59.0999409,
59.1332742,
59.1666075,
59.1999408,
59.2332741,
59.2666074,
59.2999407,
59.333274,
59.3666073,
59.3999406,
59.4332739,
59.4666072,
59.4999405,
59.5332738,
59.5666071,
59.5999404,
59.6332737,
59.666607,
59.6999403,
59.7332736,
59.7666069,
59.7999402,
59.8332735,
59.8666068,
59.8999401,
59.9332734,
59.9666067,
59.99994,
60.0332733,
60.0666066,
60.0999399,
60.1332732,
60.1666065,
60.1999398,
60.2332731,
60.26660639999999,
60.2999397,
60.333273,
60.3666063,
60.3999396,
60.4332729,
60.4666062,
60.4999395,
60.5332728,
60.5666061,
60.5999394,
60.6332727,
60.666606,
60.6999393,
60.7332726,
60.7666059,
60.7999392,
60.8332725,
60.8666058,
60.8999391,
60.9332724,
60.9666057,
60.999939,
61.0332723,
61.0666056,
61.0999389,
61.1332722,
61.1666055,
61.1999388,
61.23327209999999,
61.2666054,
61.2999387,
61.333272,
61.3666053,
61.3999386,
61.4332719,
61.4666052,
61.4999385,
61.5332718,
61.5666051,
61.5999384,
61.6332717,
61.666605,
61.6999383,
61.7332716,
61.7666049,
61.7999382,
61.8332715,
61.8666048,
61.8999381,
61.9332714,
61.9666047,
61.999938,
62.0332713,
62.0666046,
62.09993789999999,
62.1332712,
62.1666045,
62.1999378,
62.2332711,
62.2666044,
62.2999377,
62.333271,
62.3666043,
62.3999376,
62.4332709,
62.4666042,
62.4999375,
62.5332708,
62.5666041,
62.5999374,
62.6332707,
62.666604,
62.6999373,
62.7332706,
62.7666039,
62.7999372,
62.8332705,
62.8666038,
62.8999371,
62.9332704,
62.9666037,
62.999937,
63.0332703,
63.06660359999999,
63.0999369,
63.1332702,
63.1666035,
63.1999368,
63.2332701,
63.2666034,
63.2999367,
63.33327,
63.3666033,
63.3999366,
63.4332699,
63.4666032,
63.4999365,
63.5332698,
63.5666031,
63.5999364,
63.6332697,
63.666603,
63.6999363,
63.7332696,
63.7666029,
63.7999362,
63.8332695,
63.8666028,
63.8999361,
63.93326939999999,
63.9666027,
63.999936,
64.0332693,
64.0666026,
64.09993589999999,
64.1332692,
64.1666025,
64.19993579999999,
64.2332691,
64.2666024,
64.29993569999999,
64.333269,
64.3666023,
64.39993559999999,
64.4332689,
64.4666022,
64.49993549999999,
64.5332688,
64.5666021,
64.59993539999999,
64.6332687,
64.666602,
64.69993529999999,
64.7332686,
64.7666019,
64.7999352,
64.8332685,
64.8666018,
64.8999351,
64.9332684,
64.9666017,
64.999935,
65.0332683,
65.0666016,
65.0999349,
65.1332682,
65.1666015,
65.1999348,
65.2332681,
65.2666014,
65.2999347,
65.33326799999999,
65.3666013,
65.3999346,
65.43326789999999,
65.4666012,
65.4999345,
65.53326779999999,
65.5666011,
65.5999344,
65.63326769999999,
65.666601,
65.6999343,
65.73326759999999,
65.7666009,
65.7999342,
65.83326749999999,
65.8666008,
65.8999341,
65.93326739999999,
65.9666007,
65.999934,
66.03326729999999,
66.0666006,
66.0999339,
66.13326719999999,
66.1666005,
66.1999338,
66.23326709999999,
66.2666004,
66.2999337,
66.33326699999999,
66.3666003,
66.3999336,
66.43326689999999,
66.4666002,
66.4999335,
66.53326679999999,
66.5666001,
66.5999334,
66.6332667,
66.6666,
66.6999333,
66.7332666,
66.7665999,
66.7999332,
66.8332665,
66.8665998,
66.8999331,
66.9332664,
66.9665997,
66.999933,
67.0332663,
67.0665996,
67.0999329,
67.1332662,
67.16659949999999,
67.1999328,
67.2332661,
67.26659939999999,
67.2999327,
67.333266,
67.36659929999999,
67.3999326,
67.4332659,
67.46659919999999,
67.4999325,
67.5332658,
67.56659909999999,
67.5999324,
67.6332657,
67.66659899999999,
67.6999323,
67.7332656,
67.76659889999999,
67.7999322,
67.8332655,
67.86659879999999,
67.8999321,
67.9332654,
67.96659869999999,
67.999932,
68.0332653,
68.06659859999999,
68.0999319,
68.1332652,
68.16659849999999,
68.1999318,
68.2332651,
68.26659839999999,
68.2999317,
68.333265,
68.36659829999999,
68.3999316,
68.4332649,
68.46659819999999,
68.4999315,
68.5332648,
68.5665981,
68.5999314,
68.6332647,
68.666598,
68.6999313,
68.7332646,
68.7665979,
68.7999312,
68.8332645,
68.8665978,
68.8999311,
68.9332644,
68.9665977,
68.99993099999999,
69.0332643,
69.0665976,
69.09993089999999,
69.1332642,
69.1665975,
69.19993079999999,
69.2332641,
69.2665974,
69.29993069999999,
69.333264,
69.3665973,
69.39993059999999,
69.4332639,
69.4665972,
69.49993049999999,
69.5332638,
69.5665971,
69.59993039999999,
69.6332637,
69.666597,
69.69993029999999,
69.7332636,
69.7665969,
69.79993019999999,
69.8332635,
69.8665968,
69.89993009999999,
69.9332634,
69.9665967,
69.99992999999999,
70.0332633,
70.0665966,
70.09992989999999,
70.1332632,
70.1665965,
70.19992979999999,
70.2332631,
70.2665964,
70.29992969999999,
70.333263,
70.3665963,
70.3999296,
70.4332629,
70.4665962,
70.4999295,
70.5332628,
70.5665961,
70.5999294,
70.6332627,
70.666596,
70.6999293,
70.7332626,
70.7665959,
70.7999292,
70.83326249999999,
70.8665958,
70.8999291,
70.93326239999999,
70.9665957,
70.999929,
71.03326229999999,
71.0665956,
71.0999289,
71.13326219999999,
71.1665955,
71.1999288,
71.23326209999999,
71.2665954,
71.2999287,
71.33326199999999,
71.3665953,
71.3999286,
71.43326189999999,
71.4665952,
71.4999285,
71.53326179999999,
71.5665951,
