window_index,time_s,window_start_s,window_end_s,old_accepted,old_bpm,candidate_bpm,candidate_generated,candidate_proposal_supported,contributing_rois,contributing_roi_names,old_window_finite,candidate_window_finite,motion_available,motion_status,motion_speed_face_per_s,motion_strength,motion_reliability,old_motion_risk,old_motion_risk_direct,old_motion_risk_double,old_motion_risk_half,candidate_motion_risk_direct,candidate_motion_risk_double,candidate_motion_risk_half,candidate_motion_risk,motion_risk_decrease,route_eligible,reason
0,4.999995,0.0,9.99999,False,,,False,False,0,[],False,False,False,not_evaluated,,,,,,,,,,,,,False,old_hr_not_accepted
1,5.999994,0.999999,10.999989,False,,,False,False,0,[],False,False,False,not_evaluated,,,,,,,,,,,,,False,old_hr_not_accepted
2,6.999993,1.999998,11.999988,False,,85.0,True,True,2,"[""left_cheek"", ""right_cheek""]",False,True,False,not_evaluated,,,,,,,,,,,,,False,old_hr_not_accepted
3,7.999992,2.999997,12.999986999999999,True,162.0,85.0,True,True,2,"[""left_cheek"", ""right_cheek""]",True,True,True,observed_motion,0.03143494637744691,0.015564412613105537,1.0,0.005256055673839051,0.005256055673839051,0.0011363972149569552,0.004719277440917406,0.0037421124836475622,0.009845987657831389,0.0018068864270617384,0.007876790126265111,-0.0026207344524260597,False,old_motion_risk_below_threshold
4,8.999991,3.999996,13.999986,True,162.0,84.0,True,True,2,"[""left_cheek"", ""right_cheek""]",True,True,True,observed_motion,0.024818040221214734,0.009758789428480477,1.0,0.003129636827316408,0.003129636827316408,3.9149680090093996e-05,0.0032887560478216823,0.0019003792623406108,0.004343524551845126,0.0011010964736773386,0.0034748196414761006,-0.00034518281415969266,False,old_motion_risk_below_threshold
5,9.99999,4.999995,14.999984999999999,True,162.0,83.0,True,True,2,"[""left_cheek"", ""right_cheek""]",True,True,True,observed_motion,0.026033830345121245,0.010727830790130727,1.0,0.003984500595569558,0.003984500595569558,0.0003703901677655112,0.005486047941134593,0.0040269647064236115,0.003979345733917758,0.00113699218325655,0.0040269647064236115,-4.246411085405324e-05,False,old_motion_risk_below_threshold
6,10.999989,5.999994,15.999984,True,162.0,81.0,True,True,2,"[""left_cheek"", ""right_cheek""]",True,True,True,observed_motion,0.028312184229476775,0.012662871585232062,1.0,0.004992795836192537,0.004992795836192537,0.002010628496627744,0.008176741135354383,0.008176741135354383,0.004992795836192537,0.0015809918718877396,0.008176741135354383,-0.003183945299161847,False,old_motion_risk_below_threshold
7,11.999988,6.999993,16.999983,True,162.0,80.0,True,True,2,"[""left_cheek"", ""right_cheek""]",True,True,True,observed_motion,0.034760535611870126,0.01896605205231229,1.0,0.005971568881894506,0.005971568881894506,0.004562619155726041,0.01090730352476342,0.010088633235840192,0.010223943854119316,0.0038062959031917947,0.010088633235840192,-0.004117064353945686,False,old_motion_risk_below_threshold
8,12.999986999999999,7.999992,17.999982,True,126.0,78.0,True,True,3,"[""forehead"", ""left_cheek"", ""right_cheek""]",True,True,True,observed_motion,0.03875342482391146,0.02346539128685727,1.0,0.011438699362277809,0.0032450008398480345,0.001444872342544881,0.022877398724555617,0.0036440257601568424,0.014570290707418812,0.00721166083154867,0.011656232565935051,-0.00021753320365724277,False,old_motion_risk_below_threshold
9,13.999986,8.999991,18.999981,True,126.0,76.0,True,True,2,"[""forehead"", ""left_cheek""]",True,True,True,observed_motion,0.039471309242575234,0.024321468611341525,1.0,0.011998046199964594,0.007303939862985274,0.001499464485456559,0.023996092399929187,0.002876391939475503,0.010682196017904192,0.008595781879584794,0.008545756814323353,0.00345228938564124,False,old_motion_risk_below_threshold
10,14.999984999999999,9.99999,19.99998,True,126.0,75.0,True,True,2,"[""forehead"", ""left_cheek""]",True,True,True,observed_motion,0.0390226723358557,0.023784803142028757,1.0,0.012947527884443191,0.012947527884443191,0.0024454232329549036,0.01893664832435577,0.0058341637535584984,0.009910781094907875,0.010140057781200272,0.0079286248759263,0.00501890300851689,False,old_motion_risk_below_threshold
11,15.999984,10.999989,20.999979,True,126.0,74.0,True,True,3,"[""forehead"", ""left_cheek"", ""right_cheek""]",True,True,True,observed_motion,0.04848290809915122,0.036246274576162474,1.0,0.024982860881101607,0.024982860881101607,0.0057716210822676955,0.017664920603541183,0.011563115046134989,0.013747176440225408,0.018277935230796214,0.011563115046134989,0.013419745834966619,False,old_motion_risk_below_threshold
12,16.999983,11.999988,21.999978,True,74.0,73.0,True,True,3,"[""forehead"", ""left_cheek"", ""right_cheek""]",True,True,True,observed_motion,0.05674724737659348,0.04899935835095203,1.0,0.016711352338098638,0.016689274314831293,0.017886770033903154,0.033422704676197276,0.016875169463008845,0.021127958383825526,0.03587141677221423,0.017935708386107117,-0.0012243560480084785,False,old_motion_risk_below_threshold
13,17.999982,12.999986999999999,22.999976999999998,True,73.0,73.0,True,True,3,"[""forehead"", ""left_cheek"", ""right_cheek""]",True,True,True,observed_motion,0.05996406578311784,0.05440126624846409,1.0,0.0171701671834834,0.00979397287299247,0.011896509314261453,0.0343403343669668,0.00979397287299247,0.011896509314261453,0.0343403343669668,0.0171701671834834,0.0,False,old_motion_risk_below_threshold
14,18.999981,13.999986,23.999976,True,73.0,73.0,True,True,3,"[""forehead"", ""left_cheek"", ""right_cheek""]",True,True,True,observed_motion,0.06054884145908212,0.055408415419992293,1.0,0.01600221505178875,0.011161102048464044,0.005745116988783244,0.0320044301035775,0.011161102048464044,0.005745116988783244,0.0320044301035775,0.01600221505178875,0.0,False,old_motion_risk_below_threshold
15,19.99998,14.999984999999999,24.999975,True,73.0,73.0,True,True,3,"[""forehead"", ""left_cheek"", ""right_cheek""]",True,True,True,observed_motion,0.0599939977558407,0.054452632153180844,1.0,0.018966835105603385,0.018966835105603385,0.004100950919343609,0.03415372624801392,0.018966835105603385,0.004100950919343609,0.03415372624801392,0.018966835105603385,0.0,False,old_motion_risk_below_threshold
16,20.999979,15.999984,25.999973999999998,True,74.0,72.0,True,True,3,"[""forehead"", ""left_cheek"", ""right_cheek""]",True,True,True,observed_motion,0.061198018254980543,0.05653538042245367,1.0,0.02724652982698766,0.02724652982698766,0.0027424321148791777,0.03285819909680339,0.026913620998109167,0.003731594881314914,0.037964009344589926,0.026913620998109167,0.00033290882887849343,False,old_motion_risk_below_threshold
17,21.999978,16.999983,26.999972999999997,True,75.0,71.0,True,True,3,"[""forehead"", ""left_cheek"", ""right_cheek""]",True,True,True,observed_motion,0.058484385972056845,0.05188715766648613,1.0,0.03015565755180584,0.03015565755180584,0.002939449871948729,0.028010393312024,0.028142017928911817,0.002635493355973219,0.03610193185084292,0.028142017928911817,0.002013639622894022,False,old_motion_risk_below_threshold
18,22.999976999999998,17.999982,27.999972,True,76.0,71.0,True,True,3,"[""forehead"", ""left_cheek"", ""right_cheek""]",True,True,True,observed_motion,0.0738866706849248,0.0803310939980434,1.0,0.05803258734143246,0.05803258734143246,0.005474723129747484,0.04775032775851453,0.04777135182853128,0.0030130421847210844,0.05593367140919659,0.04777135182853128,0.01026123551290118,False,old_motion_risk_below_threshold
19,23.999976,18.999981,28.999971,True,77.0,71.0,False,True,0,[],True,True,False,not_evaluated,,,,,,,,,,,,,False,candidate_not_generated_and_supported
20,24.999975,19.99998,29.999969999999998,True,78.0,71.0,True,True,2,"[""left_cheek"", ""right_cheek""]",True,True,True,observed_motion,0.08932557255796393,0.11321175607482196,1.0,0.039534198186009346,0.00924044809359868,0.0031389820215763056,0.07906839637201869,0.014277771931686825,0.003031611252481411,0.06917860878757232,0.03458930439378616,0.004944893792223189,False,old_motion_risk_below_threshold
21,25.999973999999998,20.999979,30.999969,True,79.0,71.0,False,True,0,[],True,True,False,not_evaluated,,,,,,,,,,,,,False,candidate_not_generated_and_supported
22,26.999972999999997,21.999978,31.999968,True,80.0,72.0,False,True,0,[],True,True,False,not_evaluated,,,,,,,,,,,,,False,candidate_not_generated_and_supported
23,27.999972,22.999976999999998,32.999967,True,81.0,74.0,False,True,0,[],True,True,False,not_evaluated,,,,,,,,,,,,,False,candidate_not_generated_and_supported
24,28.999971,23.999976,33.999966,True,81.0,76.0,False,True,0,[],True,True,False,not_evaluated,,,,,,,,,,,,,False,candidate_not_generated_and_supported
25,29.999969999999998,24.999975,34.999964999999996,True,81.0,78.0,False,True,0,[],True,True,False,not_evaluated,,,,,,,,,,,,,False,candidate_not_generated_and_supported
26,30.999969,25.999973999999998,35.999964,True,81.0,81.0,True,True,3,"[""forehead"", ""left_cheek"", ""right_cheek""]",True,True,True,observed_motion,0.08176832685508424,0.09663882213527832,1.0,0.04809447584926331,0.0008366004872839318,0.0056539576559156346,0.09618895169852662,0.0008366004872839318,0.0056539576559156346,0.09618895169852662,0.04809447584926331,0.0,False,old_motion_risk_below_threshold
27,31.999968,26.999972999999997,36.999963,True,81.0,80.0,True,True,2,"[""forehead"", ""left_cheek""]",True,True,True,observed_motion,0.08141117759774417,0.09587722697586697,1.0,0.041627112564657176,0.0015897400833331876,0.009597440743083907,0.08325422512931435,0.001630581210020164,0.010215801084484959,0.07586977448317625,0.037934887241588125,0.003692225323069051,False,old_motion_risk_below_threshold
28,32.999967,27.999972,37.999962,True,81.0,79.0,True,True,2,"[""forehead"", ""left_cheek""]",True,True,True,observed_motion,0.06443992801598966,0.062300799720909086,1.0,0.00717950480018491,0.0005939081020085257,0.002427059895397327,0.01435900960036982,0.0016012552441712455,0.002898059396786552,0.011312011317052773,0.005656005658526387,0.0015234991416585237,False,old_motion_risk_below_threshold
29,33.999966,28.999971,38.999961,True,80.0,79.0,True,True,3,"[""forehead"", ""left_cheek"", ""right_cheek""]",True,True,True,observed_motion,0.051157552359732884,0.04019060059221173,1.0,0.0027183543153419293,0.0006864675593165518,0.0007943481935056614,0.005436708630683859,0.0009100003679403005,0.0013075307486446021,0.0055234561566151865,0.0027617280783075932,-4.3373762965663934e-05,False,old_motion_risk_below_threshold
30,34.999964999999996,29.999969999999998,39.99996,True,80.0,79.0,True,True,3,"[""forehead"", ""left_cheek"", ""right_cheek""]",True,True,True,observed_motion,0.08039060305940433,0.09371230873988182,1.0,0.0022541799927829494,0.0021406272929535945,0.0017267765915881205,0.004508359985565899,0.0018716145486406964,0.0034745923838722347,0.005086707930426304,0.002779673907097788,-0.0005254939143148384,False,old_motion_risk_below_threshold
31,35.999964,30.999969,40.999959,True,79.0,78.0,True,True,2,"[""forehead"", ""right_cheek""]",True,True,True,observed_motion,0.08058828352937605,0.09413031662472827,1.0,0.003901595884974453,0.0037954828295280354,0.004876994856218066,0.0021426652343373336,0.0026464839012977706,0.005477168345321308,0.0024936194164143144,0.004381734676257047,-0.0004801387912825939,False,old_motion_risk_below_threshold
32,36.999963,31.999968,41.999958,True,78.0,77.0,True,True,2,"[""forehead"", ""right_cheek""]",True,True,True,observed_motion,0.08018431713489618,0.09327678873502213,1.0,0.008644489376375273,0.007413257530752441,0.0071497568874373625,0.017288978752750546,0.006953716799949271,0.00711915658782206,0.01899909197678242,0.00949954598839121,-0.0008550566120159378,False,old_motion_risk_below_threshold
33,37.999962,32.999967,42.999956999999995,True,78.0,77.0,True,True,3,"[""forehead"", ""left_cheek"", ""right_cheek""]",True,True,True,observed_motion,0.080490870231961,0.09392424993290954,1.0,0.019267410794244932,0.013750461569697746,0.009167651578327954,0.038534821588489865,0.014315423393229842,0.010083345296937461,0.040903945598583576,0.020451972799291788,-0.0011845620050468554,False,old_motion_risk_below_threshold
34,38.999961,33.999966,43.999956,True,78.0,77.0,True,True,3,"[""forehead"", ""left_cheek"", ""right_cheek""]",True,True,True,observed_motion,0.08001435386565445,0.09291848196064954,1.0,0.027243196316615516,0.018528420730293278,0.010474575737795887,0.05448639263323103,0.01933595979736207,0.012106290423694667,0.056984535787723736,0.028492267893861868,-0.0012490715772463523,False,old_motion_risk_below_threshold
35,39.99996,34.999964999999996,44.999955,False,,,False,False,0,[],False,False,False,not_evaluated,,,,,,,,,,,,,False,old_hr_not_accepted
36,40.999959,35.999964,45.999953999999995,False,,,False,False,0,[],False,False,False,not_evaluated,,,,,,,,,,,,,False,old_hr_not_accepted
