time_s,base,covered,observed,interpolated
0.0,,False,False,False
0.0333332999999999,,False,False,False
0.0666665999999999,,False,False,False
0.0999998999999999,,False,False,False
0.1333331999999999,,False,False,False
0.1666665,,False,False,False
0.1999997999999999,,False,False,False
0.2333331,,False,False,False
0.2666663999999999,,False,False,False
0.2999997,,False,False,False
0.333333,,False,False,False
0.3666663,,False,False,False
0.3999995999999999,,False,False,False
0.4333328999999999,,False,False,False
0.4666662,,False,False,False
0.4999995,,False,False,False
0.5333327999999999,,False,False,False
0.5666661,,False,False,False
0.5999994,,False,False,False
0.6333327,,False,False,False
0.666666,,False,False,False
0.6999993,,False,False,False
0.7333326,,False,False,False
0.7666659,,False,False,False
0.7999991999999999,,False,False,False
0.8333324999999999,,False,False,False
0.8666657999999999,,False,False,False
0.8999990999999999,,False,False,False
0.9333324,,False,False,False
0.9666657,,False,False,False
0.999999,,False,False,False
1.0333323,,False,False,False
1.0666656,,False,False,False
1.0999989,,False,False,False
1.1333322,,False,False,False
1.1666655,,False,False,False
1.1999988,,False,False,False
1.2333321,,False,False,False
1.2666654,,False,False,False
1.2999987,,False,False,False
1.333332,,False,False,False
1.3666653,,False,False,False
1.3999986,,False,False,False
1.4333319,,False,False,False
1.4666652,,False,False,False
1.4999985,,False,False,False
1.5333318,,False,False,False
1.5666650999999998,,False,False,False
1.5999983999999998,,False,False,False
1.6333316999999998,,False,False,False
1.6666649999999998,,False,False,False
1.6999983,,False,False,False
1.7333316,,False,False,False
1.7666649,,False,False,False
1.7999982,,False,False,False
1.8333315,,False,False,False
1.8666648,,False,False,False
1.8999981,,False,False,False
1.9333314,,False,False,False
1.9666647,,False,False,False
1.999998,,False,False,False
2.0333313,,False,False,False
2.0666646,,False,False,False
2.0999979,,False,False,False
2.1333312,,False,False,False
2.1666645,,False,False,False
2.1999978,,False,False,False
2.2333311,,False,False,False
2.2666644,,False,False,False
2.2999977,,False,False,False
2.333331,,False,False,False
2.3666643,,False,False,False
2.3999976,,False,False,False
2.4333309,,False,False,False
2.4666642,,False,False,False
2.4999975,,False,False,False
2.5333308,,False,False,False
2.5666641,,False,False,False
2.5999974,,False,False,False
2.6333307,,False,False,False
2.666664,,False,False,False
2.6999973,,False,False,False
2.7333306,,False,False,False
2.7666639,,False,False,False
2.7999972,,False,False,False
2.8333305,,False,False,False
2.8666638,,False,False,False
2.8999971,,False,False,False
2.9333304,,False,False,False
2.9666637,,False,False,False
2.999997,,False,False,False
3.0333303,,False,False,False
3.0666636,,False,False,False
3.0999969,,False,False,False
3.1333302,,False,False,False
3.1666635,,False,False,False
3.1999968,,False,False,False
3.2333301,,False,False,False
3.2666634,,False,False,False
3.2999967,,False,False,False
3.33333,,False,False,False
3.3666633,,False,False,False
3.3999966,,False,False,False
3.4333299,,False,False,False
3.4666632,,False,False,False
3.4999965,,False,False,False
3.5333298,,False,False,False
3.5666631,,False,False,False
3.5999964,,False,False,False
3.6333297,,False,False,False
3.666663,,False,False,False
3.6999963,,False,False,False
3.7333296,,False,False,False
3.7666629,,False,False,False
3.7999962,,False,False,False
3.8333295,,False,False,False
3.8666628,,False,False,False
3.8999961,,False,False,False
3.9333294,,False,False,False
3.9666627,,False,False,False
3.999996,0.26264228066438544,True,True,False
4.0333293,0.35350638668622314,True,True,False
4.0666626,0.6198463267515981,True,True,False
4.0999959,0.9595588875946812,True,True,False
4.1333292,1.20769097595258,True,True,False
4.1666625,1.2155540929958641,True,True,False
4.1999958,0.9162010329814203,True,True,False
4.2333291,0.3479090129821464,True,True,False
4.2666624,-0.3636154162840318,True,True,False
4.2999957,-1.0485263099916287,True,True,False
4.333329,-1.5450982389599508,True,True,False
4.3666623,-1.744723256664955,True,True,False
4.3999956,-1.617131660522116,True,True,False
4.433328899999999,-1.2145625965117113,True,True,False
4.4666622,-0.6583228005836349,True,True,False
4.4999955,-0.10550403295882153,True,True,False
4.5333288,0.30306037032717437,True,True,False
4.566662099999999,0.4959549405936453,True,True,False
4.5999954,0.49823188588908596,True,True,False
4.6333287,0.41570474601904706,True,True,False
4.666662,0.3831107053160911,True,True,False
4.699995299999999,0.5004316311723481,True,True,False
4.7333286,0.7823918596536832,True,True,False
4.7666619,1.1377147387910511,True,True,False
4.7999952,1.3903051920068892,True,True,False
4.8333285,1.3481275577199778,True,True,False
4.8666618,0.9008084362400476,True,True,False
4.8999951,0.09523668262140524,True,True,False
4.9333284,-0.8621921775151747,True,True,False
4.9666617,-1.6851059902266945,True,True,False
4.999995,-2.1257756219379256,True,True,False
5.0333283,-2.0721993639803857,True,True,False
5.0666616,-1.5840661624352939,True,True,False
5.0999949,-0.8623301320711726,True,True,False
5.133328199999999,-0.17028334922906022,True,True,False
5.1666615,0.26428926037951245,True,True,False
5.1999948,0.3297692840337082,True,True,False
5.2333281,0.0648180793699925,True,True,False
5.266661399999999,-0.3629553537397718,True,True,False
5.2999947,-0.7232940505251174,True,True,False
5.333328,-0.8113416228101428,True,True,False
5.3666613,-0.5285237608896621,True,True,False
5.399994599999999,0.07069486667881425,True,True,False
5.4333279,0.7876494489796139,True,True,False
5.4666612,1.349260444090302,True,True,False
5.4999945,1.5130031087441211,True,True,False
5.5333278,1.1609992021125124,True,True,False
5.5666611,0.34841734406550295,True,True,False
5.5999944,-0.7049522125488644,True,True,False
5.6333277,-1.67695892742937,True,True,False
5.666661,-2.2456071463896428,True,True,False
5.699994299999999,-2.2026677378447714,True,True,False
5.7333276,-1.536285699741512,True,True,False
5.7666609,-0.4450350403232999,True,True,False
5.7999942,0.7282409523318097,True,True,False
5.833327499999999,1.6236443051238643,True,True,False
5.8666608,2.007667490929864,True,True,False
5.8999941,1.8670459955410152,True,True,False
5.9333274,1.3955444172355864,True,True,False
5.966660699999999,0.8755659524003866,True,True,False
5.999994,0.5271820093846219,True,True,False
6.0333273,0.41390242062011107,True,True,False
6.0666606,0.44583701879035537,True,True,False
6.099993899999999,0.4568941082454878,True,True,False
6.1333272,0.30049424438349553,True,True,False
6.1666605,-0.0808167283417897,True,True,False
6.1999938,-0.6337027170698099,True,True,False
6.2333271,-1.221865216918706,True,True,False
6.266660399999999,-1.6850224804962775,True,True,False
6.2999937,-1.898708702243347,True,True,False
6.333327,-1.8106903965341554,True,True,False
6.3666603,-1.44886109813998,True,True,False
6.399993599999999,-0.9088671816152526,True,True,False
6.4333269,-0.327934138001166,True,True,False
6.4666602,0.15345417024508778,True,True,False
6.4999935,0.436018592575718,True,True,False
6.533326799999999,0.49760361001703374,True,True,False
6.5666601,0.4025693742905279,True,True,False
6.5999934,0.2739930836500203,True,True,False
6.6333267,0.2355695058386197,True,True,False
6.666659999999999,0.3485512891622582,True,True,False
6.6999933,0.576681795717297,True,True,False
6.7333266,0.8020844268556693,True,True,False
6.7666599,0.8867111047068752,True,True,False
6.799993199999999,0.7436006098399862,True,True,False
6.8333265,0.378056392982324,True,True,False
6.8666598,-0.11627822291032228,True,True,False
6.8999931,-0.5959473293079129,True,True,False
6.9333264,-0.9220897779623717,True,True,False
6.966659699999999,-1.0120576510450958,True,True,False
6.999993,-0.8696938544921264,True,True,False
7.0333263,-0.5814085298052268,True,True,False
7.0666596,-0.27759471394324897,True,True,False
7.099992899999999,-0.0759268646066748,True,True,False
7.1333262,-0.03241123156394987,True,True,False
7.1666595,-0.12176942716445385,True,True,False
7.1999928,-0.25292501831594116,True,True,False
7.233326099999999,-0.3106105992780767,True,True,False
7.2666594,-0.206574422906423,True,True,False
7.2999927,0.07985807467388405,True,True,False
7.333326,0.4889593906313639,True,True,False
7.366659299999999,0.8991679925776069,True,True,False
7.3999926,1.1670819830458834,True,True,False
7.4333259,1.1750415714910192,True,True,False
7.4666592,0.8747879911128458,True,True,False
7.499992499999999,0.31629805623541674,True,True,False
7.533325799999999,-0.3526327036508619,True,True,False
7.5666591,-0.9290923369609566,True,True,False
7.5999924,-1.233611113485072,True,True,False
7.633325699999999,-1.1901435360694563,True,True,False
7.666658999999999,-0.8645253912691802,True,True,False
7.6999923,-0.43777066722203767,True,True,False
7.7333256,-0.1227457641408655,True,True,False
7.766658899999999,-0.06273361740157377,True,True,False
7.799992199999999,-0.26349902232736605,True,True,False
7.8333255,-0.5933794362819795,True,True,False
7.8666588,-0.8472061062429413,True,True,False
7.899992099999999,-0.8386644924231602,True,True,False
7.933325399999999,-0.48041573521744296,True,True,False
7.9666587,0.17550253513646305,True,True,False
7.999992,0.9485461099820337,True,True,False
8.0333253,1.590510815823586,True,True,False
8.0666586,1.878653485264393,True,True,False
8.0999919,1.7051426662858813,True,True,False
8.1333252,1.1230477558516625,True,True,False
8.166658499999999,0.3266580141902691,True,True,False
8.1999918,-0.4245301342543604,True,True,False
8.2333251,-0.902583993332118,True,True,False
8.266658399999999,-0.9876705430142306,True,True,False
8.2999917,-0.7011526431006365,True,True,False
8.333325,-0.19220842505625862,True,True,False
8.3666583,0.3179822801902627,True,True,False
8.3999916,0.6221791606543124,True,True,False
8.433324899999999,0.6125737665157637,True,True,False
8.4666582,0.3257082115834033,True,True,False
8.4999915,-0.07769487244213737,True,True,False
8.533324799999999,-0.38903835670421544,True,True,False
8.5666581,-0.4466282831745569,True,True,False
8.5999914,-0.20559690708982392,True,True,False
8.6333247,0.2449796422050567,True,True,False
8.666658,0.7226767855356037,True,True,False
8.699991299999999,1.0305856093991352,True,True,False
8.7333246,1.036607273561249,True,True,False
8.7666579,0.7179178737242904,True,True,False
8.7999912,0.15931516722018987,True,True,False
8.8333245,-0.48274285605844686,True,True,False
8.866657799999999,-1.0321010364895733,True,True,False
8.8999911,-1.3455335116899727,True,True,False
8.9333244,-1.354323689298901,True,True,False
8.966657699999999,-1.0862814533477856,True,True,False
8.999991,-0.6593757650011087,True,True,False
9.0333243,-0.2404311350667371,True,True,False
9.0666576,0.02094823060288737,True,True,False
9.0999909,0.053804067266306134,True,True,False
9.1333242,-0.10622565438676444,True,True,False
9.1666575,-0.3332774461815901,True,True,False
9.1999908,-0.46431425007243227,True,True,False
9.2333241,-0.3686872397526191,True,True,False
9.2666574,-0.007570055285118209,True,True,False
9.2999907,0.541320483547859,True,True,False
9.333324,1.1064667985328835,True,True,False
9.3666573,1.4864250606748695,True,True,False
9.3999906,1.5301029562742303,True,True,False
9.4333239,1.201164415474075,True,True,False
9.4666572,0.5996744178079604,True,True,False
9.4999905,-0.07043777534293963,True,True,False
9.5333238,-0.5761399765476656,True,True,False
9.5666571,-0.7416472593233362,True,True,False
9.5999904,-0.5154527899814807,True,True,False
9.6333237,0.00365981884284226,True,True,False
9.666657,0.5957866540215608,True,True,False
9.6999903,1.0024014100951961,True,True,False
9.7333236,1.0329586326611677,True,True,False
9.7666569,0.6489172568196917,True,True,False
9.7999902,-0.013812462210494966,True,True,False
9.8333235,-0.6963810216663046,True,True,False
9.8666568,-1.1227167427093534,True,True,False
9.8999901,-1.1156964231848447,True,True,False
9.9333234,-0.6750284363595704,True,True,False
9.9666567,0.017379605465673183,True,True,False
9.99999,0.6703805345344878,True,True,False
10.0333233,1.005807788475852,True,True,False
10.0666566,0.8759532801067512,True,True,False
10.0999899,0.3240956703625954,True,True,False
10.1333232,-0.43662193996353704,True,True,False
10.1666565,-1.1136484166560576,True,True,False
10.1999898,-1.4535516328663614,True,True,False
10.2333231,-1.3390810669094984,True,True,False
10.2666564,-0.8281611498015057,True,True,False
10.2999897,-0.12327020106301352,True,True,False
10.333323,0.5131813102053414,True,True,False
10.3666563,0.8618425200177166,True,True,False
10.3999896,0.8274552209532049,True,True,False
10.4333229,0.4695206314530936,True,True,False
10.4666562,-0.025936387981986286,True,True,False
10.4999895,-0.42219339006226575,True,True,False
10.5333228,-0.526119981122014,True,True,False
10.5666561,-0.26346827350297575,True,True,False
10.5999894,0.2928007324579499,True,True,False
10.6333227,0.9491310162013766,True,True,False
10.666656,1.4627406726621919,True,True,False
10.6999893,1.632723983332714,True,True,False
10.7333226,1.376260104987871,True,True,False
10.7666559,0.7593686342681271,True,True,False
10.7999892,-0.029707074949324938,True,True,False
10.8333225,-0.7525372538376044,True,True,False
10.8666558,-1.2067128183699456,True,True,False
10.8999891,-1.2900194982206963,True,True,False
10.9333224,-1.0220057401621636,True,True,False
10.9666557,-0.5261759502597815,True,True,False
10.999989,0.013867066569846119,True,True,False
11.0333223,0.4139898778831338,True,True,False
11.0666556,0.5517370502794379,True,True,False
11.0999889,0.4093901206366778,True,True,False
11.1333222,0.07795362235867787,True,True,False
11.1666555,-0.2827780562211895,True,True,False
11.1999888,-0.5123331222369101,True,True,False
11.2333221,-0.5166043124217918,True,True,False
11.2666554,-0.3051914864400222,True,True,False
11.2999887,0.01773876767121966,True,True,False
11.333322,0.30542155268957377,True,True,False
11.3666553,0.4361383523531096,True,True,False
11.3999886,0.3614107815751133,True,True,False
11.4333219,0.11671547877674486,True,True,False
11.4666552,-0.19965644984732095,True,True,False
11.4999885,-0.46511836665408357,True,True,False
11.5333218,-0.5765410271859425,True,True,False
11.5666551,-0.48684888481908023,True,True,False
11.5999884,-0.2215177161215322,True,True,False
11.6333217,0.1305599967473867,True,True,False
11.666655,0.446652524072399,True,True,False
11.6999883,0.6099724732480368,True,True,False
11.7333216,0.5503103328835751,True,True,False
11.7666549,0.2752826733568048,True,True,False
11.7999882,-0.1224302131922811,True,True,False
11.8333215,-0.4919745906025907,True,True,False
11.8666548,-0.6781000734668508,True,True,False
11.8999881,-0.5814134171276679,True,True,False
11.9333214,-0.204553424772788,True,True,False
11.9666547,0.333895954231065,True,True,False
11.999988,0.8325339538765155,True,True,False
12.0333213,1.0842921015071345,True,True,False
12.0666546,0.9674483438910487,True,True,False
12.0999879,0.5042222558495429,True,True,False
12.1333212,-0.14346615520937572,True,True,False
12.1666545,-0.7372928198983306,True,True,False
12.1999878,-1.0574500262846767,True,True,False
12.2333211,-0.9910476501799758,True,True,False
12.2666544,-0.5788575793246771,True,True,False
12.2999877,-0.000472507859877634,True,True,False
12.333321,0.4991636789970179,True,True,False
12.3666543,0.714161092458907,True,True,False
12.3999876,0.5678475775438196,True,True,False
12.4333209,0.14587419458210701,True,True,False
12.4666542,-0.3444417000746676,True,True,False
12.4999875,-0.6683286442478937,True,True,False
12.533320799999998,-0.6661794791094867,True,True,False
12.5666541,-0.3206301906772092,True,True,False
12.5999874,0.23524010843560889,True,True,False
12.6333207,0.7684943668459847,True,True,False
12.666654,1.0374543319787073,True,True,False
12.6999873,0.8907794527403693,True,True,False
12.7333206,0.3341045719033079,True,True,False
12.7666539,-0.4663984377876856,True,True,False
12.7999872,-1.2454366962051362,True,True,False
12.8333205,-1.7375130294783316,True,True,False
12.8666538,-1.7731771677735142,True,True,False
12.8999871,-1.337744304823634,True,True,False
12.9333204,-0.5738254885098472,True,True,False
12.9666537,0.27183493384027296,True,True,False
12.999987,0.9389901697594325,True,True,False
13.0333203,1.2484467407577902,True,True,False
13.0666536,1.1620544242674178,True,True,False
13.0999869,0.7832452920736281,True,True,False
13.1333202,0.3018195147512058,True,True,False
13.1666535,-0.08794804201432187,True,True,False
13.1999868,-0.26206630366198025,True,True,False
13.233320099999998,-0.20864959829580754,True,True,False
13.2666534,-0.021685685397566195,True,True,False
13.2999867,0.1521895553697147,True,True,False
13.33332,0.18831255430568244,True,True,False
13.3666533,0.040096617031644445,True,True,False
13.3999866,-0.24930717666391725,True,True,False
13.4333199,-0.5765361445564815,True,True,False
13.4666532,-0.8263077248812131,True,True,False
13.4999865,-0.9150105576283465,True,True,False
13.5333198,-0.8162099859296171,True,True,False
13.5666531,-0.5655635980239071,True,True,False
13.5999864,-0.2477565575288971,True,True,False
13.6333197,0.03198494977279147,True,True,False
13.666653,0.18783695430338135,True,True,False
13.6999863,0.19230182049694347,True,True,False
13.7333196,0.09278260053579988,True,True,False
13.7666529,-0.009094796880894917,True,True,False
13.7999862,-0.008161856451901402,True,True,False
13.8333195,0.14900221874552128,True,True,False
13.8666528,0.43047123643067664,True,True,False
13.8999861,0.7228945917553836,True,True,False
13.933319399999998,0.8754074138473097,True,True,False
13.9666527,0.7692555954278576,True,True,False
13.999986,0.3810618267395325,True,True,False
14.0333193,-0.19552600226255823,True,True,False
14.0666526,-0.784167090630608,True,True,False
14.0999859,-1.1989051575883907,True,True,False
14.1333192,-1.3181127527355068,True,True,False
14.1666525,-1.124294185819036,True,True,False
14.1999858,-0.6973475283946092,True,True,False
14.2333191,-0.17412280346732195,True,True,False
14.2666524,0.30231418909927615,True,True,False
14.2999857,0.624762670262242,True,True,False
14.333319,0.7459922969208665,True,True,False
14.3666523,0.6834717028938709,True,True,False
14.3999856,0.5067093372223997,True,True,False
14.4333189,0.3096791834469386,True,True,False
14.4666522,0.1742981918992445,True,True,False
14.4999855,0.13767707429288642,True,True,False
14.5333188,0.1775753534667614,True,True,False
14.5666521,0.2235291865498707,True,True,False
14.5999854,0.19052915370702317,True,True,False
14.633318699999998,0.021440242150800298,True,True,False
14.666652,-0.2823713199876086,True,True,False
14.6999853,-0.6574102367543169,True,True,False
14.7333186,-1.001242180181648,True,True,False
14.7666519,-1.2098093703489776,True,True,False
14.7999852,-1.2134373341613762,True,True,False
14.8333185,-1.0006104314863962,True,True,False
14.8666518,-0.624071227248923,True,True,False
14.8999851,-0.1867678414314584,True,True,False
14.9333184,0.19081770733666456,True,True,False
14.9666517,0.4133872509317553,True,True,False
14.999985,0.44881282174312137,True,True,False
15.0333183,0.34410905196721947,True,True,False
15.066651599999998,0.20627989213317754,True,True,False
15.0999849,0.14970098364729098,True,True,False
15.1333182,0.23309111306524144,True,True,False
15.1666515,0.42161735276883844,True,True,False
15.1999848,0.599212405223809,True,True,False
15.2333181,0.6267433085010266,True,True,False
15.2666514,0.41416193949288255,True,True,False
15.2999847,-0.030641324380932745,True,True,False
15.333317999999998,-0.5978343108693738,True,True,False
15.3666513,-1.1164180749865484,True,True,False
15.3999846,-1.4205034213724959,True,True,False
15.4333179,-1.4111407068284378,True,True,False
15.4666512,-1.0903080587833527,True,True,False
15.4999845,-0.5602285811688502,True,True,False
15.5333178,0.010296432720967962,True,True,False
15.5666511,0.4474167573526386,True,True,False
15.5999844,0.6424709220599495,True,True,False
15.6333177,0.5965979923812827,True,True,False
15.666651,0.41307525741733897,True,True,False
15.6999843,0.24095885586320984,True,True,False
15.7333176,0.20156769884397555,True,True,False
15.766650899999998,0.3334980729109211,True,True,False
15.7999842,0.5751988832492936,True,True,False
15.8333175,0.7881631837198757,True,True,False
15.8666508,0.8148509848529194,True,True,False
15.8999841,0.5516383312015019,True,True,False
15.9333174,0.003927434894627527,True,True,False
15.9666507,-0.7040688170244086,True,True,False
15.999984,-1.3707973734632575,True,True,False
16.0333173,-1.7923116737422122,True,True,False
16.0666506,-1.8372021749483556,True,True,False
16.099983899999998,-1.489650467702377,True,True,False
16.1333172,-0.8480642602454096,True,True,False
16.1666505,-0.08688753145376193,True,True,False
16.1999838,0.6009720107523285,True,True,False
16.2333171,1.060457190286722,True,True,False
16.2666504,1.213132444281547,True,True,False
16.2999837,1.0726116342300753,True,True,False
16.333316999999997,0.7362974672441144,True,True,False
16.3666503,0.3518947433917945,True,True,False
16.3999836,0.06058607206445106,True,True,False
16.433316899999998,-0.06618807085432515,True,True,False
16.4666502,-0.06213152517799632,True,True,False
16.4999835,-0.04441725300828746,True,True,False
16.533316799999998,-0.14211948991189624,True,True,False
16.5666501,-0.4256131913820035,True,True,False
16.5999834,-0.8749354585801816,True,True,False
16.633316699999998,-1.2927061675089597,True,True,False
16.66665,-1.600180643106507,True,True,False
16.6999833,-1.6813762765793643,True,True,False
16.7333166,-1.4789457574458238,True,True,False
16.7666499,-1.026129384007979,True,True,False
16.7999832,-0.42465719699634125,True,True,False
16.8333165,0.1850936763778228,True,True,False
16.866649799999998,0.6693967220533424,True,True,False
16.8999831,0.9463309635894143,True,True,False
16.9333164,1.010604175797264,True,True,False
16.966649699999998,0.9276379049821117,True,True,False
16.999983,0.8001674205222715,True,True,False
17.0333163,0.7201690444307913,True,True,False
17.066649599999998,0.726068752459216,True,True,False
17.0999829,0.7866077774800136,True,True,False
17.1333162,0.8205955075818463,True,True,False
17.1666495,0.7405929776223394,True,True,False
17.1999828,0.49464555762452683,True,True,False
17.2333161,0.0854813915033915,True,True,False
17.2666494,-0.4329758617057234,True,True,False
17.299982699999997,-0.9677943436813455,True,True,False
17.333316,-1.4016110034081755,True,True,False
17.3666493,-1.6178238287002669,True,True,False
17.399982599999998,-1.5405087814147471,True,True,False
17.4333159,-1.1732995128610435,True,True,False
17.4666492,-0.6113751055840264,True,True,False
17.499982499999998,-0.013041214562134815,True,True,False
17.5333158,0.45851015814589147,True,True,False
17.5666491,0.6957942829426607,True,True,False
17.5999824,0.6824671699915097,True,True,False
17.6333157,0.4888099095651868,True,True,False
17.666649,0.23042278056835536,True,True,False
17.6999823,0.009692115603751699,True,True,False
17.733315599999997,-0.13180366206758043,True,True,False
17.7666489,-0.224864344526023,True,True,False
17.7999822,-0.34115715220913617,True,True,False
17.833315499999998,-0.5385723888530839,True,True,False
17.8666488,-0.8182124954790518,True,True,False
17.8999821,-1.1168378680749966,True,True,False
17.933315399999998,-1.3338128391854147,True,True,False
17.9666487,-1.3740736035963064,True,True,False
17.999982,-1.186102675698714,True,True,False
18.0333153,-0.7816815485319465,True,True,False
18.0666486,-0.23446260130187252,True,True,False
18.0999819,0.33925688541815846,True,True,False
18.1333152,0.812761067300923,True,True,False
18.1666485,1.0871145149797072,True,True,False
18.1999818,1.124147450444781,True,True,False
18.2333151,0.9618217669230735,True,True,False
18.2666484,0.7021278354314746,True,True,False
18.2999817,0.4706204248401812,True,True,False
18.333315,0.36247402735245243,True,True,False
18.3666483,0.4014063727950097,True,True,False
18.3999816,0.533233853822206,True,True,False
18.4333149,0.6563798525947885,True,True,False
18.4666482,0.6703145535101779,True,True,False
18.4999815,0.5149861191669733,True,True,False
18.5333148,0.18529462897634905,True,True,False
18.5666481,-0.2763431120146507,True,True,False
18.5999814,-0.7955642881165483,True,True,False
18.6333147,-1.2780581753004798,True,True,False
18.666648,-1.6165285195162373,True,True,False
18.6999813,-1.7046193671315009,True,True,False
18.7333146,-1.4729325396699435,True,True,False
18.7666479,-0.9394033607401695,True,True,False
18.7999812,-0.23400104147388878,True,True,False
18.8333145,0.4390604363544106,True,True,False
18.8666478,0.8895577278610881,True,True,False
18.8999811,1.0236373225295714,True,True,False
18.9333144,0.8707231628008817,True,True,False
18.9666477,0.5486028579184876,True,True,False
18.999981,0.19532930149466105,True,True,False
19.0333143,-0.09526944594807892,True,True,False
19.0666476,-0.30617116306510034,True,True,False
19.0999809,-0.48339934606168655,True,True,False
19.1333142,-0.6852378444959938,True,True,False
19.1666475,-0.9343708500177577,True,True,False
19.1999808,-1.1705804743635537,True,True,False
19.2333141,-1.3021956455118604,True,True,False
19.2666474,-1.251501640004145,True,True,False
19.2999807,-0.9984664484695164,True,True,False
19.333314,-0.5700214703302166,True,True,False
19.3666473,-0.05017591437060845,True,True,False
19.3999806,0.4483646963609751,True,True,False
19.4333139,0.8145133636367013,True,True,False
19.4666472,0.9751356912732569,True,True,False
19.4999805,0.9245059177297688,True,True,False
19.5333138,0.728490392115252,True,True,False
19.5666471,0.4956604795570093,True,True,False
19.5999804,0.328177985687473,True,True,False
19.6333137,0.27767173499964787,True,True,False
19.666647,0.32711817574622587,True,True,False
19.6999803,0.40571967510159923,True,True,False
19.7333136,0.4279352566221103,True,True,False
19.7666469,0.33645248221790486,True,True,False
19.7999802,0.12770063701153903,True,True,False
19.8333135,-0.1524749516803284,True,True,False
19.8666468,-0.43970048575615556,True,True,False
19.8999801,-0.6875930279883945,True,True,False
19.9333134,-0.8816726574311032,True,True,False
19.9666467,-1.0191623448055744,True,True,False
19.99998,-1.0761031045479696,True,True,False
20.0333133,-0.9996739699428133,True,True,False
20.0666466,-0.74087074863142,True,True,False
20.0999799,-0.30346237639883433,True,True,False
20.1333132,0.23091530801216306,True,True,False
20.1666465,0.7237921951174963,True,True,False
20.1999798,1.0369159854717247,True,True,False
20.2333131,1.0922118858404148,True,True,False
20.2666464,0.901624920462183,True,True,False
20.2999797,0.5546517908385287,True,True,False
20.333313,0.1747781340105812,True,True,False
20.3666463,-0.13182045817998392,True,True,False
20.3999796,-0.3118883567293794,True,True,False
20.4333129,-0.37324517647441174,True,True,False
20.4666462,-0.3718257884915496,True,True,False
20.4999795,-0.3895848693376237,True,True,False
20.5333128,-0.5025360170799593,True,True,False
20.5666461,-0.7353398186440918,True,True,False
20.5999794,-1.0234372105149043,True,True,False
20.6333127,-1.2230022617104273,True,True,False
20.666646,-1.1843504148486934,True,True,False
20.6999793,-0.8487517753615033,True,True,False
20.7333126,-0.2971602425553835,True,True,False
20.7666459,0.28904060604647247,True,True,False
20.7999792,0.7268239433059842,True,True,False
20.8333125,0.9207527511854768,True,True,False
20.8666458,0.8899501345617381,True,True,False
20.8999791,0.7288424958268075,True,True,False
20.9333124,0.5384737984704987,True,True,False
20.9666457,0.3740168411957325,True,True,False
20.999979,0.23338199204273868,True,True,False
21.0333123,0.08233721613944242,True,True,False
21.0666456,-0.10659736666063581,True,True,False
21.0999789,-0.32556728336966073,True,True,False
21.1333122,-0.528655782175098,True,True,False
21.1666455,-0.656864485753068,True,True,False
21.1999788,-0.6759303082473551,True,True,False
21.2333121,-0.5995763317488063,True,True,False
21.2666454,-0.47857575834004196,True,True,False
21.2999787,-0.3648708707231839,True,True,False
21.333312,-0.2807595468514956,True,True,False
21.3666453,-0.21314940910973365,True,True,False
21.3999786,-0.12909296152091917,True,True,False
21.4333119,0.0014138921122485298,True,True,False
21.4666452,0.18585478580278095,True,True,False
21.4999785,0.3996515896702823,True,True,False
21.5333118,0.5920946086288659,True,True,False
21.5666451,0.7083118506646868,True,True,False
21.5999784,0.7179138915893314,True,True,False
21.6333117,0.6328106121981371,True,True,False
21.666645,0.5006388212239613,True,True,False
21.6999783,0.3766367902912861,True,True,False
21.7333116,0.2916429767906047,True,True,False
21.7666449,0.23566894657837473,True,True,False
21.7999782,0.16675457050593126,True,True,False
21.8333115,0.039397177682132245,True,True,False
21.8666448,-0.1652447497585985,True,True,False
21.8999781,-0.4236281092023616,True,True,False
21.9333114,-0.6743079119438977,True,True,False
21.9666447,-0.8415692956812836,True,True,False
21.999978,-0.8710237263563287,True,True,False
22.0333113,-0.758983368116089,True,True,False
22.0666446,-0.5557064525011598,True,True,False
22.0999779,-0.3395562366493965,True,True,False
22.1333112,-0.17848760587754683,True,True,False
22.1666445,-0.10073374256827745,True,True,False
22.1999778,-0.09020858145170171,True,True,False
22.2333111,-0.10656528643657703,True,True,False
22.2666444,-0.11281618798899014,True,True,False
22.2999777,-0.09112917040958683,True,True,False
22.333311,-0.043318676436609485,True,True,False
22.3666443,0.013009392524529342,True,True,False
22.3999776,0.04555780124420008,True,True,False
22.4333109,0.012233563718413045,True,True,False
22.4666442,-0.12091972827618563,True,True,False
22.4999775,-0.3531571280907433,True,True,False
22.5333108,-0.6320518225584715,True,True,False
22.5666441,-0.8609280721066582,True,True,False
22.5999774,-0.9294284601758954,True,True,False
22.6333107,-0.7566039226845808,True,True,False
22.666644,-0.3334039598405201,True,True,False
22.6999773,0.2569996371605468,True,True,False
22.7333106,0.8622539427803925,True,True,False
22.7666439,1.322730511059445,True,True,False
22.7999772,1.5391431075487096,True,True,False
22.8333105,1.5082242221677704,True,True,False
22.8666438,1.3084228072151027,True,True,False
22.8999771,1.0468850227918816,True,True,False
22.9333104,0.8002978522341289,True,True,False
22.9666437,0.5828539509742016,True,True,False
22.999977,0.3562314078939532,True,True,False
23.0333103,0.07181192475588458,True,True,False
23.0666436,-0.28153027419071436,True,True,False
23.0999769,-0.6531636365805029,True,True,False
23.1333102,-0.9473342184198336,True,True,False
23.1666435,-1.0742286577371079,True,True,False
23.1999768,-1.0048920462061632,True,True,False
23.2333101,-0.7916674279716664,True,True,False
23.2666434,-0.5400563528930659,True,True,False
23.2999767,-0.35450505274619215,True,True,False
23.33331,-0.2915326089791366,True,True,False
23.3666433,-0.34007796642802307,True,True,False
23.3999766,-0.43518547107320427,True,True,False
23.4333099,-0.49724010699090887,True,True,False
23.4666432,-0.47321212942332835,True,True,False
23.4999765,-0.35628653973547675,True,True,False
23.5333098,-0.17925846828737035,True,True,False
23.5666431,0.005278917775157236,True,True,False
23.5999764,0.143873593137144,True,True,False
23.6333097,0.19610502516116027,True,True,False
23.666643,0.14493367782833022,True,True,False
23.6999763,0.0027587613154850944,True,True,False
23.7333096,-0.19052990013435797,True,True,False
23.7666429,-0.3806371213284484,True,True,False
23.7999762,-0.5196363186986317,True,True,False
23.8333095,-0.5817650104731928,True,True,False
23.8666428,-0.6258217736850198,True,True,False
23.8999761,-0.4781891354858511,True,True,False
23.9333094,-0.3426526497832637,True,True,False
23.9666427,-0.17595533627000814,True,True,False
23.999976,0.017834300695588123,True,True,False
24.0333093,0.25695057537469246,True,True,False
24.0666426,0.5691075120866226,True,True,False
24.0999759,0.9658002168622535,True,True,False
24.1333092,1.423683933465511,True,True,False
24.1666425,1.8804821736774286,True,True,False
24.1999758,2.243383751437479,True,True,False
24.2333091,2.410479875452316,True,True,False
24.2666424,2.3026894527606667,True,True,False
24.2999757,1.8924097715207235,True,True,False
24.333309,1.167588301977794,True,True,False
24.3666423,0.20039061112811216,True,True,False
24.3999756,-0.6298895251464167,True,True,False
24.4333089,-1.4265736340181923,True,True,False
24.4666422,-2.429044800581926,True,True,False
24.4999755,-3.2141406127998846,True,True,False
24.5333088,-3.776635848555273,True,True,False
24.5666421,-4.327838537963258,True,True,False
24.5999754,-4.303393831403893,True,True,False
24.6333087,-3.57603145846299,True,True,False
24.666642,-2.1661829520057667,True,True,False
24.6999753,-0.28335908652836334,True,True,False
24.7333086,1.1852365462695036,True,True,False
24.7666419,2.1283003459604553,True,True,False
24.7999752,2.5727097114745816,True,True,False
24.8333085,2.5831861318344775,True,True,False
24.8666418,2.227210016735146,True,True,False
24.8999751,1.7732669032422914,True,True,False
24.9333084,1.2866176055915564,True,True,False
24.9666417,0.8205943478536534,True,True,False
24.999975,0.393633025334891,True,True,False
25.0333083,0.01612627599114603,True,True,False
25.0666416,-0.2934358117724219,True,True,False
25.0999749,-0.4988262372009336,True,True,False
25.1333082,-0.5517803372085212,True,True,False
25.1666415,-0.5751647312880342,True,True,False
25.1999748,-0.6295061017831407,True,True,False
25.2333081,-0.731471709095792,True,True,False
25.2666414,-0.7874042279212577,True,True,False
25.2999747,-0.722032474530595,True,True,False
25.333308,-0.5457851951031853,True,True,False
25.3666413,-0.2660808477413835,True,True,False
25.3999746,0.06495158418976243,True,True,False
25.4333079,0.3714648328357175,True,True,False
25.4666412,0.5817565094327791,True,True,False
25.4999745,0.6497080944867323,True,True,False
25.5333078,0.5663241345040702,True,True,False
25.5666411,0.36171691203462786,True,True,False
25.5999744,0.09597870765805472,True,True,False
25.6333077,-0.16018210107082578,True,True,False
25.666641,-0.34862066910250106,True,True,False
25.6999743,-0.44245712523837155,True,True,False
25.7333076,-0.45278930103314974,True,True,False
25.7666409,-0.4185000977952109,True,True,False
25.7999742,-0.3819887074265413,True,True,False
25.8333075,-0.36366380353351097,True,True,False
25.8666408,-0.3505578247236197,True,True,False
25.8999741,-0.30548088813086943,True,True,False
25.9333074,-0.19058011526601515,True,True,False
25.9666407,0.007651903271124632,True,True,False
25.999974,0.26455746374600697,True,True,False
26.0333073,0.5213957082816812,True,True,False
26.0666406,0.7042330167684373,True,True,False
26.0999739,0.747581794995257,True,True,False
26.1333072,0.6152701996063553,True,True,False
26.1666405,0.31599513091404413,True,True,False
26.1999738,-0.08959037456711648,True,True,False
26.2333071,-0.4980492682915647,True,True,False
26.2666404,-0.7936793174662511,True,True,False
26.2999737,-0.8917783013620197,True,True,False
26.333307,-0.7737532719568263,True,True,False
26.3666403,-0.49517464733040956,True,True,False
26.3999736,-0.16264961213815457,True,True,False
26.4333069,0.108579534112275,True,True,False
26.4666402,0.23706209079093377,True,True,False
26.4999735,0.20165406557181015,True,True,False
26.5333068,0.04449153123244568,True,True,False
26.5666401,-0.14914907287170534,True,True,False
26.5999734,-0.28589657988348327,True,True,False
26.6333067,-0.29984819141596963,True,True,False
26.66664,-0.17466260697845049,True,True,False
26.6999733,0.05389208739103799,True,True,False
26.7333066,0.31214149219214427,True,True,False
26.7666399,0.5136895046976347,True,True,False
26.7999732,0.5905936243095425,True,True,False
26.8333065,0.5222509848533239,True,True,False
26.8666398,0.34754445941178563,True,True,False
26.8999731,0.14859150877262567,True,True,False
26.9333064,0.010673379779942083,True,True,False
26.9666397,-0.02028576348079188,True,True,False
26.999973,0.04049412337493385,True,True,False
27.0333063,0.12527517679467187,True,True,False
27.0666396,0.1462025673572203,True,True,False
27.0999729,0.03412757731513546,True,True,False
27.1333062,-0.21408789532258396,True,True,False
27.1666395,-0.5488588847271038,True,True,False
27.1999728,-0.8577006712115745,True,True,False
27.2333061,-1.0214022553075843,True,True,False
27.2666394,-0.9658488569445765,True,True,False
27.2999727,-0.6998449067898985,True,True,False
27.333306,-0.3135348673649511,True,True,False
27.3666393,0.060652976406570275,True,True,False
27.3999726,0.30151415296762574,True,True,False
27.4333059,0.3437786036732159,True,True,False
27.4666392,0.2017165974385208,True,True,False
27.4999725,-0.03402746666509257,True,True,False
27.5333058,-0.22846994843799315,True,True,False
27.5666391,-0.25561642631507897,True,True,False
27.5999724,-0.0514952389034157,True,True,False
27.6333057,0.35807072827768993,True,True,False
27.666639,0.8647779819500794,True,True,False
27.6999723,1.311763542797314,True,True,False
27.7333056,1.5413996848867257,True,True,False
27.7666389,1.4475014277741285,True,True,False
27.7999722,1.0189454259304722,True,True,False
27.8333055,0.3542581217634551,True,True,False
27.8666388,-0.3690575478433326,True,True,False
27.8999721,-0.9632322098633602,True,True,False
27.9333054,-1.3025444536080224,True,True,False
27.9666387,-1.3610729888428665,True,True,False
27.999972,-1.2019141508825901,True,True,False
28.0333053,-0.9333779665134879,True,True,False
28.0666386,-0.6595236328673852,True,True,False
28.0999719,-0.44744162587656716,True,True,False
28.1333052,-0.317349749589325,True,True,False
28.1666385,-0.24918547852637418,True,True,False
28.1999718,-0.19907635426154952,True,True,False
28.2333051,-0.12079735868732916,True,True,False
28.2666384,0.013818189815846253,True,True,False
28.2999717,0.20263376637516298,True,True,False
28.333305,0.4131112436969658,True,True,False
28.3666383,0.5936586235701997,True,True,False
28.3999716,0.6931092316083639,True,True,False
28.4333049,0.6823128768577013,True,True,False
28.4666382,0.5682786430122229,True,True,False
28.4999715,0.39234242765520333,True,True,False
28.5333048,0.21199331833232943,True,True,False
28.5666381,0.076075268249725,True,True,False
28.5999714,0.007197690010664782,True,True,False
28.6333047,-0.0008232659816491921,True,True,False
28.666638,0.02653471663481959,True,True,False
28.6999713,0.05743575793074825,True,True,False
28.7333046,0.06352245790663237,True,True,False
28.7666379,0.025996955710509143,True,True,False
28.7999712,-0.05847274311708628,True,True,False
28.8333045,-0.17147841781714204,True,True,False
28.8666378,-0.2735797888227092,True,True,False
28.8999711,-0.3190300456677119,True,True,False
28.9333044,-0.27845678015489067,True,True,False
28.9666377,-0.1536676916085315,True,True,False
28.999971,0.024134557178386955,True,True,False
29.0333043,0.20701519862905682,True,True,False
29.0666376,0.3432992148858027,True,True,False
29.0999709,0.3874624607178884,True,True,False
29.1333042,0.31249897426508866,True,True,False
29.1666375,0.12636327291381322,True,True,False
29.1999708,-0.11914430236413776,True,True,False
29.2333041,-0.3415351146591192,True,True,False
29.2666374,-0.4620254671242474,True,True,False
29.2999707,-0.4433196580338108,True,True,False
29.333304,-0.30927683133554945,True,True,False
29.3666373,-0.13353004811440436,True,True,False
29.3999706,0.0005734463764584386,True,True,False
29.4333039,0.0495490924210679,True,True,False
29.4666372,0.03914973847490973,True,True,False
29.4999705,0.049595099825581634,True,True,False
29.5333038,0.16051728372895363,True,True,False
29.5666371,0.3921450314068991,True,False,True
29.5999704,0.6842214120831117,True,False,True
29.6333037,0.9255312680175101,True,True,False
29.666637,1.012750491894775,True,True,False
29.6999703,0.9021662823651632,True,True,False
29.7333036,0.6256439814184769,True,True,False
29.7666369,0.2658636232705624,True,True,False
29.7999702,-0.08966442658971428,True,True,False
29.8333035,-0.3871677586561593,True,True,False
29.8666368,-0.6185738749540739,True,True,False
29.8999701,-0.8061322361571815,True,True,False
29.9333034,-0.9736646454926868,True,True,False
29.9666367,-1.121184517888114,True,True,False
29.99997,-1.2141121096729033,True,True,False
30.0333033,-1.1923126963755608,True,True,False
30.0666366,-0.9957794569667431,True,True,False
30.0999699,-0.5971972543225095,True,True,False
30.1333032,-0.027628093812228506,True,True,False
30.1666365,0.6183967817117051,True,True,False
30.1999698,1.2046364511717726,True,True,False
30.2333031,1.597544112311152,True,True,False
30.2666364,1.71478418745404,True,True,False
30.2999697,1.5508200816897912,True,True,False
30.333303,1.1649096033160042,True,True,False
30.3666363,0.6450414544998786,True,True,False
30.3999696,0.0762303785086986,True,True,False
30.4333029,-0.4702589819701989,True,True,False
30.4666362,-0.9317622291268061,True,True,False
30.4999695,-1.2500242892405447,True,True,False
30.5333028,-1.3799692500129352,True,True,False
30.5666361,-1.3076413045947557,True,True,False
30.5999694,-1.0622730627633428,True,True,False
30.6333027,-0.7100211464655629,True,True,False
30.666636,-0.32903174662926393,True,True,False
30.6999693,-0.07848334761423457,True,True,False
30.7333026,0.10912358040224282,True,True,False
30.7666359,0.32921947415220126,True,True,False
30.7999692,0.601041828833798,True,True,False
30.8333025,0.9473945754735585,True,True,False
30.8666358,1.2583149950068835,True,True,False
30.8999691,1.311624943552908,True,True,False
30.9333024,1.188650505186042,True,True,False
30.9666357,0.8800615844473125,True,True,False
30.999969,0.5523064507209672,True,True,False
31.0333023,0.17475841151725321,True,True,False
31.0666356,-0.2539184293326254,True,True,False
31.0999689,-0.571124731578108,True,True,False
31.1333022,-0.7217896162944399,True,True,False
31.1666355,-0.6904630605204581,True,False,True
31.1999688,-0.6191850161518228,True,False,True
31.2333021,-0.6010309840559962,True,True,False
31.2666354,-0.6630962108404577,True,True,False
31.2999687,-0.7709868690456161,True,True,False
31.333302,-0.8469155345876683,True,True,False
31.3666353,-0.812436883994223,True,True,False
31.3999686,-0.6343884082046787,True,True,False
31.4333019,-0.32897571878646664,True,True,False
31.4666352,0.0522082325631022,True,False,True
31.4999685,0.4274261629360037,True,False,True
31.5333018,0.7108317139348375,True,True,False
31.5666351,0.6849719902454955,True,True,False
31.5999684,0.6357200129145565,True,True,False
31.6333017,0.6375668309002535,True,True,False
31.666635,0.6967492135952368,True,True,False
31.6999683,0.7771234537976363,True,True,False
31.7333016,0.6827654138153848,True,True,False
31.7666349,0.420211563584774,True,True,False
31.7999682,0.10277985343888307,True,True,False
31.8333015,-0.23018841282005464,True,True,False
31.8666348,-0.5425976031960923,True,True,False
31.8999681,-0.8039930903665278,True,True,False
31.9333014,-0.9896922699611259,True,True,False
31.9666347,-1.0792393160572995,True,True,False
31.999968,-1.0572450831228828,True,True,False
32.0333013,-0.9177500411155457,True,True,False
32.0666346,-0.6714208927345562,True,True,False
32.0999679,-0.3504455043354029,True,True,False
32.1333012,-0.003513899808965369,True,True,False
32.1666345,0.3175632880337332,True,True,False
32.1999678,0.5688918412795179,True,True,False
32.2333011,0.7162848376015588,True,True,False
32.2666344,0.7329844722135436,True,True,False
32.2999677,0.6040109560946891,True,True,False
32.333301,0.3392632028637289,True,True,False
32.3666343,-0.015827162376130497,True,True,False
32.3999676,-0.38562399726791075,True,True,False
32.4333009,-0.6878866376590759,True,True,False
32.4666342,-0.8633206983130107,True,True,False
32.4999675,-0.8930596632912375,True,True,False
32.5333008,-0.7949966864262678,True,True,False
32.5666341,-0.6045789639332548,True,True,False
32.5999674,-0.3540341532176393,True,True,False
32.6333007,-0.0642239830144829,True,True,False
32.666633999999995,0.24634960604934056,True,True,False
32.6999673,0.5487304984440409,True,True,False
32.7333006,0.8066414161646107,True,True,False
32.766633899999995,0.99677867230175,True,True,False
32.7999672,1.1241545814402063,True,True,False
32.8333005,1.211412715290919,True,True,False
32.866633799999995,1.2663201127650487,True,True,False
32.8999671,1.2550006634086688,True,True,False
32.9333004,1.1082605213924082,True,True,False
32.9666337,0.7637861434785093,True,True,False
32.999967,0.21727565123628978,True,True,False
33.0333003,-0.4529726806510174,True,True,False
33.0666336,-1.1044773321796546,True,True,False
33.0999669,-1.583277022952912,True,True,False
33.1333002,-1.785440312314509,True,True,False
33.1666335,-1.6974246909481912,True,True,False
33.1999668,-1.3951751324143287,True,True,False
33.2333001,-1.0028616301819728,True,True,False
33.2666334,-0.6347611696175617,True,True,False
33.2999667,-0.35285992762836754,True,True,False
33.3333,-0.15843499422957902,True,True,False
33.3666333,-0.011753738159774462,True,False,True
33.3999666,0.13702617492253383,True,True,False
33.4332999,0.31957527309587913,True,True,False
33.4666332,0.5321617461315479,True,True,False
33.4999665,0.7286787795363099,True,True,False
33.5332998,0.8673509316256052,True,True,False
33.5666331,0.867200794921564,True,True,False
33.5999664,0.7025300953787253,True,True,False
33.633299699999995,0.3885367840442272,True,True,False
33.666633,-0.003210723690041566,True,True,False
33.6999663,-0.35729515799990463,True,True,False
33.733299599999995,-0.5525382273910566,True,True,False
33.7666329,-0.5137036959976764,True,True,False
33.7999662,-0.250507992858133,True,True,False
33.833299499999995,0.1394400275224397,True,True,False
33.8666328,0.5088255159051694,True,True,False
33.8999661,0.7236234126983011,True,True,False
33.9332994,0.7206612685670695,True,True,False
33.9666327,0.531651922562441,True,True,False
33.999966,0.26507526307558055,True,True,False
34.0332993,0.05831664769226883,True,True,False
34.0666326,0.020044967408559673,True,True,False
34.0999659,0.182552706884494,True,True,False
34.1332992,0.48288845505866373,True,True,False
34.1666325,0.7831120263649324,True,True,False
34.1999658,0.922205416091519,True,True,False
34.2332991,0.777471854035996,True,True,False
34.2666324,0.31352837353725904,True,True,False
34.2999657,-0.3939281463483982,True,True,False
34.333299,-1.1692856619612502,True,True,False
34.3666323,-1.764350372235361,True,True,False
34.3999656,-2.051901410350606,True,True,False
34.4332989,-1.9537867436843597,True,True,False
34.4666322,-1.4872391653588843,True,True,False
34.499965499999995,-0.830612943613561,True,True,False
34.5332988,-0.16087475975407364,True,True,False
34.5666321,0.38069202614075204,True,True,False
34.599965399999995,0.7332813186066749,True,True,False
34.6332987,0.8927215104681441,True,True,False
34.666632,0.9168101244733603,True,True,False
34.699965299999995,0.8799746902673914,True,True,False
34.7332986,0.8423633640219619,True,True,False
34.7666319,0.8284809971585362,True,True,False
34.799965199999995,0.8263517810622379,True,True,False
34.8332985,0.8036533564945461,True,True,False
34.8666318,0.7276482929795206,True,True,False
34.8999651,0.5782819277028588,True,True,False
34.9332984,0.3541255108720588,True,True,False
34.9666317,0.07526367169866613,True,True,False
34.999965,-0.21644387549171598,True,True,False
35.0332983,-0.46306222374431494,True,True,False
35.0666316,-0.6049514775345007,True,True,False
35.0999649,-0.6011244964248168,True,True,False
35.1332982,-0.4474036723790029,True,True,False
35.1666315,-0.18348850187015905,True,True,False
35.1999648,0.11464647435333672,True,True,False
35.2332981,0.3560625407118263,True,False,True
35.2666314,0.46604574765326484,True,True,False
35.2999647,0.4162451436913852,True,True,False
35.333298,0.2371819201928567,True,True,False
35.3666313,0.004481546060471607,True,True,False
35.3999646,-0.1931942355336837,True,True,False
35.4332979,-0.2878183752435802,True,True,False
35.466631199999995,-0.2545213357105316,True,True,False
35.4999645,-0.11842146133651378,True,True,False
35.5332978,0.05388483843294037,True,True,False
35.566631099999995,0.1767804056500026,True,True,False
35.5999644,0.17855072226568067,True,True,False
35.6332977,0.03515990182028089,True,True,False
35.666630999999995,-0.20970572271699456,True,True,False
35.6999643,-0.4505185936361663,True,True,False
35.7332976,-0.5550276494663409,True,True,False
35.7666309,-0.41964157858411455,True,True,False
35.7999642,-0.02317374769070833,True,True,False
35.8332975,0.5489455535189721,True,True,False
35.8666308,1.1287972178365875,True,True,False
35.8999641,1.5334074622461493,True,True,False
35.9332974,1.6422025440081918,True,True,False
35.9666307,1.441152564823398,True,True,False
35.999964,1.0148919135181123,True,True,False
36.0332973,0.5026947923936936,True,True,False
36.0666306,0.04357848884552331,True,True,False
36.0999639,-0.2715739835894407,True,True,False
36.1332972,-0.42711631040742415,True,True,False
36.1666305,-0.47902026381538637,True,True,False
36.1999638,-0.5214851138301533,True,True,False
36.2332971,-0.6378743141737636,True,True,False
36.2666304,-0.8579053996098581,True,True,False
36.2999637,-1.1382495028818482,True,True,False
36.333297,-1.3714804814636121,True,True,False
36.3666303,-1.421787944627734,True,True,False
36.3999636,-1.1814766960430947,True,True,False
36.4332969,-0.6289714812776921,True,True,False
36.4666302,0.14277179102310367,True,True,False
36.4999635,0.9497296280859278,True,True,False
36.5332968,1.5867288357647888,True,True,False
36.5666301,1.9092957760429747,True,True,False
36.5999634,1.8823710754085434,True,True,False
36.6332967,1.573191852709359,True,True,False
36.66663,1.104676748412493,True,True,False
36.6999633,0.603027690909899,True,True,False
36.7332966,0.1607734720188348,True,True,False
36.7666299,-0.18021168278645025,True,True,False
36.7999632,-0.42644890458457296,True,True,False
36.8332965,-0.613094757275633,True,True,False
36.8666298,-0.7739077497246234,True,True,False
36.8999631,-0.9152138510858397,True,True,False
36.9332964,-1.008437386121595,True,True,False
36.9666297,-1.0053429496754867,True,True,False
36.999963,-0.8651163067502495,True,True,False
37.0332963,-0.5762919075631476,True,True,False
37.0666296,-0.16426283065589872,True,True,False
37.0999629,0.31323337835913123,True,True,False
37.1332962,0.7778116876960043,True,True,False
37.1666295,1.148335433324526,True,True,False
37.1999628,1.3616354156090669,True,True,False
37.2332961,1.3860676603944948,True,True,False
37.2666294,1.2233670826299752,True,True,False
37.2999627,0.9061532202993807,True,True,False
37.333296,0.4964564504011163,True,True,False
37.3666293,0.07892245830496505,True,True,False
37.3999626,-0.2597899371715937,True,True,False
37.4332959,-0.46175740027851214,True,True,False
37.4666292,-0.521029075879459,True,True,False
37.4999625,-0.48129959470195743,True,True,False
37.5332958,-0.4062470304147269,True,True,False
37.5666291,-0.341220865656964,True,True,False
37.5999624,-0.29183373128492973,True,True,False
37.6332957,-0.23139452599827687,True,True,False
37.666629,-0.12814980738681755,True,True,False
37.6999623,0.027253052132299643,True,True,False
37.7332956,0.2113919484521254,True,True,False
37.7666289,0.38179393136912515,True,True,False
37.7999622,0.5041583315334882,True,True,False
37.8332955,0.5688372616809816,True,True,False
37.8666288,0.5827739126438003,True,True,False
37.8999621,0.5498547330433414,True,True,False
37.9332954,0.4622629203951191,True,True,False
37.9666287,0.3099326462381992,True,True,False
37.999962,0.09788199436574566,True,True,False
38.0332953,-0.14359401747168415,True,True,False
38.0666286,-0.36529415036933727,True,True,False
38.0999619,-0.5197328261963011,True,True,False
38.1332952,-0.5815158581892015,True,True,False
38.1666285,-0.551867977664088,True,True,False
38.1999618,-0.44640309547848794,True,True,False
38.2332951,-0.2803894928810862,True,True,False
38.2666284,-0.06499332950537848,True,True,False
38.2999617,0.18485063401698215,True,True,False
38.333295,0.44192893399022765,True,True,False
38.3666283,0.6700424573072796,True,False,True
38.3999616,0.8394564802273484,True,True,False
38.4332949,0.9399053357172281,True,True,False
38.4666282,0.977043088487654,True,True,False
38.4999615,0.9551136052540691,True,True,False
38.5332948,0.8637521345237019,True,True,False
38.5666281,0.6841998106545903,True,True,False
38.5999614,0.41108276466600485,True,True,False
38.6332947,0.06951174005719793,True,True,False
38.666628,-0.28898948053491824,True,True,False
38.6999613,-0.6103579775488022,True,True,False
38.7332946,-0.8658034590255355,True,True,False
38.7666279,-1.0639448937218106,True,True,False
38.7999612,-1.2363933990134401,True,True,False
38.8332945,-1.4045941254505059,True,True,False
38.8666278,-1.5500671174915888,True,True,False
38.8999611,-1.608434264040296,True,True,False
38.9332944,-1.4880570414999086,True,True,False
38.9666277,-1.137596794899054,True,True,False
38.999961,-0.5341034938809718,True,True,False
39.0332943,0.24779552832719584,True,True,False
39.0666276,1.099859373208727,True,True,False
39.0999609,1.8308684429780395,True,True,False
39.1332942,2.2912259913496893,True,True,False
39.1666275,2.4399971828282667,True,True,False
39.1999608,2.29268507936963,True,True,False
39.2332941,1.8940194508120882,True,True,False
39.2666274,1.3265736511102124,True,True,False
39.2999607,0.7318056060139438,True,True,False
39.333294,0.21434439513623066,True,True,False
39.3666273,-0.12771666299388776,True,True,False
39.3999606,-0.26659756504031606,True,True,False
39.4332939,-0.26410516512867616,True,True,False
39.4666272,-0.21472582238106397,True,True,False
39.4999605,-0.2043577109027913,True,True,False
39.5332938,-0.2667332577937678,True,True,False
39.5666271,-0.37180122771914814,True,True,False
39.5999604,-0.45327016921319296,True,True,False
39.6332937,-0.4542095492403991,True,True,False
39.666627,-0.3591691302291284,True,True,False
39.6999603,-0.19810801230319455,True,True,False
39.7332936,-0.029413119394211065,True,True,False
39.7666269,0.08407372381161989,True,True,False
39.7999602,0.09734641987696033,True,True,False
39.8332935,-0.0010454138776581502,True,True,False
39.8666268,-0.18495547064039244,True,True,False
39.8999601,-0.40046980393884496,True,True,False
39.9332934,-0.5856771693163152,True,True,False
39.9666267,-0.6926300710090727,True,True,False
39.99996,-0.7026714733431322,True,True,False
40.0332933,-0.6275276804724088,True,True,False
40.0666266,-0.4945934548813364,True,True,False
40.0999599,-0.3245961444588558,True,True,False
40.1332932,-0.11775654645050258,True,True,False
40.1666265,0.1386217659703458,True,True,False
40.1999598,0.44575690729268136,True,True,False
40.2332931,0.7725096779685068,True,True,False
40.2666264,1.0568756552927236,True,True,False
40.2999597,1.2315043369600454,True,True,False
40.333293,1.2561977461447549,True,True,False
40.3666263,1.1349335865545305,True,True,False
40.3999596,0.9084407126761501,True,True,False
40.4332929,0.6336424850379047,True,True,False
40.4666262,0.36600465821510375,True,True,False
40.4999595,0.1471408053000298,True,True,False
40.5332928,-0.008425569564942862,True,True,False
40.5666261,-0.11758992132353378,True,True,False
40.5999594,-0.22747845555487228,True,True,False
40.6332927,-0.3818059504301611,True,True,False
40.666626,-0.5944998447358071,True,True,False
40.6999593,-0.833070975727706,True,True,False
40.7332926,-1.026660385326479,True,True,False
40.7666259,-1.0949248904272473,True,True,False
40.7999592,-0.9832878225375155,True,True,False
40.8332925,-0.6875193104860173,True,True,False
40.8666258,-0.25812128124432876,True,True,False
40.8999591,0.2153497966621205,True,True,False
40.9332924,0.6343247604800722,True,True,False
40.9666257,0.9264302599768015,True,True,False
40.999959,1.0713886178010164,True,True,False
41.0332923,1.1014086335843172,True,True,False
41.0666256,1.0737304111002375,True,True,False
41.0999589,1.0345457149160175,True,True,False
41.1332922,0.9967810051266847,True,True,False
41.1666255,0.9390097719886816,True,True,False
41.1999588,0.820249904365371,True,True,False
41.2332921,0.6029877063835221,True,True,False
41.2666254,0.2764125221450318,True,True,False
41.2999587,-0.12867781962323283,True,True,False
41.333292,-0.5407254752395682,True,True,False
41.3666253,-0.8675404352735352,True,True,False
41.3999586,-1.0305255646201188,True,True,False
41.4332919,-0.9982405405378341,True,True,False
41.4666252,-0.8026205901534932,True,True,False
41.4999585,-0.5286290525306712,True,True,False
41.5332918,-0.28071420808760356,True,True,False
41.5666251,-0.14061082418477877,True,True,False
41.5999584,-0.13455486327943544,True,True,False
41.6332917,-0.22411433544845774,True,True,False
41.666625,-0.3259058137566332,True,True,False
41.6999583,-0.3520578919860151,True,True,False
41.7332916,-0.2522630932169891,True,True,False
41.7666249,-0.03801285493283095,True,True,False
41.7999582,0.22233992568514455,True,True,False
41.8332915,0.43713180153025927,True,True,False
41.8666248,0.5368177645384167,True,True,False
41.8999581,0.5042631227379245,True,True,False
41.9332914,0.3735028811493172,True,True,False
41.9666247,0.20447216697480286,True,True,False
41.999958,0.05473715008222639,True,True,False
42.0332913,-0.03677082823306295,True,True,False
42.0666246,-0.053575187927639656,True,True,False
42.0999579,0.0009047604418929669,True,True,False
42.1332912,0.10875917728383533,True,True,False
42.1666245,0.24350456129448603,True,True,False
42.1999578,0.37545438883047094,True,True,False
42.2332911,0.47839179342781996,True,False,True
42.2666244,0.5380836850412041,True,False,True
42.2999577,0.5575029322339207,True,True,False
42.333291,0.5528159547295781,True,True,False
42.3666243,0.5408912959408679,True,True,False
42.3999576,0.5262832667224753,True,True,False
42.4332909,0.49622055193770925,True,True,False
42.4666242,0.42712362929951425,True,True,False
42.4999575,0.3005015427085813,True,True,False
42.5332908,0.11946302374453785,True,True,False
42.5666241,-0.08733673940103105,True,True,False
42.5999574,-0.27992336747533975,True,True,False
42.6332907,-0.42866008000207234,True,True,False
42.666624,-0.5257681867853026,True,True,False
42.6999573,-0.5802888028439965,True,True,False
42.7332906,-0.6054524799608475,True,True,False
42.7666239,-0.6095932876124593,True,True,False
42.7999572,-0.5923162301567768,True,True,False
42.8332905,-0.5414537125430535,True,True,False
42.8666238,-0.4305099065051029,True,True,False
42.8999571,-0.22424135021900274,True,True,False
42.9332904,0.10102441816360129,True,True,False
42.9666237,0.5296426663133421,True,True,False
42.999957,0.9911932199763961,True,True,False
43.0332903,1.3723705398218975,True,True,False
43.0666236,1.5549310707583677,True,True,False
43.0999569,1.463531609176615,True,True,False
43.1332902,1.1010924336147616,True,True,False
43.1666235,0.5514536363418262,True,True,False
43.1999568,-0.054216110826226536,True,True,False
43.2332901,-0.5875140410981474,True,True,False
43.2666234,-0.9622293531505666,True,True,False
43.2999567,-1.1483875879178003,True,True,False
43.33329,-1.162860557242748,True,True,False
43.3666233,-1.0477118078052836,True,True,False
43.3999566,-0.8491336912700405,True,True,False
43.4332899,-0.6066453797059553,True,True,False
43.4666232,-0.3528597671966796,True,True,False
43.4999565,-0.11416995733632238,True,False,True
43.5332898,0.09443891345786834,True,True,False
43.5666231,0.27423593901184184,True,True,False
43.5999564,0.43643460050607613,True,True,False
43.6332897,0.5850092346652955,True,True,False
43.666623,0.7034932492642111,True,True,False
43.6999563,0.7608528505460823,True,True,False
43.7332896,0.7334051706730839,True,True,False
43.7666229,0.6221294721154942,True,True,False
43.7999562,0.44981744003460067,True,True,False
43.8332895,0.24476568242409838,True,True,False
43.8666228,0.029265716626764745,True,True,False
43.8999561,-0.1783164259306109,True,True,False
43.9332894,-0.35382564176776904,True,True,False
43.9666227,-0.4622976370172509,True,True,False
43.999956,-0.4659482317972887,True,True,False
44.0332893,-0.3427316069079715,True,True,False
44.0666226,-0.10329288679813703,True,True,False
44.0999559,0.2069078973388285,True,True,False
44.1332892,0.5248683437698997,True,False,True
44.1666225,0.7965318488584983,True,True,False
44.1999558,0.9928463664982387,True,True,False
44.2332891,1.1036466561087837,True,True,False
44.2666224,1.118875317077168,True,True,False
44.2999557,1.019192841976653,True,True,False
44.333289,0.7869612314538255,True,True,False
44.3666223,0.42759560226767596,True,True,False
44.3999556,-0.017379708084029954,True,True,False
44.4332889,-0.47685625046962893,True,True,False
44.4666222,-0.8737654552831163,True,True,False
44.4999555,-1.1520388487721531,True,True,False
44.5332888,-1.2905357267101134,True,True,False
44.5666221,-1.2972878923077342,True,True,False
44.5999554,-1.193104442302969,True,True,False
44.6332887,-0.9994235468899425,True,True,False
44.666622,-0.7367781207261845,True,True,False
44.6999553,-0.42942691911602654,True,True,False
44.7332886,-0.10754819060431493,True,True,False
44.7666219,0.19796742919196797,True,True,False
44.7999552,0.46382805587777637,True,True,False
44.8332885,0.6759173920883615,True,True,False
44.8666218,0.8210444078717526,True,True,False
44.8999551,0.8785956208297957,True,True,False
44.9332884,0.8249622703370325,True,True,False
44.9666217,0.6515397492323853,True,True,False
44.999955,0.3831308381835761,True,True,False
45.0332883,0.08177384256555027,True,True,False
45.0666216,-0.1696786619625351,True,True,False
45.0999549,-0.297706943307022,True,True,False
45.1332882,-0.26669611656559467,True,True,False
45.1666215,-0.09138977777401103,True,True,False
45.1999548,0.16996912599483474,True,True,False
45.2332881,0.4369301804696958,True,True,False
45.2666214,0.6350603361257816,True,True,False
45.2999547,0.721715020675236,True,True,False
45.333288,0.6990916502113769,True,True,False
45.3666213,0.607854614295488,True,True,False
45.3999546,0.503188611025563,True,True,False
45.4332879,0.4248229141469394,True,True,False
45.4666212,0.3774613796554157,True,True,False
45.4999545,0.33312535555166933,True,True,False
45.5332878,0.2530551210091446,True,True,False
45.5666211,0.11444540196694508,True,True,False
45.5999544,-0.07390441568270292,True,True,False
45.6332877,-0.27493978200199537,True,True,False
45.666621,-0.4434696000898054,True,True,False
45.6999543,-0.5524135314648323,True,True,False
45.7332876,-0.6104364024629292,True,True,False
45.7666209,-0.6586138645502359,True,True,False
45.7999542,-0.7432616452904781,True,True,False
45.8332875,-0.8776246211086621,True,True,False
45.8666208,-1.018880041573702,True,True,False
45.8999541,-1.082584130065846,True,True,False
45.9332874,-0.9892305443049948,True,True,False
45.9666207,-0.710615795633021,True,True,False
45.999954,-0.2844125961475133,True,True,False
46.0332873,0.2101495684143453,True,True,False
46.0666206,0.6964545047559643,True,True,False
46.0999539,1.1321987473656776,True,True,False
46.1332872,1.5042338427871564,True,True,False
46.1666205,1.790858371229626,True,True,False
46.1999538,1.9293588586716357,True,True,False
46.2332871,1.8312107708250067,True,True,False
46.2666204,1.4461783920510554,True,True,False
46.2999537,0.8243643101899983,True,True,False
46.333287,0.11733042672339818,True,True,False
46.3666203,-0.4921349417689203,True,True,False
46.3999536,-0.8813301695816705,True,True,False
46.4332869,-1.033551056653834,True,True,False
46.4666202,-1.0135908517104464,True,True,False
46.4999535,-0.904749452231455,True,True,False
46.5332868,-0.7596284529466933,True,True,False
46.5666201,-0.5905780012623881,True,True,False
46.5999534,-0.38846731220325204,True,True,False
46.6332867,-0.14567382581037058,True,True,False
46.66662,0.13101270660266795,True,True,False
46.6999533,0.4201357955466788,True,True,False
46.7332866,0.6946627602128557,True,True,False
46.7666199,0.9315432607716517,True,True,False
46.7999532,1.1101886361761273,True,True,False
46.8332865,1.1999664300956305,True,True,False
46.8666198,1.1547968172377407,True,True,False
46.8999531,0.9323015280583177,True,True,False
46.9332864,0.5308097221814814,True,True,False
46.9666197,0.01318914077186306,True,True,False
46.999953,-0.5102157349129502,True,True,False
47.0332863,-0.9325721961598746,True,True,False
47.0666196,-1.1966380481260805,True,True,False
47.0999529,-1.3035929443813372,True,True,False
47.1332862,-1.287687940322209,True,True,False
47.1666195,-1.185624174372907,True,True,False
47.1999528,-1.024000247006256,True,True,False
47.2332861,-0.8234571731169295,True,True,False
47.2666194,-0.6022712741756544,True,True,False
47.2999527,-0.3683853493240372,True,True,False
47.333286,-0.10610416475175814,True,True,False
47.3666193,0.22473721814294229,True,True,False
47.3999526,0.6629886350831575,True,True,False
47.4332859,1.2008661359937662,True,True,False
47.4666192,1.751111898567007,True,True,False
47.4999525,2.1609093623354183,True,True,False
47.5332858,2.2775713106643147,True,True,False
47.5666191,2.030988442391708,True,True,False
47.5999524,1.4777982991030623,True,True,False
47.6332857,0.7727837020521922,True,True,False
47.666619,0.08596375354333813,True,True,False
47.6999523,-0.47421693511714264,True,True,False
47.7332856,-0.8809316344601602,True,True,False
47.7666189,-1.1518796031953933,True,True,False
47.7999522,-1.2962293862414478,True,True,False
47.8332855,-1.2894238267071878,True,True,False
47.8666188,-1.091520926489716,True,True,False
47.8999521,-0.690874335505577,True,True,False
47.9332854,-0.13890267598407768,True,True,False
47.9666187,0.4493389952635466,True,True,False
47.999952,0.9312669570182578,True,True,False
48.0332853,1.1892269141770189,True,True,False
48.0666186,1.1698428396561178,True,True,False
48.0999519,0.8950406478334746,True,True,False
48.1332852,0.45173351100974685,True,True,False
48.1666185,-0.03103326569028791,True,True,False
48.1999518,-0.4191433275391127,True,True,False
48.2332851,-0.6206078026113653,True,True,False
48.2666184,-0.6222919144339288,True,True,False
48.2999517,-0.4935690232915716,True,True,False
48.333285,-0.35092818924160635,True,True,False
48.3666183,-0.29892567817363896,True,True,False
48.3999516,-0.37644068686123583,True,True,False
48.4332849,-0.5360504104605126,True,True,False
48.4666182,-0.6679219036036913,True,True,False
48.4999515,-0.6557465185217127,True,True,False
48.5332848,-0.4351053838404714,True,True,False
48.5666181,-0.0255640155636713,True,True,False
48.5999514,0.47638860406737055,True,True,False
48.6332847,0.938504074165814,True,True,False
48.666618,1.2472158506027515,True,True,False
48.6999513,1.3448956418244569,True,True,False
48.7332846,1.23266762613994,True,True,False
48.7666179,0.9532409872428367,True,True,False
48.7999512,0.5794131431485549,True,True,False
48.8332845,0.20919506683625075,True,True,False
48.8666178,-0.053785262142516395,True,True,False
48.8999511,-0.1415939702336158,True,True,False
48.9332844,-0.06114829844714284,True,True,False
48.9666177,0.10074109581769332,True,True,False
48.999951,0.21769784591528427,True,True,False
49.0332843,0.1912686478314546,True,True,False
49.0666176,0.008205709018037563,True,True,False
49.0999509,-0.24726481339303427,True,True,False
49.1332842,-0.4366514662614107,True,True,False
49.1666175,-0.44221687783138636,True,True,False
49.1999508,-0.2298693833412059,True,True,False
49.2332841,0.13303820534819563,True,True,False
49.2666174,0.5085135120658415,True,True,False
49.2999507,0.7481530222686743,True,True,False
49.333284,0.7545468434060056,True,True,False
49.3666173,0.5178915198969476,True,True,False
49.3999506,0.11606762064397466,True,True,False
49.4332839,-0.31647712872430167,True,True,False
49.4666172,-0.6379245468745438,True,True,False
49.4999505,-0.7506558521629842,True,True,False
49.5332838,-0.6358942601692085,True,True,False
49.5666171,-0.3568298868217952,True,True,False
49.5999504,-0.031624446225902936,True,True,False
49.6332837,0.21059654581518253,True,True,False
49.666617,0.27711972031582294,True,True,False
49.6999503,0.14860501013675317,True,True,False
49.7332836,-0.11075032148075989,True,True,False
49.7666169,-0.3792440573816946,True,True,False
49.7999502,-0.5297064537420342,True,True,False
49.8332835,-0.4808072276323406,True,True,False
49.8666168,-0.2225545499244546,True,True,False
49.8999501,0.1911248107324483,True,True,False
49.9332834,0.6702408333962866,True,True,False
49.9666167,1.1167460506186622,True,True,False
49.99995,,False,False,False
50.0332833,,False,False,False
50.0666166,,False,False,False
50.0999499,,False,False,False
50.1332832,,False,False,False
50.1666165,,False,False,False
50.1999498,,False,False,False
50.2332831,,False,False,False
50.2666164,,False,False,False
50.2999497,,False,False,False
50.333283,,False,False,False
50.3666163,,False,False,False
50.3999496,,False,False,False
50.4332829,,False,False,False
50.4666162,,False,False,False
50.4999495,,False,False,False
50.5332828,,False,False,False
50.5666161,,False,False,False
50.5999494,,False,False,False
50.6332827,,False,False,False
50.666616,,False,False,False
50.6999493,,False,False,False
50.7332826,,False,False,False
50.7666159,,False,False,False
50.7999492,,False,False,False
50.8332825,,False,False,False
50.8666158,,False,False,False
50.8999491,,False,False,False
50.9332824,,False,False,False
50.9666157,,False,False,False
50.999949,,False,False,False
51.0332823,,False,False,False
51.0666156,,False,False,False
51.0999489,,False,False,False
51.1332822,,False,False,False
51.1666155,,False,False,False
51.1999488,,False,False,False
51.2332821,,False,False,False
51.2666154,,False,False,False
51.2999487,,False,False,False
51.333282,,False,False,False
51.3666153,,False,False,False
51.3999486,,False,False,False
51.4332819,,False,False,False
51.4666152,,False,False,False
51.4999485,,False,False,False
51.5332818,,False,False,False
51.5666151,,False,False,False
51.5999484,,False,False,False
51.6332817,,False,False,False
51.666615,,False,False,False
51.6999483,,False,False,False
51.7332816,,False,False,False
51.7666149,,False,False,False
51.7999482,,False,False,False
