time_s,base,observed,interpolated,covered
0.0,,False,False,False
0.0333332999999999,,False,False,False
0.0666665999999999,,False,False,False
0.0999998999999999,,False,False,False
0.1333331999999999,,False,False,False
0.1666665,,False,False,False
0.1999997999999999,,False,False,False
0.2333331,,False,False,False
0.2666663999999999,,False,False,False
0.2999997,,False,False,False
0.333333,,False,False,False
0.3666663,,False,False,False
0.3999995999999999,,False,False,False
0.4333328999999999,,False,False,False
0.4666662,,False,False,False
0.4999995,,False,False,False
0.5333327999999999,,False,False,False
0.5666661,,False,False,False
0.5999994,,False,False,False
0.6333327,,False,False,False
0.666666,,False,False,False
0.6999993,,False,False,False
0.7333326,,False,False,False
0.7666659,,False,False,False
0.7999991999999999,,False,False,False
0.8333324999999999,,False,False,False
0.8666657999999999,,False,False,False
0.8999990999999999,,False,False,False
0.9333324,,False,False,False
0.9666657,,False,False,False
0.999999,,False,False,False
1.0333323,,False,False,False
1.0666656,,False,False,False
1.0999989,,False,False,False
1.1333322,,False,False,False
1.1666655,,False,False,False
1.1999988,,False,False,False
1.2333321,,False,False,False
1.2666654,,False,False,False
1.2999987,,False,False,False
1.333332,,False,False,False
1.3666653,,False,False,False
1.3999986,,False,False,False
1.4333319,,False,False,False
1.4666652,,False,False,False
1.4999985,,False,False,False
1.5333318,,False,False,False
1.5666650999999998,,False,False,False
1.5999983999999998,,False,False,False
1.6333316999999998,,False,False,False
1.6666649999999998,,False,False,False
1.6999983,,False,False,False
1.7333316,,False,False,False
1.7666649,,False,False,False
1.7999982,,False,False,False
1.8333315,,False,False,False
1.8666648,,False,False,False
1.8999981,,False,False,False
1.9333314,,False,False,False
1.9666647,,False,False,False
1.999998,,False,False,False
2.0333313,,False,False,False
2.0666646,,False,False,False
2.0999979,,False,False,False
2.1333312,,False,False,False
2.1666645,,False,False,False
2.1999978,,False,False,False
2.2333311,,False,False,False
2.2666644,,False,False,False
2.2999977,,False,False,False
2.333331,,False,False,False
2.3666643,,False,False,False
2.3999976,,False,False,False
2.4333309,,False,False,False
2.4666642,,False,False,False
2.4999975,,False,False,False
2.5333308,,False,False,False
2.5666641,,False,False,False
2.5999974,,False,False,False
2.6333307,,False,False,False
2.666664,,False,False,False
2.6999973,,False,False,False
2.7333306,,False,False,False
2.7666639,,False,False,False
2.7999972,,False,False,False
2.8333305,,False,False,False
2.8666638,,False,False,False
2.8999971,,False,False,False
2.9333304,,False,False,False
2.9666637,,False,False,False
2.999997,,False,False,False
3.0333303,,False,False,False
3.0666636,,False,False,False
3.0999969,,False,False,False
3.1333302,,False,False,False
3.1666635,,False,False,False
3.1999968,,False,False,False
3.2333301,,False,False,False
3.2666634,,False,False,False
3.2999967,,False,False,False
3.33333,,False,False,False
3.3666633,,False,False,False
3.3999966,,False,False,False
3.4333299,,False,False,False
3.4666632,,False,False,False
3.4999965,,False,False,False
3.5333298,,False,False,False
3.5666631,,False,False,False
3.5999964,,False,False,False
3.6333297,,False,False,False
3.666663,,False,False,False
3.6999963,,False,False,False
3.7333296,,False,False,False
3.7666629,,False,False,False
3.7999962,,False,False,False
3.8333295,,False,False,False
3.8666628,,False,False,False
3.8999961,,False,False,False
3.9333294,,False,False,False
3.9666627,,False,False,False
3.999996,,False,False,False
4.0333293,,False,False,False
4.0666626,,False,False,False
4.0999959,,False,False,False
4.1333292,,False,False,False
4.1666625,,False,False,False
4.1999958,,False,False,False
4.2333291,,False,False,False
4.2666624,,False,False,False
4.2999957,,False,False,False
4.333329,,False,False,False
4.3666623,,False,False,False
4.3999956,,False,False,False
4.433328899999999,,False,False,False
4.4666622,,False,False,False
4.4999955,,False,False,False
4.5333288,,False,False,False
4.566662099999999,,False,False,False
4.5999954,,False,False,False
4.6333287,,False,False,False
4.666662,-1.1159558004340069,True,False,True
4.699995299999999,-1.1493834312503157,True,False,True
4.7333286,-0.9393871712435315,True,False,True
4.7666619,-0.5250578091561239,True,False,True
4.7999952,0.009362529855384705,True,False,True
4.8333285,0.551868863285122,True,False,True
4.8666618,0.9865848342586248,True,False,True
4.8999951,1.2189593751514411,True,False,True
4.9333284,1.196693859552493,True,False,True
4.9666617,0.9216991896369675,True,False,True
4.999995,0.45032203673217225,True,False,True
5.0333283,-0.11834274177159192,True,False,True
5.0666616,-0.6635944622634546,True,False,True
5.0999949,-1.069149587095967,True,False,True
5.133328199999999,-1.2483586432486373,True,False,True
5.1666615,-1.1630740249160845,True,False,True
5.1999948,-0.8319994583979261,True,False,True
5.2333281,-0.32665588966059833,True,False,True
5.266661399999999,0.24417550965706386,True,False,True
5.2999947,0.7581284684176856,True,False,True
5.333328,1.105843547397195,True,False,True
5.3666613,1.214628006647723,True,False,True
5.399994599999999,1.06398382999194,True,False,True
5.4333279,0.6896094018259098,True,False,True
5.4666612,0.17504287808643296,True,False,True
5.4999945,-0.3671350649130329,True,False,True
5.5333278,-0.8203000567924578,True,False,True
5.5666611,-1.089375399956071,True,False,True
5.5999944,-1.1213006421441523,True,False,True
5.6333277,-0.9158480932297838,True,False,True
5.666661,-0.524471500791897,True,False,True
5.699994299999999,-0.03760970734623784,True,False,True
5.7333276,0.4364961314107116,True,False,True
5.7666609,0.7964911003280682,True,False,True
5.7999942,0.9703630846187978,False,True,True
5.833327499999999,0.9305204388296984,True,False,True
5.8666608,0.6981485650810454,True,False,True
5.8999941,0.33609553335529757,True,False,True
5.9333274,-0.06770546337352526,True,False,True
5.966660699999999,-0.4220177148551349,False,True,True
5.999994,-0.6538395551431808,False,True,True
6.0333273,-0.7244286199825422,True,False,True
6.0666606,-0.636041566895441,True,False,True
6.099993899999999,-0.42806758046062576,True,False,True
6.1333272,-0.16400098391982051,True,False,True
6.1666605,0.08693992123968407,True,False,True
6.1999938,0.26841360798586167,True,False,True
6.2333271,0.35071285284858195,True,False,True
6.266660399999999,0.3360764536652646,True,False,True
6.2999937,0.2544090470357369,True,False,True
6.333327,0.1510362176977683,True,False,True
6.3666603,0.07042695226136475,True,False,True
6.399993599999999,0.040980625442745854,True,False,True
6.4333269,0.06564087255258658,True,False,True
6.4666602,0.12133095026349852,True,False,True
6.4999935,0.16749566007407335,True,False,True
6.533326799999999,0.16117058678307208,True,False,True
6.5666601,0.0738412366679338,True,False,True
6.5999934,-0.09541648886828558,True,False,True
6.6333267,-0.3151179436411189,True,False,True
6.666659999999999,-0.5271011909987249,True,False,True
6.6999933,-0.6618484609328307,True,False,True
6.7333266,-0.6593710924848133,True,False,True
6.7666599,-0.4896217626296474,True,False,True
6.799993199999999,-0.1661038879661545,True,False,True
6.8333265,0.2520571956052412,True,False,True
6.8666598,0.6712162569997518,True,False,True
6.8999931,0.9853572005141981,True,False,True
6.9333264,1.10381376201453,True,False,True
6.966659699999999,0.9771419573365989,True,False,True
6.999993,0.6138042507961246,True,False,True
7.0333263,0.08248690391974177,True,False,True
7.0666596,-0.5014208926369238,True,False,True
7.099992899999999,-1.0023935645879014,True,False,True
7.1333262,-1.297937877543259,True,False,True
7.1666595,-1.3099064575384427,True,False,True
7.1999928,-1.025712024424093,True,False,True
7.233326099999999,-0.5036263400889548,True,False,True
7.2666594,0.13962564769259522,True,False,True
7.2999927,0.7561963020853962,True,False,True
7.333326,1.2026861510305715,True,False,True
7.366659299999999,1.3750686883927166,True,False,True
7.3999926,1.2341692835406588,True,False,True
7.4333259,0.8152561673682281,True,False,True
7.4666592,0.21931714933019114,True,False,True
7.499992499999999,-0.41177376189723774,True,False,True
7.533325799999999,-0.9299457095383229,True,False,True
7.5666591,-1.2167872583184551,True,False,True
7.5999924,-1.2116677979792891,True,False,True
7.633325699999999,-0.925260848420841,True,False,True
7.666658999999999,-0.43534838365071565,True,False,True
7.6999923,0.13374244547565065,True,False,True
7.7333256,0.6426600729839943,True,False,True
7.766658899999999,0.9714693337372963,True,False,True
7.799992199999999,1.0484145388716142,True,False,True
7.8333255,0.8660130139700967,True,False,True
7.8666588,0.4808091811894892,False,True,True
7.899992099999999,-0.0027169385666778872,False,True,True
7.933325399999999,-0.45965355430596516,False,True,True
7.9666587,-0.7764093087557971,True,False,True
7.999992,-0.8786830562992056,True,False,True
8.0333253,-0.7487862662129448,True,False,True
8.0666586,-0.4283042105559136,True,False,True
8.0999919,-0.0058565082838907,True,False,True
8.1333252,0.4065571199620099,True,False,True
8.166658499999999,0.7023952671967526,True,False,True
8.1999918,0.8072592735234034,True,False,True
8.2333251,0.6968404592860709,True,False,True
8.266658399999999,0.4019156017335171,True,False,True
8.2999917,-0.00048538507720826416,True,False,True
8.333325,-0.40717038134614025,True,False,True
8.3666583,-0.7148712870532736,True,False,True
8.3999916,-0.845757266955615,True,False,True
8.433324899999999,-0.7661591081115483,True,False,True
8.4666582,-0.4941459686573494,True,False,True
8.4999915,-0.09444158492130272,True,False,True
8.533324799999999,0.3377335089846727,True,False,True
8.5666581,0.6997155899016902,True,False,True
8.5999914,0.9056853259814207,True,False,True
8.6333247,0.9064525840320418,True,False,True
8.666658,0.7002817139097415,True,False,True
8.699991299999999,0.3325613786268564,True,False,True
8.7333246,-0.1152192019455707,True,False,True
8.7666579,-0.5443111863321332,True,False,True
8.7999912,-0.8608575766751899,True,False,True
8.8333245,-0.9963247148702031,True,False,True
8.866657799999999,-0.9218110663561568,True,False,True
8.8999911,-0.6533905411208516,True,False,True
8.9333244,-0.24772885692097746,True,False,True
8.966657699999999,0.21067828903029148,True,False,True
8.999991,0.6276129549145234,True,False,True
9.0333243,0.9186218251196612,True,False,True
9.0666576,1.025862683933182,True,False,True
9.0999909,0.9290554453571095,True,False,True
9.1333242,0.6486391071227389,True,False,True
9.1666575,0.24086410229765695,True,False,True
9.1999908,-0.21388925219282595,True,False,True
9.2333241,-0.6270691271347861,True,False,True
9.2666574,-0.919028164598785,True,False,True
9.2999907,-1.0340100215005281,True,False,True
9.333324,-0.950361542933842,True,False,True
9.3666573,-0.6842434262862667,True,False,True
9.3999906,-0.28631597117630714,True,False,True
9.4333239,0.16788291552783874,True,False,True
9.4666572,0.592069979606095,True,False,True
9.4999905,0.9053029145712688,True,False,True
9.5333238,1.0471366137139377,True,False,True
9.5666571,0.9891158768383438,True,False,True
9.5999904,0.7404809324120142,True,False,True
9.6333237,0.34694556331464904,True,False,True
9.666657,-0.117381396741553,True,False,True
9.6999903,-0.5636137084364679,True,False,True
9.7333236,-0.904858170197984,True,False,True
9.7666569,-1.0730632286256239,True,False,True
9.7999902,-1.0327176407475487,True,False,True
9.8333235,-0.7886225188123803,True,False,True
9.8666568,-0.3859773038019729,True,False,True
9.8999901,0.0975518142420771,True,False,True
9.9333234,0.5665273207582922,True,False,True
9.9666567,0.9265140864080108,True,False,True
9.99999,1.1032749399588828,True,False,True
10.0333233,1.0584595238876104,True,False,True
10.0666566,0.7983928456999316,True,False,True
10.0999899,0.37385459330372506,True,False,True
10.1333232,-0.12945148418348898,True,False,True
10.1666565,-0.608065912992573,True,False,True
10.1999898,-0.9621916266168669,True,False,True
10.2333231,-1.1169096591792202,True,False,True
10.2666564,-1.038601621039268,True,False,True
10.2999897,-0.7428582088555775,True,False,True
10.333323,-0.2918902524715211,True,False,True
10.3666563,0.2182847092923362,True,False,True
10.3999896,0.6783187147767425,False,True,True
10.4333229,0.9893113377331388,False,True,True
10.4666562,1.0846526007885664,True,False,True
10.4999895,0.9449841102645151,True,False,True
10.5333228,0.6027673035801023,True,False,True
10.5666561,0.13523874780606296,True,False,True
10.5999894,-0.35282600494556243,True,False,True
10.6333227,-0.7527352718301817,True,False,True
10.666656,-0.976532169433191,True,False,True
10.6999893,-0.9769838442267083,True,False,True
10.7333226,-0.7582239234100412,True,False,True
10.7666559,-0.37449796907015137,True,False,True
10.7999892,0.08275888878213189,True,False,True
10.8333225,0.5065148168434528,True,False,True
10.8666558,0.7993199968571639,True,False,True
10.8999891,0.8960982436640129,True,False,True
10.9333224,0.7791235443957167,True,False,True
10.9666557,0.48161723042393484,True,False,True
10.999989,0.07914184370090376,True,False,True
11.0333223,-0.329080108573055,True,False,True
11.0666556,-0.644354884323818,True,False,True
11.0999889,-0.7923223435752453,True,False,True
11.1333222,-0.7406062221428816,True,False,True
11.1666555,-0.5060743923742997,True,False,True
11.1999888,-0.15004091999348962,True,False,True
11.2333221,0.23729796978265386,True,False,True
11.2666554,0.5592826990396778,True,False,True
11.2999887,0.7365186643170727,True,False,True
11.333322,0.7261132404418951,True,False,True
11.3666553,0.5317894610383772,True,False,True
11.3999886,0.2025299533185767,True,False,True
11.4333219,-0.17977184036737615,True,False,True
11.4666552,-0.5205155123972713,True,False,True
11.4999885,-0.7354633140705149,True,False,True
11.5333218,-0.7710767577810566,True,False,True
11.5666551,-0.6172735611434654,True,False,True
11.5999884,-0.3096579367239156,True,False,True
11.6333217,0.07916072578783273,True,False,True
11.666655,0.4569506005326231,True,False,True
11.6999883,0.7337201103544515,True,False,True
11.7333216,0.8428692549131013,True,False,True
11.7666549,0.7567060761994429,True,False,True
11.7999882,0.4928095658784633,True,False,True
11.8333215,0.109901159511828,True,False,True
11.8666548,-0.30568225246523334,True,False,True
11.8999881,-0.6597028719879892,True,False,True
11.9333214,-0.8713774352699694,True,False,True
11.9666547,-0.8915480023093261,True,False,True
11.999988,-0.7136480890409289,True,False,True
12.0333213,-0.3751203437072085,True,False,True
12.0666546,0.05090778237872133,True,False,True
12.0999879,0.47174411977565006,True,False,True
12.1333212,0.7954357516798412,False,True,True
12.1666545,0.9507982885955482,False,True,True
12.1999878,0.9028419320105511,False,True,True
12.2333211,0.6603184114241519,True,False,True
12.2666544,0.27384159231066263,True,False,True
12.2999877,-0.1749407346609191,True,False,True
12.333321,-0.5907563606697801,True,False,True
12.3666543,-0.8849680235065263,True,False,True
12.3999876,-0.9943869177853117,False,True,True
12.4333209,-0.8946834689288202,False,True,True
12.4666542,-0.6055970848042176,False,True,True
12.4999875,-0.18687567559984028,True,False,True
12.533320799999998,0.274186656325552,True,False,True
12.5666541,0.6809992546121408,True,False,True
12.5999874,0.9478999933101033,True,False,True
12.6333207,1.0181381921533177,True,False,True
12.666654,0.8758641866633888,True,False,True
12.6999873,0.5496156057027084,True,False,True
12.7333206,0.10655117864019878,True,False,True
12.7666539,-0.3613982528239398,True,False,True
12.7999872,-0.7566094560130644,True,False,True
12.8333205,-0.9961267963809484,True,False,True
12.8666538,-1.0290669722698476,True,False,True
12.8999871,-0.8474247622270038,True,False,True
12.9333204,-0.48798796038048337,True,False,True
12.9666537,-0.024907094121040196,True,False,True
12.999987,0.44558904175134817,True,False,True
13.0333203,0.825191027887606,True,False,True
13.0666536,1.0340703407765872,True,False,True
13.0999869,1.0277051969955666,True,False,True
13.1333202,0.8064188037115776,True,False,True
13.1666535,0.41557637180161333,True,False,True
13.1999868,-0.0636699024149727,True,False,True
13.233320099999998,-0.531214180540627,True,False,True
13.2666534,-0.8889253673898844,True,False,True
13.2999867,-1.061295441624018,True,False,True
13.33332,-1.0114544512173094,True,False,True
13.3666533,-0.749139828341426,True,False,True
13.3999866,-0.3288789835648403,True,False,True
13.4333199,0.16129996774714733,True,False,True
13.4666532,0.6183057129109485,True,False,True
13.4999865,0.9457112749697035,True,False,True
13.5333198,1.0741844894598127,True,False,True
13.5666531,0.9762750096517511,True,False,True
13.5999864,0.6723804565378522,True,False,True
13.6333197,0.22657150394804246,True,False,True
13.666653,-0.2668894755421978,True,False,True
13.6999863,-0.7035079547638821,True,False,True
13.7333196,-0.990763722315052,True,False,True
13.7666529,-1.0678275455413195,True,False,True
13.7999862,-0.9185599769717656,True,False,True
13.8333195,-0.5749857959315002,True,False,True
13.8666528,-0.11047215152031735,True,False,True
13.8999861,0.37594938842410847,True,False,True
13.933319399999998,0.7807647800041054,True,False,True
13.9666527,1.0181160617667475,True,False,True
13.999986,1.0381339100992748,True,False,True
14.0333193,0.8375177670051558,True,False,True
14.0666526,0.4600911363012031,False,True,True
14.0999859,-0.012770692437179368,True,False,True
14.1333192,-0.47975025992465425,True,False,True
14.1666525,-0.8414074230989533,True,False,True
14.1999858,-1.021479816842805,True,False,True
14.2333191,-0.983066539127731,True,False,True
14.2666524,-0.7362304261308616,True,False,True
14.2999857,-0.33543792388062804,True,False,True
14.333319,0.13252680527942046,True,False,True
14.3666523,0.5674740981008969,True,False,True
14.3999856,0.8773920393851072,True,False,True
14.4333189,0.9980114407998174,True,False,True
14.4666522,0.9061592445438572,True,False,True
14.4999855,0.6241119822358022,True,False,True
14.5333188,0.2141536867341834,True,False,True
14.5666521,-0.23532377001843544,True,False,True
14.5999854,-0.6290367538915441,True,False,True
14.633318699999998,-0.8851179032457664,True,False,True
14.666652,-0.9521503327414392,True,False,True
14.6999853,-0.8193712785897628,True,False,True
14.7333186,-0.5180458654091776,True,False,True
14.7666519,-0.11395574755240238,True,False,True
14.7999852,0.30715754597477557,True,False,True
14.8333185,0.6579185039560506,True,False,True
14.8666518,0.8674528853955629,True,False,True
14.8999851,0.8955577199560372,False,True,True
14.9333184,0.7401076308967441,False,True,True
14.9666517,0.436420125548404,False,True,True
14.999985,0.049017933922299584,True,False,True
15.0333183,-0.34223555977239906,True,False,True
15.066651599999998,-0.658601868682601,True,False,True
15.0999849,-0.8381326452396168,True,False,True
15.1333182,-0.8474642654535265,True,False,True
15.1666515,-0.6875921376886617,True,False,True
15.1999848,-0.3927588882132526,True,False,True
15.2333181,-0.022958369925596883,True,False,True
15.2666514,0.34825962818161815,True,False,True
15.2999847,0.6482074662320528,True,False,True
15.333317999999998,0.8189355871497765,True,False,True
15.3666513,0.8280252306624487,False,True,True
15.3999846,0.6744125434655892,False,True,True
15.4333179,0.3883032185328467,False,True,True
15.4666512,0.025297089062478455,True,False,True
15.4999845,-0.3441551475278365,True,False,True
15.5333178,-0.6480465788196639,True,False,True
15.5666511,-0.8264715037653381,True,False,True
15.5999844,-0.8431753675223573,True,False,True
15.6333177,-0.6928531987518993,True,False,True
15.666651,-0.40275011186289567,False,True,True
15.6999843,-0.028094322624004298,True,False,True
15.7333176,0.35799421959312866,True,False,True
15.766650899999998,0.6784106362228801,True,False,True
15.7999842,0.8672572296854827,True,False,True
15.8333175,0.8833931138337551,True,False,True
15.8666508,0.7195597297090234,True,False,True
15.8999841,0.4050162507003957,True,False,True
15.9333174,0.0008134783113589543,True,False,True
15.9666507,-0.4116963153117891,True,False,True
15.999984,-0.7470617343064073,True,False,True
16.0333173,-0.9334721364363447,True,False,True
16.0666506,-0.9283442735946695,True,False,True
16.099983899999998,-0.7283190812767876,True,False,True
16.1333172,-0.3712582914766588,False,True,True
16.1666505,0.07054671313280171,True,False,True
16.1999838,0.5048492607002346,True,False,True
16.2333171,0.8387518253765262,True,False,True
16.2666504,0.9987892412717205,True,False,True
16.2999837,0.9473955072167941,True,False,True
16.333316999999997,0.691991501063443,False,True,True
16.3666503,0.2844409567429344,True,False,True
16.3999836,-0.18929838825904402,True,False,True
16.433316899999998,-0.6273067767507067,True,False,True
16.4666502,-0.9337854882178618,True,False,True
16.4999835,-1.0402620288186908,True,False,True
16.533316799999998,-0.9211599809686173,True,False,True
16.5666501,-0.6001308284563689,True,False,True
16.5999834,-0.14554745663909394,True,False,True
16.633316699999998,0.344029229623244,True,False,True
16.66665,0.7613215068807714,True,False,True
16.6999833,1.0140357228122014,True,False,True
16.7333166,1.0455071853464382,True,False,True
16.7666499,0.8476171945241893,True,False,True
16.7999832,0.4629937364221876,True,False,True
16.8333165,-0.02410919470131141,True,False,True
16.866649799999998,-0.5063102179622977,True,False,True
16.8999831,-0.8768994132425859,True,False,True
16.9333164,-1.0536299334354218,True,False,True
16.966649699999998,-0.9971576636574884,True,False,True
16.999983,-0.7199571467154301,True,False,True
17.0333163,-0.2836666172649751,True,False,True
17.066649599999998,0.2145858868735046,True,False,True
17.0999829,0.663837523815644,True,False,True
17.1333162,0.9640808761055176,True,False,True
17.1666495,1.0486254458026016,True,False,True
17.1999828,0.8990038391911339,True,False,True
17.2333161,0.5490694732444185,True,False,True
17.2666494,0.07736454796941175,True,False,True
17.299982699999997,-0.4105224029359196,True,False,True
17.333316,-0.8056380045749602,True,False,True
17.3666493,-1.0200584189478015,True,False,True
17.399982599999998,-1.0065179844958274,True,False,True
17.4333159,-0.7688757694380229,True,False,True
17.4666492,-0.36109380953665643,True,False,True
17.499982499999998,0.12501077783071946,True,False,True
17.5333158,0.5804560574265034,True,False,True
17.5666491,0.9035574826019956,True,False,True
17.5999824,1.0226622707585895,True,False,True
17.6333157,0.912066375948678,True,False,True
17.666649,0.5975761916256621,True,False,True
17.6999823,0.15051570190867947,True,False,True
17.733315599999997,-0.32842448683027015,True,False,True
17.7666489,-0.73183139111933,True,False,True
17.7999822,-0.969608383182468,True,False,True
17.833315499999998,-0.9890264751200818,True,False,True
17.8666488,-0.7863296679943225,True,False,True
17.8999821,-0.40735067272050623,True,False,True
17.933315399999998,0.06293633917651383,True,False,True
17.9666487,0.5195300889729927,True,False,True
17.999982,0.8608714947016443,True,False,True
18.0333153,1.0114157385301947,True,False,True
18.0666486,0.9382925346314344,True,False,True
18.0999819,0.6583919820793889,True,False,True
18.1333152,0.23436847723612617,True,False,True
18.1666485,-0.23947353643985006,True,False,True
18.1999818,-0.658212873825621,True,False,True
18.2333151,-0.929559262130532,True,False,True
18.2666484,-0.9941609919402848,True,False,True
18.2999817,-0.8385128311449823,True,False,True
18.333315,-0.49767718545502265,True,False,True
18.3666483,-0.04730183678090761,True,False,True
18.3999816,0.41322213043168465,True,False,True
18.4333149,0.7826893774528858,True,False,True
18.4666482,0.9802444583382709,True,False,True
18.4999815,0.9629267980899483,False,True,True
18.5333148,0.7348033558283862,False,True,True
18.5666481,0.34577430554833377,True,False,True
18.5999814,-0.11958866609266941,True,False,True
18.6333147,-0.5606437246394034,True,False,True
18.666648,-0.882601575705165,True,False,True
18.6999813,-1.016976503975938,True,False,True
18.7333146,,False,False,False
18.7666479,,False,False,False
18.7999812,,False,False,False
18.8333145,,False,False,False
18.8666478,,False,False,False
18.8999811,,False,False,False
18.9333144,,False,False,False
18.9666477,,False,False,False
18.999981,,False,False,False
19.0333143,,False,False,False
19.0666476,,False,False,False
19.0999809,,False,False,False
19.1333142,,False,False,False
19.1666475,,False,False,False
19.1999808,,False,False,False
19.2333141,,False,False,False
19.2666474,,False,False,False
19.2999807,,False,False,False
19.333314,,False,False,False
19.3666473,,False,False,False
19.3999806,,False,False,False
19.4333139,,False,False,False
19.4666472,,False,False,False
19.4999805,,False,False,False
19.5333138,,False,False,False
19.5666471,,False,False,False
19.5999804,,False,False,False
19.6333137,,False,False,False
19.666647,,False,False,False
19.6999803,,False,False,False
19.7333136,,False,False,False
19.7666469,,False,False,False
19.7999802,,False,False,False
19.8333135,,False,False,False
19.8666468,,False,False,False
19.8999801,,False,False,False
19.9333134,,False,False,False
19.9666467,,False,False,False
19.99998,,False,False,False
20.0333133,,False,False,False
20.0666466,,False,False,False
20.0999799,,False,False,False
20.1333132,,False,False,False
20.1666465,,False,False,False
20.1999798,,False,False,False
20.2333131,,False,False,False
20.2666464,,False,False,False
20.2999797,,False,False,False
20.333313,,False,False,False
20.3666463,,False,False,False
20.3999796,,False,False,False
20.4333129,,False,False,False
20.4666462,,False,False,False
20.4999795,,False,False,False
20.5333128,,False,False,False
20.5666461,,False,False,False
20.5999794,,False,False,False
20.6333127,,False,False,False
20.666646,,False,False,False
20.6999793,,False,False,False
20.7333126,,False,False,False
20.7666459,,False,False,False
20.7999792,,False,False,False
20.8333125,,False,False,False
20.8666458,,False,False,False
20.8999791,,False,False,False
20.9333124,,False,False,False
20.9666457,,False,False,False
20.999979,,False,False,False
21.0333123,,False,False,False
21.0666456,,False,False,False
21.0999789,,False,False,False
21.1333122,,False,False,False
21.1666455,,False,False,False
21.1999788,,False,False,False
21.2333121,,False,False,False
21.2666454,,False,False,False
21.2999787,,False,False,False
21.333312,,False,False,False
21.3666453,,False,False,False
21.3999786,,False,False,False
21.4333119,,False,False,False
21.4666452,,False,False,False
21.4999785,,False,False,False
21.5333118,,False,False,False
21.5666451,,False,False,False
21.5999784,,False,False,False
21.6333117,,False,False,False
21.666645,,False,False,False
21.6999783,,False,False,False
21.7333116,,False,False,False
21.7666449,,False,False,False
21.7999782,,False,False,False
21.8333115,,False,False,False
21.8666448,,False,False,False
21.8999781,,False,False,False
21.9333114,,False,False,False
21.9666447,,False,False,False
21.999978,,False,False,False
22.0333113,,False,False,False
22.0666446,,False,False,False
22.0999779,,False,False,False
22.1333112,,False,False,False
22.1666445,,False,False,False
22.1999778,,False,False,False
22.2333111,,False,False,False
22.2666444,,False,False,False
22.2999777,,False,False,False
22.333311,,False,False,False
22.3666443,,False,False,False
22.3999776,,False,False,False
22.4333109,,False,False,False
22.4666442,,False,False,False
22.4999775,,False,False,False
22.5333108,,False,False,False
22.5666441,,False,False,False
22.5999774,,False,False,False
22.6333107,,False,False,False
22.666644,,False,False,False
22.6999773,,False,False,False
22.7333106,,False,False,False
22.7666439,,False,False,False
22.7999772,,False,False,False
22.8333105,,False,False,False
22.8666438,,False,False,False
22.8999771,,False,False,False
22.9333104,,False,False,False
22.9666437,,False,False,False
22.999977,,False,False,False
23.0333103,,False,False,False
23.0666436,,False,False,False
23.0999769,,False,False,False
23.1333102,,False,False,False
23.1666435,,False,False,False
23.1999768,,False,False,False
23.2333101,,False,False,False
23.2666434,,False,False,False
23.2999767,,False,False,False
23.33331,,False,False,False
23.3666433,,False,False,False
23.3999766,,False,False,False
23.4333099,,False,False,False
23.4666432,,False,False,False
23.4999765,,False,False,False
23.5333098,,False,False,False
23.5666431,,False,False,False
23.5999764,,False,False,False
23.6333097,,False,False,False
23.666643,,False,False,False
23.6999763,,False,False,False
23.7333096,,False,False,False
23.7666429,,False,False,False
23.7999762,,False,False,False
23.8333095,,False,False,False
23.8666428,,False,False,False
23.8999761,,False,False,False
23.9333094,,False,False,False
23.9666427,,False,False,False
23.999976,,False,False,False
24.0333093,,False,False,False
24.0666426,,False,False,False
24.0999759,,False,False,False
24.1333092,,False,False,False
24.1666425,,False,False,False
24.1999758,,False,False,False
24.2333091,,False,False,False
24.2666424,,False,False,False
24.2999757,,False,False,False
24.333309,,False,False,False
24.3666423,,False,False,False
24.3999756,,False,False,False
24.4333089,,False,False,False
24.4666422,,False,False,False
24.4999755,,False,False,False
24.5333088,,False,False,False
24.5666421,,False,False,False
24.5999754,,False,False,False
24.6333087,,False,False,False
24.666642,,False,False,False
24.6999753,,False,False,False
24.7333086,,False,False,False
24.7666419,,False,False,False
24.7999752,,False,False,False
24.8333085,,False,False,False
24.8666418,,False,False,False
24.8999751,0.6691733144633785,True,False,True
24.9333084,0.3502274803625296,True,False,True
24.9666417,-0.059502322408784905,True,False,True
24.999975,-0.4401266515632833,True,False,True
25.0333083,-0.6811363981014911,True,False,True
25.0666416,-0.713531064802354,True,False,True
25.0999749,-0.5298845776203485,True,False,True
25.1333082,-0.18654257999431384,True,False,True
25.1666415,0.2127806092085509,True,False,True
25.1999748,0.5473937723718195,True,False,True
25.2333081,0.7152898771368643,True,False,True
25.2666414,0.6636843782310942,True,False,True
25.2999747,0.4053467155588649,True,False,True
25.333308,0.01563747161974027,True,False,True
25.3666413,-0.38923628091261225,True,False,True
25.3999746,-0.6866300374467634,True,False,True
25.4333079,-0.784473977344346,True,False,True
25.4666412,-0.6497826007433838,True,False,True
25.4999745,-0.31982958153922025,True,False,True
25.5333078,0.10782419565263932,True,False,True
25.5666411,0.5039254038220936,True,False,True
25.5999744,0.7464620651656694,True,False,True
25.6333077,0.7582578529852956,True,False,True
25.666641,0.5316445233512015,True,False,True
25.6999743,0.13230175925185647,True,False,True
25.7333076,-0.3194233592226646,True,False,True
25.7666409,-0.6844852223219758,True,False,True
25.7999742,-0.8476806157924067,True,False,True
25.8333075,-0.7537466377560972,True,False,True
25.8666408,-0.4256915204655615,True,False,True
25.8999741,0.04070849216870656,True,False,True
25.9333074,0.5050429651291468,True,False,True
25.9666407,0.8247701223060808,True,False,True
25.999974,0.8991920409005274,True,False,True
26.0333073,0.7012954613010539,True,False,True
26.0666406,0.2873685884967038,True,False,True
26.0999739,-0.21896937233411923,True,False,True
26.1333072,-0.6637973521859489,True,False,True
26.1666405,-0.9098399908348166,True,False,True
26.1999738,-0.8789475026935364,True,False,True
26.2333071,-0.576905626972466,True,False,True
26.2666404,-0.09268027112584436,True,False,True
26.2999737,0.42796983642575814,True,False,True
26.333307,0.8266383941055928,True,False,True
26.3666403,0.9807208387505396,True,False,True
26.3999736,0.8412574630689629,True,False,True
26.4333069,0.4484192595886679,True,False,True
26.4666402,-0.08028384406233745,True,False,True
26.4999735,-0.5855880528465609,True,False,True
26.5333068,-0.9149957208322047,True,False,True
26.5666401,-0.9693289613432904,True,False,True
26.5999734,-0.7329783913062135,True,False,True
26.6333067,-0.27852152192675467,True,False,True
26.66664,0.25569726720712466,True,False,True
26.6999733,0.7080698196049564,True,False,True
26.7333066,0.9431509369233105,True,False,True
26.7666399,0.8927408681316178,True,False,True
26.7999732,0.5760005168125633,True,False,True
26.8333065,0.09254377209066152,True,False,True
26.8666398,-0.4091197979306681,True,False,True
26.8999731,-0.7777732364772348,True,False,True
26.9333064,-0.905826120930204,True,False,True
26.9666397,-0.7614101219925455,True,False,True
26.999973,-0.39646553270606333,True,False,True
27.0333063,0.07130948503483187,True,False,True
27.0666396,0.49654081125822214,True,False,True
27.0999729,0.7519729108114088,True,False,True
27.1333062,0.7674232955716109,True,False,True
27.1666395,0.5497626606478183,True,False,True
27.1999728,0.17803795262375616,True,False,True
27.2333061,-0.22410441176662385,True,False,True
27.2666394,-0.5293145262076672,True,False,True
27.2999727,-0.6472867739961804,True,False,True
27.333306,-0.5522259633701606,True,False,True
27.3666393,-0.28848874619891784,True,False,True
27.3999726,0.046846632522679316,True,False,True
27.4333059,0.3381484479326835,False,True,True
27.4666392,0.4904297163753888,True,False,True
27.4999725,0.46044308088494257,True,False,True
27.5333058,0.26948347360288616,True,False,True
27.5666391,-0.006003481636379362,False,True,True
27.5999724,-0.26240733772403924,False,True,True
27.6333057,-0.40572809683119765,False,True,True
27.666639,-0.3844876021279489,True,False,True
27.6999723,-0.20755549461916017,True,False,True
27.7333056,0.059132003065168574,True,False,True
27.7666389,0.3157817721250531,True,False,True
27.7999722,0.46392736820530306,True,False,True
27.8333055,0.4415507604036981,True,False,True
27.8666388,0.24608004010300788,True,False,True
27.8999721,-0.06276820277976028,True,False,True
27.9333054,-0.3815921151120664,True,False,True
27.9666387,-0.5974353742757859,True,False,True
27.999972,-0.6262437221759284,True,False,True
28.0333053,-0.44283816823027344,True,False,True
28.0666386,-0.09220557042801215,True,False,True
28.0999719,0.32210634187634535,True,False,True
28.1333052,0.6692787573460363,True,False,True
28.1666385,0.8325269700361393,True,False,True
28.1999718,0.7473451834070894,True,False,True
28.2333051,0.424365505122328,True,False,True
28.2666384,-0.05081104831998021,True,False,True
28.2999717,-0.5413081940020386,True,False,True
28.333305,-0.8993241179853864,True,False,True
28.3666383,-1.0109873629249215,True,False,True
28.3999716,-0.8320159598898885,True,False,True
28.4333049,-0.403134020223239,True,False,True
28.4666382,0.15975036432886278,True,False,True
28.4999715,0.6980110790376678,False,True,True
28.5333048,1.0559937416234702,False,True,True
28.5666381,1.1265062704091482,False,True,True
28.5999714,0.8826944665271313,True,False,True
28.6333047,0.38687815916975127,True,False,True
28.666638,-0.22631511973606475,True,False,True
28.6999713,-0.7876725627838224,True,False,True
28.7333046,-1.1410877600165663,True,False,True
28.7666379,-1.1875162116109201,True,False,True
28.7999712,-0.912673654926866,True,False,True
28.8333045,-0.3907412932783419,False,True,True
28.8666378,0.23671651903274016,True,False,True
28.8999711,0.8003619149213868,True,False,True
28.9333044,1.1498258204352045,False,True,True
28.9666377,1.194406435039727,False,True,True
28.999971,0.9265479859584081,False,True,True
29.0333043,0.4220353397601842,True,False,True
29.0666376,-0.18248551065974006,True,False,True
29.0999709,-0.7277636703441545,True,False,True
29.1333042,-1.0749527740271982,True,False,True
29.1666375,-1.1414753649739016,True,False,True
29.1999708,-0.9203347685075707,True,False,True
29.2333041,-0.47846650747592456,True,False,True
29.2666374,0.06430868958987201,True,False,True
29.2999707,0.5689684485295025,True,False,True
29.333304,0.9138428326443818,True,False,True
29.3666373,1.0241740468296527,False,True,True
29.3999706,0.8874503550941968,False,True,True
29.4333039,0.5516986255858845,False,True,True
29.4666372,0.10872388525657012,True,False,True
29.4999705,-0.33191611954715816,True,False,True
29.5333038,-0.6705941661652511,True,False,True
29.5666371,-0.839811575868295,True,False,True
29.5999704,-0.8161165579807509,True,False,True
29.6333037,-0.6202724983398843,True,False,True
29.666637,-0.30742087942139346,True,False,True
29.6999703,0.04881343214452991,True,False,True
29.7333036,0.37359633192872466,True,False,True
29.7666369,0.6055332166793492,True,False,True
29.7999702,0.7062664915912374,True,False,True
29.8333035,0.6643871301457415,False,True,True
29.8666368,0.4944122266005057,False,True,True
29.8999701,0.23223234774702217,False,True,True
29.9333034,-0.07161928629359661,True,False,True
29.9666367,-0.35996087148432526,True,False,True
29.99997,-0.5777033749630146,True,False,True
30.0333033,-0.6808643631919479,True,False,True
30.0666366,-0.6449961687262897,True,False,True
30.0999699,-0.4715785834165613,True,False,True
30.1333032,-0.19052560390961124,True,False,True
30.1666365,0.14285795931524634,True,False,True
30.1999698,0.4571651802219487,True,False,True
30.2333031,0.6794935772010104,True,False,True
30.2666364,0.7526176589983495,True,False,True
30.2999697,0.650587529283794,True,False,True
30.333303,0.3882609017554054,True,False,True
30.3666363,0.02128353697910042,True,False,True
30.3999696,-0.36470401608637865,True,False,True
30.4333029,-0.6738879935393934,True,False,True
30.4666362,-0.8245688322495656,True,False,True
30.4999695,-0.7715867978772724,True,False,True
30.5333028,-0.5204994122460945,True,False,True
30.5666361,-0.12894673232759155,True,False,True
30.5999694,0.30605174729148343,True,False,True
30.6333027,0.6722123556477534,True,False,True
30.666636,0.871462350579691,True,False,True
30.6999693,0.8468736139845523,True,False,True
30.7333026,0.5994753333059922,True,False,True
30.7666359,0.1898690247455384,True,False,True
30.7999692,-0.27637578172906163,True,False,True
30.8333025,-0.6760658207384008,True,False,True
30.8666358,-0.9013148239048999,True,False,True
30.8999691,-0.8891335931911851,True,False,True
30.9333024,-0.6394371277736236,True,False,True
30.9666357,-0.21623932421660713,False,True,True
30.999969,0.2686489526354152,True,False,True
31.0333023,0.6852706146219036,True,False,True
31.0666356,0.9206046707992805,True,False,True
31.0999689,0.9095285225384154,True,False,True
31.1333022,0.6530987554167403,True,False,True
31.1666355,0.21896527614065478,True,False,True
31.1999688,-0.2764110228138464,True,False,True
31.2333021,-0.699061814158425,True,False,True
31.2666354,-0.9338906839443759,True,False,True
31.2999687,-0.9162029612461492,True,False,True
31.333302,-0.6497015356812234,True,False,True
31.3666353,-0.2059072769611312,True,False,True
31.3999686,0.294976525825596,True,False,True
31.4333019,0.7166410755761996,True,False,True
31.4666352,0.9438489328515932,True,False,True
31.4999685,0.9140468045423018,True,False,True
31.5333018,0.6347124307972375,True,False,True
31.5666351,0.18159739137087064,True,False,True
31.5999684,-0.32175422633980716,True,False,True
31.6333017,-0.7376854718966231,True,False,True
31.666635,-0.9521213023038096,True,False,True
31.6999683,-0.9059423533278032,True,False,True
31.7333016,-0.6113861042946402,True,False,True
31.7666349,-0.14889946813927366,True,False,True
31.7999682,0.3547746246668895,True,False,True
31.8333015,0.7613219438353173,True,False,True
31.8666348,0.9588801633349304,True,False,True
31.8999681,0.8928951625345701,True,False,True
31.9333014,0.5812762757049772,True,False,True
31.9666347,0.10961429194348254,True,False,True
31.999968,-0.3922844945649728,True,False,True
32.0333013,-0.7861263129577073,True,False,True
32.0666346,-0.9632834124454879,True,False,True
32.0999679,-0.8748307250181312,True,False,True
32.1333012,-0.5451357631226498,True,False,True
32.1666345,-0.06520205683185734,True,False,True
32.1999678,0.43243306258273656,True,False,True
32.2333011,0.8103263458008646,True,False,True
32.2666344,0.9641493402742565,True,False,True
32.2999677,0.8515629625023112,True,False,True
32.333301,0.5039293642499765,True,False,True
32.3666343,0.017601162917315265,True,False,True
32.3999676,-0.47280093017305735,True,False,True
32.4333009,-0.8317044914486155,True,False,True
32.4666342,-0.960132780121396,True,False,True
32.4999675,-0.8230592487992672,True,False,True
32.5333008,-0.4589871007137829,True,False,True
32.5666341,0.03087678107007755,True,False,True
32.5999674,0.5108062157920559,True,False,True
32.6333007,0.8482317826833414,True,False,True
32.666633999999995,0.9504243927351518,True,False,True
32.6999673,0.7900112975648382,True,False,True
32.7333006,0.41228980235677276,True,False,True
32.766633899999995,-0.0776108693158583,True,False,True
32.7999672,-0.5440652843602323,True,False,True
32.8333005,-0.8585723722992757,True,False,True
32.866633799999995,-0.9351983756614218,True,False,True
32.8999671,-0.7540495429582034,True,False,True
32.9333004,-0.3663639742837532,True,False,True
32.9666337,0.12005489560555849,True,False,True
32.999967,0.5708963736946421,True,False,True
33.0333003,0.8624820146247936,False,True,True
33.0666336,0.9156969857290223,False,True,True
33.0999669,0.7174026440531172,False,True,True
33.1333002,0.3235544181091138,True,False,True
33.1666335,-0.1566651104283313,True,False,True
33.1999668,-0.5911700298051998,True,False,True
33.2333001,-0.8613088570610753,True,False,True
33.2666334,-0.894217247517331,True,False,True
33.2999667,-0.682383343592719,True,False,True
33.3333,-0.2852078430660539,True,False,True
33.3666333,0.1876972000097763,True,False,True
33.3999666,0.606755803222044,True,False,True
33.4332999,0.8578752213649945,True,False,True
33.4666332,0.8734189737545021,False,True,True
33.4999665,0.6503361297676465,False,True,True
33.5332998,0.25062771688661334,True,False,True
33.5666331,-0.21585458600679946,True,False,True
33.5999664,-0.6215108921667017,True,False,True
33.633299699999995,-0.8557797318733775,True,False,True
33.666633,-0.8551736740599206,True,False,True
33.6999663,-0.6204508882058424,True,False,True
33.733299599999995,-0.21630331355850363,True,False,True
33.7666329,0.24633454371517222,True,False,True
33.7999662,0.6405624825062791,True,False,True
33.833299499999995,0.8581788402394261,True,False,True
33.8666328,0.8393253881197208,True,False,True
33.8999661,0.5890253482839732,False,True,True
33.9332994,0.17603572178907334,True,False,True
33.9666327,-0.2857899742252763,True,False,True
33.999966,-0.6686628304896864,True,False,True
34.0332993,-0.866101178926705,True,False,True
34.0666326,-0.8225905067154861,True,False,True
34.0999659,-0.5494010674959712,True,False,True
34.1332992,-0.12200235604421049,True,False,True
34.1666325,0.34045943789754596,True,False,True
34.1999658,0.7081552973206748,True,False,True
34.2332991,0.876987244850394,True,False,True
34.2666324,0.7982355792839392,True,False,True
34.2999657,0.4929534652890055,True,False,True
34.333299,0.04676169486054728,True,False,True
34.3666323,-0.4138263374015316,True,False,True
34.3999656,-0.7571223381891037,True,False,True
34.4332989,-0.8840006683148437,True,False,True
34.4666322,-0.7568256404852524,True,False,True
34.499965499999995,-0.4110403953500454,True,False,True
34.5332988,0.05427058696730239,True,False,True
34.5666321,0.5044877336787893,True,False,True
34.599965399999995,0.8083577393646467,False,True,True
34.6332987,0.8764705478384733,False,True,True
34.666632,0.6879724479963548,False,True,True
34.699965299999995,0.2974140379919112,True,False,True
34.7332986,-0.180638112830226,True,False,True
34.7666319,-0.6050182793901319,True,False,True
34.799965199999995,-0.8497232347613632,True,False,True
34.8332985,-0.8416432303961257,True,False,True
34.8666318,-0.5828673173057368,True,False,True
34.8999651,-0.15061865117710133,True,False,True
34.9332984,0.32547130641093275,True,False,True
34.9666317,0.7021625131630247,True,False,True
34.999965,0.8658902377100359,True,False,True
35.0332983,0.7673948253501526,True,False,True
35.0666316,0.43701641675537184,True,False,True
35.0999649,-0.024237912938722534,True,False,True
35.1332982,-0.4753523609684065,True,False,True
35.1666315,-0.7784459524634401,True,False,True
35.1999648,-0.8411881669454421,True,False,True
35.2332981,-0.6453515869063903,True,False,True
35.2666314,-0.2525395033046127,True,False,True
35.2999647,0.21484746145761752,True,False,True
35.333298,0.6116242417610434,True,False,True
35.3666313,0.8150407610169343,True,False,True
35.3999646,0.7630811005935748,True,False,True
35.4332979,0.4737895843587087,True,False,True
35.466631199999995,0.0394703261559989,True,False,True
35.4999645,-0.4024950397633349,True,False,True
35.5332978,-0.7130571856042702,True,False,True
35.566631099999995,-0.7954245231071788,True,False,True
35.5999644,-0.6255669057939759,True,False,True
35.6332977,-0.2595778667948653,True,False,True
35.666630999999995,0.18447630999815767,True,False,True
35.6999643,0.5644450341935038,True,False,True
35.7332976,0.7596074081812245,True,False,True
35.7666309,0.7092247906091559,True,False,True
35.7999642,0.4317527455776273,True,False,True
35.8332975,0.01853870072159384,True,False,True
35.8666308,-0.39594897085445774,True,False,True
35.8999641,-0.677731400948356,True,False,True
35.9332974,-0.7366533522836436,True,False,True
35.9666307,-0.5554038791672026,True,False,True
35.999964,-0.19482263552886378,True,False,True
36.0332973,0.22620746809613562,True,False,True
36.0666306,0.5697121357844451,True,False,True
36.0999639,0.7237119390195818,True,False,True
36.1332972,0.6387291255806137,True,False,True
36.1666305,0.3437993932127903,True,False,True
36.1999638,-0.06323117885340591,True,False,True
36.2332971,-0.4479336376624657,True,False,True
36.2666304,-0.6834836074800477,True,False,True
36.2999637,-0.692323555561124,True,False,True
36.333297,-0.47163738215927437,True,False,True
36.3666303,-0.09427685937452403,True,False,True
36.3999636,0.3151732263277799,True,False,True
36.4332969,0.6213488418675379,True,False,True
36.4666302,0.7226484232814194,True,False,True
36.4999635,0.5847445870189757,True,False,True
36.5332968,0.2520536803519563,True,False,True
36.5666301,-0.16663131175903156,True,False,True
36.5999634,-0.5336745922145839,True,False,True
36.6332967,-0.7276899739247588,True,False,True
36.66663,-0.6834428484504083,True,False,True
36.6999633,-0.4134949926814448,True,False,True
36.7332966,-0.004478098828552887,True,False,True
36.7666299,0.4108429612230447,True,False,True
36.7999632,0.6966608494765735,True,False,True
36.8332965,0.7583712934780629,True,False,True
36.8666298,0.5735880219063619,True,False,True
36.8999631,0.19982906561836086,True,False,True
36.9332964,-0.24366455849837707,True,False,True
36.9666297,-0.6141443730183396,True,False,True
36.999963,-0.7912968795725968,True,False,True
37.0332963,-0.7161158115711556,True,False,True
37.0666296,-0.4101901541742382,True,False,True
37.0999629,0.03080420723741634,True,False,True
37.1332962,0.4673433223307356,True,False,True
37.1666295,0.7603689058854268,True,False,True
37.1999628,0.8155456001171613,True,False,True
37.2332961,0.613380224905633,True,False,True
37.2666294,0.21565273772058233,True,False,True
37.2999627,-0.25384998331512937,True,False,True
37.333296,-0.6481697999545836,True,False,True
37.3666293,-0.8433034890334957,True,False,True
37.3999626,-0.7771011000035719,True,False,True
37.4332959,-0.46876149253753285,True,False,True
37.4666292,-0.012896296081143531,True,False,True
37.4999625,0.4498825939527232,True,False,True
37.5332958,0.7765920637192915,True,False,True
37.5666291,0.8661093160606418,True,False,True
37.5999624,0.6903089916036849,True,False,True
37.6332957,0.3025709373475728,True,False,True
37.666629,-0.178812256737713,True,False,True
37.6999623,-0.6070525022054587,True,False,True
37.7332956,-0.8517991290810341,True,False,True
37.7666289,-0.8387859164777685,True,False,True
37.7999622,-0.5721503421489064,True,False,True
37.8332955,-0.13279236294699304,True,False,True
37.8666288,0.34650647263749085,True,False,True
37.8999621,0.7214503775033723,False,True,True
37.9332954,0.8797438739775794,False,True,True
37.9666287,0.774618837352077,False,True,True
37.999962,0.43840908795737676,True,False,True
38.0332953,-0.027679079765171227,True,False,True
38.0666286,-0.4842790400942384,True,False,True
38.0999619,-0.7956671987297093,True,False,True
38.1332952,-0.8700885489858222,True,False,True
38.1666285,-0.6866430400097784,True,False,True
38.1999618,-0.3009161687469921,True,False,True
38.2332951,0.17206996407043193,True,False,True
38.2666284,0.5922941203307085,True,False,True
38.2999617,0.8362164273421421,False,True,True
38.333295,0.833018204526321,False,True,True
38.3666283,0.5850109524488593,False,True,True
38.3999616,0.1663947264996827,True,False,True
38.4332949,-0.2990481663597816,True,False,True
38.4666282,-0.674588807464646,True,False,True
38.4999615,-0.850673330080679,True,False,True
38.5332948,-0.7767853096524859,True,False,True
38.5666281,-0.4758265428805591,True,False,True
38.5999614,-0.03696781898981976,True,False,True
38.6332947,0.4107825303054407,True,False,True
38.666628,0.7364593857963402,True,False,True
38.6999613,0.8453713270687988,False,True,True
38.7332946,0.7065560705650108,False,True,True
38.7666279,0.36153341400372285,True,False,True
38.7999612,-0.08809842514597463,True,False,True
38.8332945,-0.5105230245194462,True,False,True
38.8666278,-0.7822691658347579,True,False,True
38.8999611,-0.8242273433003602,True,False,True
38.9332944,-0.6246420852072792,True,False,True
38.9666277,-0.24241275772082857,True,False,True
38.999961,0.21022629725184544,True,False,True
39.0332943,0.6005740351766774,False,True,True
39.0666276,0.8142832124171584,False,True,True
39.0999609,0.7888040773237729,False,True,True
39.1332942,0.5316861872849731,True,False,True
39.1666275,0.1183836793565041,True,False,True
39.1999608,-0.3298126928988913,True,False,True
39.2332941,-0.6812864371887963,True,False,True
39.2666274,-0.8326771319274774,True,False,True
39.2999607,-0.7392412238901247,True,False,True
39.333294,-0.4280801636664557,True,False,True
39.3666273,0.009680112935503074,True,False,True
39.3999606,0.4455162385389775,True,False,True
39.4332939,0.7511779170650688,True,False,True
39.4666272,0.8363757687843193,True,False,True
39.4999605,0.6754211249824772,True,False,True
39.5332938,0.3149608450234466,True,False,True
39.5666271,-0.13952305019950126,True,False,True
39.5999604,-0.5545486393217346,True,False,True
39.6332937,-0.8077977159740285,True,False,True
39.666627,-0.8241240848303729,True,False,True
39.6999603,-0.5978124668382155,True,False,True
39.7332936,-0.19450048813958307,True,False,True
39.7666269,0.26786774458731516,True,False,True
39.7999602,0.6535272912761662,True,False,True
39.8332935,0.8487333199092867,True,False,True
39.8666268,0.7952684193538417,True,False,True
39.8999601,0.507752355259757,True,False,True
39.9332934,0.06961845899902579,True,False,True
39.9666267,-0.3911294172960741,True,False,True
39.99996,-0.7393259759914916,True,False,True
40.0332933,-0.8722818132964052,False,True,True
40.0666266,-0.7500269993748746,False,True,True
40.0999599,-0.40726259086721833,True,False,True
40.1332932,0.056538320965858584,True,False,True
40.1666265,0.506042871126497,True,False,True
40.1999598,0.8095683138012117,True,False,True
40.2332931,0.877648548907427,True,False,True
40.2666264,0.6893640877549112,True,False,True
40.2999597,0.29869661959325416,True,False,True
40.333293,-0.18100436827557517,True,False,True
40.3666263,-0.6099580764982216,True,False,True
40.3999596,-0.8627087841013893,True,False,True
40.4332929,-0.8648122771611424,True,False,True
40.4666262,-0.6147259939919479,True,False,True
40.4999595,-0.18447564582256357,True,False,True
40.5332928,0.30114531632734937,True,False,True
40.5666261,0.7008216859284907,True,False,True
40.5999594,0.8978679392635308,False,True,True
40.6332927,0.8342948144597954,False,True,True
40.666626,0.5278455865971869,True,False,True
40.6999593,0.06700470132305975,True,False,True
40.7332926,-0.41460653979567624,True,False,True
40.7666259,-0.7770242388744364,True,False,True
40.7999592,-0.9146502603661513,True,False,True
40.8332925,-0.7870265168258391,True,False,True
40.8666258,-0.4307051253156845,True,False,True
40.8999591,0.05126246445708109,True,False,True
40.9332924,0.5191839786100962,True,False,True
40.9666257,0.8372668680170499,True,False,True
40.999959,0.9130616320120912,True,False,True
41.0332923,0.724341137231398,True,False,True
41.0666256,0.3255979416553674,True,False,True
41.0999589,-0.1677346146325185,True,False,True
41.1332922,-0.6127568157427462,True,False,True
41.1666255,-0.8805495558268621,True,False,True
41.1999588,-0.8935571445066898,True,False,True
41.2332921,-0.6480553541864881,True,False,True
41.2666254,-0.21519303598221678,True,False,True
41.2999587,0.2796771362509174,True,False,True
41.333292,0.6933601509624651,True,False,True
41.3666253,0.9063070654341777,False,True,True
41.3999586,0.8571934633619525,False,True,True
41.4332919,0.5605767732599662,True,False,True
41.4666252,0.10254864217089907,True,False,True
41.4999585,-0.38431007084997704,True,False,True
41.5332918,-0.7593683300341997,True,False,True
41.5666251,-0.9146138062784358,True,False,True
41.5999584,-0.805775297125413,True,False,True
41.6332917,-0.4649253771820888,True,False,True
41.666625,0.00901757775434692,True,False,True
41.6999583,0.4790607855013524,True,False,True
41.7332916,0.8097924479772822,True,False,True
41.7666249,0.9064225359706634,True,False,True
41.7999582,0.7419419936171393,True,False,True
41.8332915,0.3646206876443487,True,False,True
41.8666248,-0.11622001320542569,True,False,True
41.8999581,-0.561946095205145,True,False,True
41.9332914,-0.8446239235209272,True,False,True
41.9666247,-0.8837430486528255,True,False,True
41.999958,-0.6691053615250492,True,False,True
42.0332913,-0.263386570948498,True,False,True
42.0666246,0.21623634113384355,True,False,True
42.0999579,0.6319813669327954,True,False,True
42.1332912,0.8650561495577649,True,False,True
42.1666245,0.8495661867028717,True,False,True
42.1999578,0.5910684869628602,True,False,True
42.2332911,0.16457284640906297,True,False,True
42.2666244,-0.307289737129674,True,False,True
42.2999577,-0.6895535965581073,True,False,True
42.333291,-0.8734954649883295,True,False,True
42.3666243,-0.807483496885216,True,False,True
42.3999576,-0.5113704787437966,True,False,True
42.4332909,-0.07045484192890072,True,False,True
42.4666242,0.3891301344467155,True,False,True
42.4999575,0.7364829258820659,True,False,True
42.5332908,0.8731479618030259,True,False,True
42.5666241,0.7609220506805826,True,False,True
42.5999574,0.43243595282956576,True,False,True
42.6332907,-0.0183832956037711,True,False,True
42.666624,-0.46316326866298907,True,False,True
42.6999573,-0.7755762073213766,True,False,True
42.7332906,-0.8671192570811419,True,False,True
42.7666239,-0.7120877363865487,True,False,True
42.7999572,-0.35473182870094416,True,False,True
42.8332905,0.10337207168605793,True,False,True
42.8666238,0.5321312678563609,True,False,True
42.8999571,0.8097800552151435,False,True,True
42.9332904,0.8573606692143089,False,True,True
42.9666237,0.6611170272881602,False,True,True
42.999957,0.2764747930185357,True,False,True
43.0332903,-0.1875431417437786,True,False,True
43.0666236,-0.5991093738075964,True,False,True
43.0999569,-0.8409378496382823,True,False,True
43.1332902,-0.8436459746684778,False,True,True
43.1666235,-0.6056703289515811,False,True,True
43.1999568,-0.19402012925123155,False,True,True
43.2332901,0.2744618455168093,True,False,True
43.2666234,0.6661393016946292,True,False,True
43.2999567,0.8686301518786188,True,False,True
43.33329,0.8230616861397023,True,False,True
43.3666233,0.5412783703182684,False,True,True
43.3999566,0.10294542297477133,True,False,True
43.4332899,-0.3668165673289899,True,False,True
43.4666232,-0.7330467693493795,True,False,True
43.4999565,-0.8897127259490376,True,False,True
43.5332898,-0.7905048601015078,False,True,True
43.5666231,-0.46268668646573485,False,True,True
43.5999564,0.00019161579747934798,True,False,True
43.6332897,0.46484629671677163,True,False,True
43.666623,0.7965973224722084,True,False,True
43.6999563,0.8984830454361842,True,False,True
43.7332896,0.7397724960045099,True,False,True
43.7666229,0.36543840400247835,True,False,True
43.7999562,-0.11639028477296554,True,False,True
43.8332895,-0.5655657363634188,True,False,True
43.8666228,-0.850718125740827,True,False,True
43.8999561,-0.8878301227835761,True,False,True
43.9332894,-0.6652167334447172,True,False,True
43.9666227,-0.24741459043784317,True,False,True
43.999956,0.24336818037577487,True,False,True
44.0332893,0.6629630732953257,True,False,True
44.0666226,0.8876911756901704,False,True,True
44.0999559,0.851023167828416,False,True,True
44.1332892,0.5635207115559907,False,True,True
44.1666225,0.11000793260378348,True,False,True
44.1999558,-0.37534235948032113,True,False,True
44.2332891,-0.7487246598536164,True,False,True
44.2666224,-0.8994559899566911,True,False,True
44.2999557,-0.7830139322219315,True,False,True
44.333289,-0.43442766592044624,True,False,True
44.3666223,0.04207608006645085,True,False,True
44.3999556,0.5041641092478144,True,False,True
44.4332889,0.8139690195898756,False,True,True
44.4666222,0.8793898972825945,False,True,True
44.4999555,0.6816986829095548,False,True,True
44.5332888,0.2811114844842309,True,False,True
44.5666221,-0.2013946806671236,True,False,True
44.5999554,-0.6205702795374173,True,False,True
44.6332887,-0.8506908460132383,True,False,True
44.666622,-0.8234335931496793,True,False,True
44.6999553,-0.5483729785433705,True,False,True
44.7332886,-0.10988697216055492,True,False,True
44.7666219,0.3585851833238501,True,False,True
44.7999552,0.7151154855435272,True,False,True
44.8332885,0.8523601779209241,False,True,True
44.8666218,0.7300381443575537,False,True,True
44.8999551,0.386942453470629,False,True,True
44.9332884,-0.07115086614852885,True,False,True
44.9666217,-0.5039609297571329,True,False,True
44.999955,-0.7796278436239008,True,False,True
45.0332883,-0.8149571673542368,True,False,True
45.0666216,-0.6006782299934151,True,False,True
45.0999549,-0.20400425878171352,True,False,True
45.1332882,0.2522582961330958,True,False,True
45.1666215,0.627608812124822,True,False,True
45.1999548,0.8070955778260865,True,False,True
45.2332881,0.7365979683917586,True,False,True
45.2666214,0.4392946066359648,True,False,True
45.2999547,0.008261541896289446,True,False,True
45.333288,-0.42249308542031505,True,False,True
45.3666213,-0.7195919116877293,True,False,True
45.3999546,-0.7915847539890405,True,False,True
45.4332879,-0.6171902472415651,True,False,True
45.4666212,-0.25173101891585875,True,False,True
45.4999545,0.1902314248354585,True,False,True
45.5332878,0.5706652645375698,True,False,True
45.5666211,0.7711138557189904,True,False,True
45.5999544,0.7296105794608853,False,True,True
45.6332877,0.4599458786183711,False,True,True
45.666621,0.04725758519819757,True,False,True
45.6999543,-0.37869707402205227,True,False,True
45.7332876,-0.684244114801528,True,False,True
45.7666209,-0.7737307772552376,True,False,True
45.7999542,-0.6195424189954298,False,True,True
45.8332875,-0.27075238850238825,False,True,True
45.8666208,0.162348913461234,True,False,True
45.8999541,0.5430160213999374,True,False,True
45.9332874,0.7511801994871417,True,False,True
45.9666207,0.7213582537091286,False,True,True
45.999954,0.4633545417329733,False,True,True
46.0332873,0.05917534942160287,True,False,True
46.0666206,-0.3629179210639448,True,False,True
46.0999539,-0.669045536077511,True,False,True
46.1332872,-0.762181115911094,True,False,True
46.1666205,-0.612980077553269,True,False,True
46.1999538,-0.2691432053177871,True,False,True
46.2332871,0.15971134914745075,False,True,True
46.2666204,0.536908367338969,True,False,True
46.2999537,0.7422479053295244,True,False,True
46.333287,0.7103501498026457,False,True,True
46.3666203,0.4515659167835199,False,True,True
46.3999536,0.04873593497054488,False,True,True
46.4332869,-0.3692205628243786,True,False,True
46.4666202,-0.6684954486097949,True,False,True
46.4999535,-0.7532142729449184,True,False,True
46.5332868,-0.5961863413046414,True,False,True
46.5666201,-0.2477054360910467,True,False,True
46.5999534,0.18046884400034433,True,False,True
46.6332867,0.550869811721209,True,False,True
46.66662,0.7443986830925888,True,False,True
46.6999533,0.6985942024381483,True,False,True
46.7332866,0.4278019594823016,True,False,True
46.7666199,0.01872690815136394,True,False,True
46.7999532,-0.3972615132039147,True,False,True
46.8332865,-0.6862358681542059,True,False,True
46.8666198,-0.754745122424124,True,False,True
46.8999531,-0.5799631962431108,True,False,True
46.9332864,-0.21724121364745813,True,False,True
46.9666197,0.21741854084715637,True,False,True
46.999953,0.5844093810128138,True,False,True
47.0332863,0.7652574111446586,False,True,True
47.0666196,0.700727362143233,False,True,True
47.0999529,0.4100686733086964,False,True,True
47.1332862,-0.014813662631101787,True,False,True
47.1666195,-0.43846793571251913,True,False,True
47.1999528,-0.7250411513063365,True,False,True
47.2332861,-0.781715332866519,True,False,True
47.2666194,-0.5885705915009554,True,False,True
47.2999527,-0.2053150448848924,True,False,True
47.333286,0.24732454213123156,True,False,True
47.3666193,0.6256976848060913,True,False,True
47.3999526,0.8087560566130362,True,False,True
47.4332859,0.7365827863261698,True,False,True
47.4666192,0.4297012946410959,True,False,True
47.4999525,-0.016985643557585448,True,False,True
47.5332858,-0.46376092494953447,True,False,True
47.5666191,-0.7698794374187419,True,False,True
47.5999524,-0.8378135883650654,True,False,True
47.6332857,-0.644057407456719,True,False,True
47.666619,-0.24681917382268598,True,False,True
47.6999523,0.23181437346626965,True,False,True
47.7332856,0.6436721070681057,True,False,True
47.7666189,0.8604641614474475,True,False,True
47.7999522,0.8136193162976427,True,False,True
47.8332855,0.5156453720627113,True,False,True
47.8666188,0.05644078479222359,True,False,True
47.8999521,-0.42423548933543265,True,False,True
47.9332854,-0.7795774775111213,True,False,True
47.9666187,-0.9006170786837627,True,False,True
47.999952,-0.7494227557225521,True,False,True
48.0332853,-0.37053969324945735,True,False,True
48.0666186,0.12266779519813235,True,False,True
48.0999519,0.5824338540301063,False,True,True
48.1332852,0.8711715964078982,False,True,True
48.1666185,0.902666169213042,False,True,True
48.1999518,0.6675273925722797,True,False,True
48.2332851,0.23546042405222187,True,False,True
48.2666184,-0.266018725260484,True,False,True
48.2999517,-0.6897479608101204,True,False,True
48.333285,-0.9123819018178966,True,False,True
48.3666183,-0.8702253536239083,True,False,True
48.3999516,-0.577039653624043,True,False,True
48.4332849,-0.11896992414236741,True,False,True
48.4666182,0.3714304110629111,True,False,True
48.4999515,0.7540502361377934,True,False,True
48.5332848,0.9214022386079807,True,False,True
48.5666181,0.8285520605560754,True,False,True
48.5999514,0.5045318819627924,True,False,True
48.6332847,0.042555036177363635,True,False,True
48.666618,-0.4275223600201702,True,False,True
48.6999513,-0.7761567338706101,True,False,True
48.7332846,-0.9098428263213532,True,False,True
48.7666179,-0.7957589066949645,True,False,True
48.7999512,-0.4689904972610356,True,False,True
48.8332845,-0.021077649706057744,True,False,True
48.8666178,0.4262170018469527,True,False,True
48.8999511,0.7542290375285526,True,False,True
48.9332844,0.8786228611548392,True,False,True
48.9666177,0.7704094712412993,True,False,True
48.999951,0.4617605015768332,True,False,True
49.0332843,0.03584907093823503,True,False,True
49.0666176,-0.3959255712095407,True,False,True
49.0999509,-0.7229886895366776,True,False,True
49.1332842,-0.8633854650337687,True,False,True
49.1666175,-0.7835311716371361,True,False,True
49.1999508,-0.5054473728275067,True,False,True
49.2332841,-0.10023125744333691,True,False,True
49.2666174,0.3301995566770337,True,False,True
49.2999507,0.6784126512087661,True,False,True
49.333284,0.857696235596476,True,False,True
49.3666173,0.8230696099672922,True,False,True
49.3999506,0.5822216152997336,True,False,True
49.4332839,0.19385890616466372,True,False,True
49.4666172,-0.24619958648672866,True,False,True
49.4999505,-0.6280489046100438,True,False,True
49.5332838,-0.8545525213800174,True,False,True
49.5666171,-0.8656906323565268,True,False,True
49.5999504,-0.6544298174370736,True,False,True
49.6332837,-0.2699193170269535,True,False,True
49.666617,0.19329222243238436,True,False,True
49.6999503,0.6179269635057119,True,False,True
49.7332836,0.8933296049875371,True,False,True
49.7666169,0.9442844344742178,True,False,True
49.7999502,0.7517946226466224,True,False,True
49.8332835,0.3599867230291935,True,False,True
49.8666168,-0.13335716818521856,True,False,True
49.8999501,-0.600895438750219,True,False,True
49.9332834,-0.9186604767196964,True,False,True
49.9666167,-0.9993273581808413,True,False,True
49.99995,-0.8167925301134694,True,False,True
50.0332833,-0.4149954199887443,True,False,True
50.0666166,0.1020463987264524,True,False,True
50.0999499,0.596929360240743,True,False,True
50.1332832,0.935480705522764,False,True,True
50.1666165,1.0234721704041796,False,True,True
50.1999498,0.8332404481579607,True,False,True
50.2332831,0.4125384700721402,True,False,True
50.2666164,-0.1272819043144934,True,False,True
50.2999497,,False,False,False
50.333283,,False,False,False
50.3666163,,False,False,False
50.3999496,,False,False,False
50.4332829,,False,False,False
50.4666162,,False,False,False
50.4999495,,False,False,False
50.5332828,,False,False,False
50.5666161,,False,False,False
50.5999494,,False,False,False
50.6332827,,False,False,False
50.666616,,False,False,False
50.6999493,,False,False,False
50.7332826,,False,False,False
50.7666159,,False,False,False
50.7999492,,False,False,False
50.8332825,,False,False,False
50.8666158,,False,False,False
50.8999491,,False,False,False
50.9332824,,False,False,False
50.9666157,,False,False,False
50.999949,,False,False,False
51.0332823,,False,False,False
51.0666156,,False,False,False
51.0999489,,False,False,False
51.1332822,,False,False,False
51.1666155,,False,False,False
51.1999488,,False,False,False
51.2332821,,False,False,False
51.2666154,,False,False,False
51.2999487,,False,False,False
51.333282,,False,False,False
51.3666153,,False,False,False
51.3999486,,False,False,False
51.4332819,,False,False,False
51.4666152,,False,False,False
51.4999485,,False,False,False
51.5332818,,False,False,False
51.5666151,,False,False,False
51.5999484,,False,False,False
51.6332817,,False,False,False
51.666615,,False,False,False
51.6999483,,False,False,False
51.7332816,,False,False,False
51.7666149,,False,False,False
51.7999482,,False,False,False
51.8332815,,False,False,False
51.8666148,,False,False,False
