time_s,observed_fraction,interpolated_fraction,spectral_peak_bpm,peak_concentration,accepted,status,ridge_bpm,legacy_ridge_bpm,evidence_local_bpm,evidence_score,evidence_runner_up_margin,evidence_selected_relative_power,evidence_selected_peak_bpm,evidence_selected_periodic_support,evidence_selected_motion_overlap,evidence_candidate_count,evidence_candidates_json,evidence_reacquired,evidence_tracker_state,evidence_motion_available,raw_spectral_peak_bpm,window_start_s,window_end_s,hr_source
4.999995,0.1,0.0,,,False,gap_or_filter_edge,,,,,,,,,,0,[],False,unavailable,False,,0.0,9.99999,saved_fused_wave_nomotion_dp
5.999994,0.2,0.0,,,False,gap_or_filter_edge,,,,,,,,,,0,[],False,unavailable,False,,0.999999,10.999989,saved_fused_wave_nomotion_dp
6.999993,0.3,0.0,,,False,gap_or_filter_edge,,,,,,,,,,0,[],False,unavailable,False,,1.999998,11.999988,saved_fused_wave_nomotion_dp
7.999992,0.4,0.0,,,False,gap_or_filter_edge,,,,,,,,,,0,[],False,unavailable,False,,2.999997,12.999986999999999,saved_fused_wave_nomotion_dp
8.999991,0.5,0.0,,,False,gap_or_filter_edge,,,,,,,,,,0,[],False,unavailable,False,,3.999996,13.999986,saved_fused_wave_nomotion_dp
9.99999,0.6,0.0,,,False,gap_or_filter_edge,,,,,,,,,,0,[],False,unavailable,False,,4.999995,14.999984999999999,saved_fused_wave_nomotion_dp
10.999989,0.7,0.0,,,False,gap_or_filter_edge,,,,,,,,,,0,[],False,unavailable,False,,5.999994,15.999984,saved_fused_wave_nomotion_dp
11.999988,0.8,0.0,,,False,gap_or_filter_edge,,,,,,,,,,0,[],False,unavailable,False,,6.999993,16.999983,saved_fused_wave_nomotion_dp
12.999986999999999,0.9,0.0,,,False,gap_or_filter_edge,,,,,,,,,,0,[],False,unavailable,False,,7.999992,17.999982,saved_fused_wave_nomotion_dp
13.999986,1.0,0.0,188.0,0.5646554494364511,True,candidate_only,188.0,189.0,188.0,0.4665628650153458,0.8563719906877929,1.0,188.0,0.42252022224464725,0.0,4,"[{""bpm"":188.0,""relative_power"":1.0,""peak_concentration"":0.5646554494364511,""prominence"":1.0,""period_correlation"":0.4245601936994972,""split_period_correlation"":0.4164003078800973,""periodic_support"":0.42252022224464725,""harmonic2_relative_power"":3.1981145712466293e-06,""harmonic3_relative_power"":4.29300233897924e-11,""harmonic_support"":0.001790620546233729,""motion_profile"":0.0,""motion_strength"":null,""motion_reliability"":0.0,""motion_overlap"":0.0,""motion_available"":false,""evidence_score"":0.4665628650153458,""supported_bpm"":[185.0,186.0,187.0,188.0,189.0,190.0,191.0],""supported_relative_power"":[0.8220960746750084,0.9104171387661388,0.9716807150517561,1.0,0.9918332929091784,0.9474579993922198,0.8749418661910439]},{""bpm"":164.0,""relative_power"":0.1483879140209215,""peak_concentration"":0.08306297126534867,""prominence"":0.07903722613653291,""period_correlation"":0.2504444294995385,""split_period_correlation"":0.2574658765116248,""periodic_support"":0.2521997912525601,""harmonic2_relative_power"":1.975865043516857e-06,""harmonic3_relative_power"":6.805864622906695e-10,""harmonic_support"":0.000544991665274906,""motion_profile"":0.0,""motion_strength"":null,""motion_reliability"":0.0,""motion_overlap"":0.0,""motion_available"":false,""evidence_score"":-0.38980912567244713,""supported_bpm"":[161.0,162.0,163.0,164.0,165.0,166.0,167.0],""supported_relative_power"":[0.12452138401828977,0.13827962719574516,0.146360937595117,0.1483879140209215,0.14478715865582067,0.1366371522250399,0.12540040653268966]},{""bpm"":80.0,""relative_power"":0.06973643046348767,""peak_concentration"":0.03545108646264375,""prominence"":0.06533371535665455,""period_correlation"":-0.3353237514801701,""split_period_correlation"":-0.30422496890257045,""periodic_support"":0.0,""harmonic2_relative_power"":0.1062609953383312,""harmonic3_relative_power"":0.0022265720725101355,""harmonic_support"":0.09044418484431793,""motion_profile"":0.0,""motion_strength"":null,""motion_reliability"":0.0,""motion_overlap"":0.0,""motion_available"":false,""evidence_score"":-0.8416171630423722,""supported_bpm"":[77.0,78.0,79.0,80.0,81.0,82.0],""supported_relative_power"":[0.058808353193241444,0.06531589624722413,0.06923948895692154,0.06973643046348767,0.06608880425579858,0.05885493901610359]},{""bpm"":114.0,""relative_power"":0.06529254779161488,""peak_concentration"":0.036559976086694215,""prominence"":0.05954871087944478,""period_correlation"":-0.2594053640135065,""split_period_correlation"":-0.25519179329760067,""periodic_support"":0.0,""harmonic2_relative_power"":6.712022777704394e-05,""harmonic3_relative_power"":6.210634749823109e-06,""harmonic_support"":0.0023163086926988657,""motion_profile"":0.0,""motion_strength"":null,""motion_reliability"":0.0,""motion_overlap"":0.0,""motion_available"":false,""evidence_score"":-0.9527907714555467,""supported_bpm"":[111.0,112.0,113.0,114.0,115.0,116.0,117.0],""supported_relative_power"":[0.05574092174926391,0.06213676020599027,0.06528262217149111,0.06529254779161488,0.06281843135292595,0.05877745799073165,0.054076399285142594]}]",False,acquired,False,188.0,8.999991,18.999981,saved_fused_wave_nomotion_dp
14.999984999999999,1.0,0.0,189.0,0.6560386486223699,True,candidate_only,188.0,189.0,189.0,0.6958621929556937,1.054196680036339,0.987904043007504,189.0,0.6536604957666824,0.0,3,"[{""bpm"":189.0,""relative_power"":1.0,""peak_concentration"":0.6560386486223699,""prominence"":1.0,""period_correlation"":0.6492176349219119,""split_period_correlation"":0.6669890783009939,""periodic_support"":0.6536604957666824,""harmonic2_relative_power"":3.360603026254142e-06,""harmonic3_relative_power"":4.911418020597598e-11,""harmonic_support"":0.001835647612343062,""motion_profile"":0.0,""motion_strength"":null,""motion_reliability"":0.0,""motion_overlap"":0.0,""motion_available"":false,""evidence_score"":0.7208621929556938,""supported_bpm"":[186.0,187.0,188.0,189.0,190.0,191.0,192.0],""supported_relative_power"":[0.8202670704833327,0.9242232907415497,0.987904043007504,1.0,0.9557581484344071,0.8653941918278151,0.741206900101149]},{""bpm"":164.0,""relative_power"":0.10234488426155774,""peak_concentration"":0.06898103910507772,""prominence"":0.08079595636707736,""period_correlation"":0.4175248290075615,""split_period_correlation"":0.43522425973504486,""periodic_support"":0.42194968668943234,""harmonic2_relative_power"":9.443158361954945e-07,""harmonic3_relative_power"":4.637103664537555e-10,""harmonic_support"":0.00031329038049545375,""motion_profile"":0.0,""motion_strength"":null,""motion_reliability"":0.0,""motion_overlap"":0.0,""motion_available"":false,""evidence_score"":-0.3333344870806451,""supported_bpm"":[161.0,162.0,163.0,164.0,165.0,166.0,167.0],""supported_relative_power"":[0.08513459332643784,0.0946788722326524,0.10067624941863838,0.10234488426155774,0.09922346337612073,0.09135722742643544,0.07942834275787639]},{""bpm"":115.0,""relative_power"":0.053628099345577045,""peak_concentration"":0.04229723250245468,""prominence"":0.0530657378517533,""period_correlation"":-0.4732250692700771,""split_period_correlation"":-0.517319733540677,""periodic_support"":0.0,""harmonic2_relative_power"":0.00011668436758946798,""harmonic3_relative_power"":3.9092103478146985e-06,""harmonic_support"":0.0026617656731723555,""motion_profile"":0.0,""motion_strength"":null,""motion_reliability"":0.0,""motion_overlap"":0.0,""motion_available"":false,""evidence_score"":-1.0213269716893278,""supported_bpm"":[113.0,114.0,115.0,116.0,117.0],""supported_relative_power"":[0.051893166343521216,0.05331937802764242,0.053628099345577045,0.05263917771482183,0.050204442336260924]}]",False,tracked,False,189.0,9.99999,19.99998,saved_fused_wave_nomotion_dp
15.999984,1.0,0.0,189.0,0.729035193770662,True,candidate_only,188.0,189.0,189.0,0.7375074957990865,1.329170353512381,0.9708137534944487,189.0,0.6911075568652496,0.0,2,"[{""bpm"":189.0,""relative_power"":1.0,""peak_concentration"":0.729035193770662,""prominence"":1.0,""period_correlation"":0.6885572982831345,""split_period_correlation"":0.6987583326115949,""periodic_support"":0.6911075568652496,""harmonic2_relative_power"":5.225174946722999e-06,""harmonic3_relative_power"":8.992944423109017e-11,""harmonic_support"":0.002289183247311891,""motion_profile"":0.0,""motion_strength"":null,""motion_reliability"":0.0,""motion_overlap"":0.0,""motion_available"":false,""evidence_score"":0.7625074957990865,""supported_bpm"":[186.0,187.0,188.0,189.0,190.0,191.0,192.0],""supported_relative_power"":[0.7275217922262188,0.8734172618813107,0.9708137534944487,1.0,0.9521866183536604,0.8419420652346548,0.6884944204737682]},{""bpm"":164.0,""relative_power"":0.05200269255594774,""peak_concentration"":0.05011257470638728,""prominence"":0.050973117420140976,""period_correlation"":0.4291388497102639,""split_period_correlation"":0.41410674185680113,""periodic_support"":0.4253808227468982,""harmonic2_relative_power"":6.061399553869439e-07,""harmonic3_relative_power"":4.1177485436497787e-10,""harmonic_support"":0.00017916090182740685,""motion_profile"":0.0,""motion_strength"":null,""motion_reliability"":0.0,""motion_overlap"":0.0,""motion_available"":false,""evidence_score"":-0.5666628577132946,""supported_bpm"":[161.0,162.0,163.0,164.0,165.0,166.0],""supported_relative_power"":[0.05057324502549636,0.051524300589709346,0.05186467305773117,0.05200269255594774,0.05176741808867506,0.05036379467773458]}]",False,tracked,False,189.0,10.999989,20.999979,saved_fused_wave_nomotion_dp
16.999983,1.0,0.0,189.0,0.7638898800406175,True,candidate_only,188.0,189.0,189.0,0.7284245104481029,,0.9746805309920459,189.0,0.6826077563366424,0.0,1,"[{""bpm"":189.0,""relative_power"":1.0,""peak_concentration"":0.7638898800406175,""prominence"":1.0,""period_correlation"":0.6817900973011941,""split_period_correlation"":0.6850607334429872,""periodic_support"":0.6826077563366424,""harmonic2_relative_power"":6.517452180561982e-06,""harmonic3_relative_power"":7.585718858717164e-11,""harmonic_support"":0.002555978477796195,""motion_profile"":0.0,""motion_strength"":null,""motion_reliability"":0.0,""motion_overlap"":0.0,""motion_available"":false,""evidence_score"":0.7534245104481029,""supported_bpm"":[186.0,187.0,188.0,189.0,190.0,191.0,192.0],""supported_relative_power"":[0.7138906125778605,0.8721978808951731,0.9746805309920459,1.0,0.9412994886793264,0.8182958696456676,0.6549181171056336]}]",False,tracked,False,189.0,11.999988,21.999978,saved_fused_wave_nomotion_dp
17.999982,1.0,0.0,188.0,0.7471314788866612,True,candidate_only,188.0,188.0,188.0,0.7721261698233067,,1.0,188.0,0.6995360883932291,0.0,1,"[{""bpm"":188.0,""relative_power"":1.0,""peak_concentration"":0.7471314788866612,""prominence"":1.0,""period_correlation"":0.7004529237483339,""split_period_correlation"":0.6967855823279152,""periodic_support"":0.6995360883932291,""harmonic2_relative_power"":6.936645793186377e-06,""harmonic3_relative_power"":6.045342308552916e-11,""harmonic_support"":0.0026364725907546244,""motion_profile"":0.0,""motion_strength"":null,""motion_reliability"":0.0,""motion_overlap"":0.0,""motion_available"":false,""evidence_score"":0.7721261698233067,""supported_bpm"":[185.0,186.0,187.0,188.0,189.0,190.0,191.0],""supported_relative_power"":[0.6837633094820659,0.8391613272109004,0.9509476325843319,1.0,0.9766968183642265,0.8857377884918848,0.7511167834366689]}]",False,tracked,False,188.0,12.999986999999999,22.999976999999998,saved_fused_wave_nomotion_dp
18.999981,1.0,0.0,187.0,0.7046756380297565,True,candidate_only,187.0,187.0,187.0,0.6898394090325518,0.6035704117433922,1.0,187.0,0.624731285249049,0.0,2,"[{""bpm"":187.0,""relative_power"":1.0,""peak_concentration"":0.7046756380297565,""prominence"":1.0,""period_correlation"":0.6239064286158534,""split_period_correlation"":0.6272058551486355,""periodic_support"":0.624731285249049,""harmonic2_relative_power"":6.9294095330118405e-06,""harmonic3_relative_power"":5.5954447817138924e-11,""harmonic_support"":0.0026349952585979224,""motion_profile"":0.0,""motion_strength"":null,""motion_reliability"":0.0,""motion_overlap"":0.0,""motion_available"":false,""evidence_score"":0.6898394090325518,""supported_bpm"":[184.0,185.0,186.0,187.0,188.0,189.0,190.0],""supported_relative_power"":[0.7810633497721994,0.9036182534897547,0.9813042681578426,1.0,0.9562147224186006,0.8567606620336697,0.719795356048848]},{""bpm"":93.0,""relative_power"":0.05597835057959108,""peak_concentration"":0.03158275296708377,""prominence"":0.05571517557200553,""period_correlation"":0.7849397455264516,""split_period_correlation"":0.7746246878023311,""periodic_support"":0.7823609810954215,""harmonic2_relative_power"":0.9813042681578426,""harmonic3_relative_power"":1.0882909274749751e-05,""harmonic_support"":0.23464850900992917,""motion_profile"":0.0,""motion_strength"":null,""motion_reliability"":0.0,""motion_overlap"":0.0,""motion_available"":false,""evidence_score"":0.0862689972891596,""supported_bpm"":[92.0,93.0,94.0],""supported_relative_power"":[0.05398341551070663,0.05597835057959108,0.05257545125248797]}]",False,tracked,False,187.0,13.999986,23.999976,saved_fused_wave_nomotion_dp
19.99998,1.0,0.0,185.0,0.685069449498767,True,candidate_only,186.0,186.0,185.0,0.6444553989238202,0.5862904578821642,0.9809445818376012,185.0,0.6062050542830164,0.0,4,"[{""bpm"":185.0,""relative_power"":1.0,""peak_concentration"":0.685069449498767,""prominence"":1.0,""period_correlation"":0.5997996458382032,""split_period_correlation"":0.6254212796174559,""periodic_support"":0.6062050542830164,""harmonic2_relative_power"":6.89841155221091e-06,""harmonic3_relative_power"":9.196691972120555e-11,""harmonic_support"":0.0026298392125021254,""motion_profile"":0.0,""motion_strength"":null,""motion_reliability"":0.0,""motion_overlap"":0.0,""motion_available"":false,""evidence_score"":0.6694553989238202,""supported_bpm"":[182.0,183.0,184.0,185.0,186.0,187.0,188.0],""supported_relative_power"":[0.7506967281716599,0.8730067236100998,0.9611500758902701,1.0,0.9809445818376012,0.9045067763523937,0.7808222213495608]},{""bpm"":92.0,""relative_power"":0.06228948908850129,""peak_concentration"":0.03662660097065053,""prominence"":0.04202312238344144,""period_correlation"":0.7330263383744012,""split_period_correlation"":0.7461918936431615,""periodic_support"":0.7363177271915913,""harmonic2_relative_power"":0.9611500758902701,""harmonic3_relative_power"":1.880923381767625e-06,""harmonic_support"":0.24480234479342086,""motion_profile"":0.0,""motion_strength"":null,""motion_reliability"":0.0,""motion_overlap"":0.0,""motion_available"":false,""evidence_score"":0.08316494104165603,""supported_bpm"":[90.0,91.0,92.0,93.0],""supported_relative_power"":[0.05311423137171976,0.06024312579406626,0.06228948908850129,0.05863364371760734]},{""bpm"":59.0,""relative_power"":0.06690717657381119,""peak_concentration"":0.05458609737889574,""prominence"":0.0403885343041743,""period_correlation"":0.43340588045779627,""split_period_correlation"":0.3875314247846664,""periodic_support"":0.4219372665395138,""harmonic2_relative_power"":0.008931043373805982,""harmonic3_relative_power"":0.16983570553495667,""harmonic_support"":0.06175430839309516,""motion_profile"":0.0,""motion_strength"":null,""motion_reliability"":0.0,""motion_overlap"":0.0,""motion_available"":false,""evidence_score"":-0.4206718639709985,""supported_bpm"":[56.0,57.0,58.0,59.0,60.0,61.0,62.0],""supported_relative_power"":[0.05842354564472515,0.06292753477632955,0.0658941038296194,0.06690717657381119,0.06606056225134851,0.06346007332243951,0.05934519941222676]},{""bpm"":79.0,""relative_power"":0.07516416734665397,""peak_concentration"":0.05176269121736652,""prominence"":0.07424433521526902,""period_correlation"":-0.3710879246052519,""split_period_correlation"":-0.38716764870659504,""periodic_support"":0.0,""harmonic2_relative_power"":0.006867666039352497,""harmonic3_relative_power"":0.00015830018219313322,""harmonic_support"":0.02392738517086078,""motion_profile"":0.0,""motion_strength"":null,""motion_reliability"":0.0,""motion_overlap"":0.0,""motion_available"":false,""evidence_score"":-0.8819008457022393,""supported_bpm"":[76.0,77.0,78.0,79.0,80.0,81.0,82.0],""supported_relative_power"":[0.058146347164031255,0.06633493030348986,0.07251150967092666,0.07516416734665397,0.07312461884538676,0.0658841932247325,0.05497982441951977]}]",False,tracked,False,185.0,14.999984999999999,24.999975,saved_fused_wave_nomotion_dp
20.999979,1.0,0.0,184.0,0.6678475835824254,True,candidate_only,185.0,185.0,184.0,0.5969292225575513,0.9505428651803473,0.9844314190600816,184.0,0.5634741447080168,0.0,3,"[{""bpm"":184.0,""relative_power"":1.0,""peak_concentration"":0.6678475835824254,""prominence"":1.0,""period_correlation"":0.5494539199303989,""split_period_correlation"":0.6055348190408705,""periodic_support"":0.5634741447080168,""harmonic2_relative_power"":4.429581434565191e-06,""harmonic3_relative_power"":7.377810238877564e-11,""harmonic_support"":0.0021076633787328273,""motion_profile"":0.0,""motion_strength"":null,""motion_reliability"":0.0,""motion_overlap"":0.0,""motion_available"":false,""evidence_score"":0.6219292225575513,""supported_bpm"":[181.0,182.0,183.0,184.0,185.0,186.0,187.0],""supported_relative_power"":[0.7302554224674235,0.8606591397892958,0.9556013933235111,1.0,0.9844314190600816,0.908525174309938,0.7816898548795197]},{""bpm"":59.0,""relative_power"":0.09605092491764254,""peak_concentration"":0.06906313844503095,""prominence"":0.08373136768426193,""period_correlation"":0.383875203230936,""split_period_correlation"":0.3254641860899067,""periodic_support"":0.3692724489456787,""harmonic2_relative_power"":0.01255620666040728,""harmonic3_relative_power"":0.21644707141518796,""harmonic_support"":0.08519352963164864,""motion_profile"":0.0,""motion_strength"":null,""motion_reliability"":0.0,""motion_overlap"":0.0,""motion_available"":false,""evidence_score"":-0.3286136426227959,""supported_bpm"":[56.0,57.0,58.0,59.0,60.0,61.0,62.0],""supported_relative_power"":[0.0750413536225411,0.08524073238073646,0.09276643559192152,0.09605092491764254,0.09474327783188556,0.08884122579217034,0.07893877368142652]},{""bpm"":79.0,""relative_power"":0.09920427727382394,""peak_concentration"":0.07546684306235758,""prominence"":0.09863167836723515,""period_correlation"":-0.3462377920511063,""split_period_correlation"":-0.4076412466887645,""periodic_support"":0.0,""harmonic2_relative_power"":0.003544843473348595,""harmonic3_relative_power"":6.642307581978762e-05,""harmonic_support"":0.01965114429618506,""motion_profile"":0.0,""motion_strength"":null,""motion_reliability"":0.0,""motion_overlap"":0.0,""motion_available"":false,""evidence_score"":-0.7890498074832256,""supported_bpm"":[76.0,77.0,78.0,79.0,80.0,81.0,82.0],""supported_relative_power"":[0.08334330667954275,0.09274670304498452,0.09820420761107333,0.09920427727382394,0.09590281829591021,0.08913339039278194,0.08075596220957879]}]",False,tracked,False,184.0,15.999984,25.999973999999998,saved_fused_wave_nomotion_dp
21.999978,1.0,0.0,184.0,0.630348063376395,True,candidate_only,185.0,185.0,184.0,0.5789221260889883,0.8675083108861218,0.9814312745664385,184.0,0.5477772127607313,0.0,3,"[{""bpm"":184.0,""relative_power"":1.0,""peak_concentration"":0.630348063376395,""prominence"":1.0,""period_correlation"":0.548327289392781,""split_period_correlation"":0.5461269828645822,""periodic_support"":0.5477772127607313,""harmonic2_relative_power"":1.8615669169975343e-06,""harmonic3_relative_power"":6.397914577812883e-11,""harmonic_support"":0.001367192052183871,""motion_profile"":0.0,""motion_strength"":null,""motion_reliability"":0.0,""motion_overlap"":0.0,""motion_available"":false,""evidence_score"":0.6039221260889883,""supported_bpm"":[181.0,182.0,183.0,184.0,185.0,186.0,187.0],""supported_relative_power"":[0.7352655678448979,0.8640367898311051,0.9575810747817285,1.0,0.9814312745664385,0.9017206640995522,0.7711689973789504]},{""bpm"":59.0,""relative_power"":0.11671854543812986,""peak_concentration"":0.07633361370440936,""prominence"":0.11586110132396307,""period_correlation"":0.3463166178493026,""split_period_correlation"":0.34667377575222674,""periodic_support"":0.3464059073250336,""harmonic2_relative_power"":0.020751600499730585,""harmonic3_relative_power"":0.23486338948553506,""harmonic_support"":0.10716376003286396,""motion_profile"":0.0,""motion_strength"":null,""motion_reliability"":0.0,""motion_overlap"":0.0,""motion_available"":false,""evidence_score"":-0.26358618479713347,""supported_bpm"":[56.0,57.0,58.0,59.0,60.0,61.0,62.0],""supported_relative_power"":[0.08447582071316209,0.09937711788384533,0.11081788952104334,0.11671854543812986,0.11658139511953573,0.11029021591220546,0.09839978723563896]},{""bpm"":78.0,""relative_power"":0.12806621218164554,""peak_concentration"":0.0880700741278423,""prominence"":0.12801422435563842,""period_correlation"":-0.4403356572128255,""split_period_correlation"":-0.4269107829216019,""periodic_support"":0.0,""harmonic2_relative_power"":0.005244532077671488,""harmonic3_relative_power"":0.00022154447985404664,""harmonic_support"":0.027780460141074534,""motion_profile"":0.0,""motion_strength"":null,""motion_reliability"":0.0,""motion_overlap"":0.0,""motion_available"":false,""evidence_score"":-0.6915422930072163,""supported_bpm"":[75.0,76.0,77.0,78.0,79.0,80.0,81.0],""supported_relative_power"":[0.0971981888910722,0.1133004851469664,0.12382637895782937,0.12806621218164554,0.1262628859650528,0.11943473016770806,0.1091922512535234]}]",False,tracked,False,184.0,16.999983,26.999972999999997,saved_fused_wave_nomotion_dp
22.999976999999998,1.0,0.0,185.0,0.5878062531136935,True,candidate_only,186.0,185.0,185.0,0.597148806169073,0.2776180840096087,0.9792411243004925,185.0,0.5650590949892833,0.0,4,"[{""bpm"":185.0,""relative_power"":1.0,""peak_concentration"":0.5878062531136935,""prominence"":1.0,""period_correlation"":0.5666289673192568,""split_period_correlation"":0.560349477999363,""periodic_support"":0.5650590949892833,""harmonic2_relative_power"":3.3859773928879115e-07,""harmonic3_relative_power"":2.978547176010483e-11,""harmonic_support"":0.0005838016808612872,""motion_profile"":0.0,""motion_strength"":null,""motion_reliability"":0.0,""motion_overlap"":0.0,""motion_available"":false,""evidence_score"":0.622148806169073,""supported_bpm"":[182.0,183.0,184.0,185.0,186.0,187.0,188.0],""supported_relative_power"":[0.733470846759605,0.8627406572330664,0.9577112850448887,1.0,0.9792411243004925,0.8962885724785395,0.7634406326631283]},{""bpm"":93.0,""relative_power"":0.1055460950644185,""peak_concentration"":0.06136860824110656,""prominence"":0.0733963688604259,""period_correlation"":0.7374609167173551,""split_period_correlation"":0.7309908822760972,""periodic_support"":0.7358434081070407,""harmonic2_relative_power"":0.9792411243004925,""harmonic3_relative_power"":3.038204826802252e-05,""harmonic_support"":0.3221155987477852,""motion_profile"":0.0,""motion_strength"":null,""motion_reliability"":0.0,""motion_overlap"":0.0,""motion_available"":false,""evidence_score"":0.3445307221594643,""supported_bpm"":[90.0,91.0,92.0,93.0,94.0,95.0,96.0],""supported_relative_power"":[0.07822667247173253,0.09265478785081231,0.10229795420946607,0.1055460950644185,0.10199029535947479,0.09205159268567144,0.07779832088108818]},{""bpm"":60.0,""relative_power"":0.1280192361916871,""peak_concentration"":0.07692413216948368,""prominence"":0.11397919710017704,""period_correlation"":0.5467139310450795,""split_period_correlation"":0.5309915013001789,""periodic_support"":0.5427833236088544,""harmonic2_relative_power"":0.026908105060144977,""harmonic3_relative_power"":0.4583567540167483,""harmonic_support"":0.1434747815500586,""motion_profile"":0.0,""motion_strength"":null,""motion_reliability"":0.0,""motion_overlap"":0.0,""motion_available"":false,""evidence_score"":0.021085277257598622,""supported_bpm"":[57.0,58.0,59.0,60.0,61.0,62.0,63.0],""supported_relative_power"":[0.10430479882772588,0.11883227900589868,0.12695311950314453,0.1280192361916871,0.12200771997631123,0.10979611722446171,0.09302444977376229]},{""bpm"":78.0,""relative_power"":0.16289231299805265,""peak_concentration"":0.09562831427492914,""prominence"":0.16280506850416382,""period_correlation"":-0.4243968871369614,""split_period_correlation"":-0.46106395229530145,""periodic_support"":0.0,""harmonic2_relative_power"":0.007999424189043524,""harmonic3_relative_power"":0.00043412325688959214,""harmonic_support"":0.03904094507645412,""motion_profile"":0.0,""motion_strength"":null,""motion_reliability"":0.0,""motion_overlap"":0.0,""motion_available"":false,""evidence_score"":-0.5960921384590838,""supported_bpm"":[75.0,76.0,77.0,78.0,79.0,80.0,81.0],""supported_relative_power"":[0.12098795631593641,0.14226464354999882,0.15697936027940435,0.16289231299805265,0.15893883327299596,0.1453825772543762,0.12391402624638863]}]",False,tracked,False,185.0,17.999982,27.999972,saved_fused_wave_nomotion_dp
23.999976,1.0,0.0,187.0,0.5782453643861961,True,candidate_only,187.0,186.0,187.0,0.5846004677129965,0.11674835348245693,1.0,187.0,0.5308543485393546,0.0,5,"[{""bpm"":187.0,""relative_power"":1.0,""peak_concentration"":0.5782453643861961,""prominence"":1.0,""period_correlation"":0.5318190188484561,""split_period_correlation"":0.5279603376120503,""periodic_support"":0.5308543485393546,""harmonic2_relative_power"":4.3462528015150555e-07,""harmonic3_relative_power"":1.6533689217147803e-11,""harmonic_support"":0.0006606843197063578,""motion_profile"":0.0,""motion_strength"":null,""motion_reliability"":0.0,""motion_overlap"":0.0,""motion_available"":false,""evidence_score"":0.5846004677129965,""supported_bpm"":[184.0,185.0,186.0,187.0,188.0,189.0,190.0],""supported_relative_power"":[0.7856129372796616,0.9174223428539146,0.9935689547390006,1.0,0.9358883939243143,0.8124233135760272,0.6530600400128976]},{""bpm"":93.0,""relative_power"":0.13139402493525815,""peak_concentration"":0.0683075092244859,""prominence"":0.1304591563710419,""period_correlation"":0.7295644366756846,""split_period_correlation"":0.7789628213758271,""periodic_support"":0.7419140328507201,""harmonic2_relative_power"":0.9935689547390006,""harmonic3_relative_power"":3.73272268848834e-05,""harmonic_support"":0.3620908042997254,""motion_profile"":0.0,""motion_strength"":null,""motion_reliability"":0.0,""motion_overlap"":0.0,""motion_available"":false,""evidence_score"":0.4678521142305395,""supported_bpm"":[90.0,91.0,92.0,93.0,94.0,95.0,96.0],""supported_relative_power"":[0.07627104071014709,0.10281578662630413,0.12225329694956288,0.13139402493525815,0.1292080350351055,0.11632655423939044,0.09641246057619093]},{""bpm"":59.0,""relative_power"":0.10983836377807914,""peak_concentration"":0.06849078039214608,""prominence"":0.07212489973455288,""period_correlation"":0.36118269662814845,""split_period_correlation"":0.3180346437255228,""periodic_support"":0.35039568340249205,""harmonic2_relative_power"":0.02349920090248006,""harmonic3_relative_power"":0.09152112060017005,""harmonic_support"":0.08589647028049147,""motion_profile"":0.0,""motion_strength"":null,""motion_reliability"":0.0,""motion_overlap"":0.0,""motion_available"":false,""evidence_score"":-0.30172917289273343,""supported_bpm"":[56.0,57.0,58.0,59.0,60.0,61.0,62.0],""supported_relative_power"":[0.07516809852471233,0.09158380290048534,0.1039567969959776,0.10983836377807914,0.10920192833432411,0.1028284113713742,0.09232991532202406]},{""bpm"":78.0,""relative_power"":0.15594224775267604,""peak_concentration"":0.09471061678379554,""prominence"":0.15577302363802212,""period_correlation"":-0.4213718082594827,""split_period_correlation"":-0.41822018611713974,""periodic_support"":0.0,""harmonic2_relative_power"":0.014896589910645651,""harmonic3_relative_power"":0.0005098883272765216,""harmonic_support"":0.051318545105506756,""motion_profile"":0.0,""motion_strength"":null,""motion_reliability"":0.0,""motion_overlap"":0.0,""motion_available"":false,""evidence_score"":-0.5990757963408665,""supported_bpm"":[75.0,76.0,77.0,78.0,79.0,80.0,81.0],""supported_relative_power"":[0.11915770937940318,0.13677056453398642,0.14986292810511895,0.15594224775267604,0.15309922350924327,0.14032482647636,0.11782475304966535]},{""bpm"":131.0,""relative_power"":0.05822085814669434,""peak_concentration"":0.041401826067608394,""prominence"":0.0578661688875388,""period_correlation"":-0.7194889476408413,""split_period_correlation"":-0.7345406539020427,""periodic_support"":0.0,""harmonic2_relative_power"":9.520637717783101e-05,""harmonic3_relative_power"":2.3968903128518097e-09,""harmonic_support"":0.0023584916008240276,""motion_profile"":0.0,""motion_strength"":null,""motion_reliability"":0.0,""motion_overlap"":0.0,""motion_available"":false,""evidence_score"":-0.992870568766649,""supported_bpm"":[128.0,129.0,130.0,131.0,132.0,133.0],""supported_relative_power"":[0.05094691682235546,0.05437658175757651,0.057012837319939384,0.05822085814669434,0.0573590604749672,0.054216888662632357]}]",False,tracked,False,187.0,18.999981,28.999971,saved_fused_wave_nomotion_dp
24.999975,1.0,0.0,188.0,0.614875905610521,True,candidate_only,188.0,187.0,188.0,0.47140287401971537,0.02319742347276149,1.0,188.0,0.4279794751585229,0.0,6,"[{""bpm"":188.0,""relative_power"":1.0,""peak_concentration"":0.614875905610521,""prominence"":1.0,""period_correlation"":0.42813551713222403,""split_period_correlation"":0.42751134923741957,""periodic_support"":0.4279794751585229,""harmonic2_relative_power"":3.885199101665509e-07,""harmonic3_relative_power"":3.730390224799286e-11,""harmonic_support"":0.0006254513453401187,""motion_profile"":0.0,""motion_strength"":null,""motion_reliability"":0.0,""motion_overlap"":0.0,""motion_available"":false,""evidence_score"":0.47140287401971537,""supported_bpm"":[185.0,186.0,187.0,188.0,189.0,190.0,191.0],""supported_relative_power"":[0.7667504253823875,0.9091346059301803,0.9913184347353166,1.0,0.9338724723728009,0.8068768880457159,0.648541652151853]},{""bpm"":93.0,""relative_power"":0.1425007168356625,""peak_concentration"":0.08576671209425663,""prominence"":0.14242573673703326,""period_correlation"":0.7003862159640458,""split_period_correlation"":0.6966288942962602,""periodic_support"":0.6994468855470994,""harmonic2_relative_power"":0.9091346059301803,""harmonic3_relative_power"":3.87988467037213e-05,""harmonic_support"":0.36075676354627834,""motion_profile"":0.0,""motion_strength"":null,""motion_reliability"":0.0,""motion_overlap"":0.0,""motion_available"":false,""evidence_score"":0.4482054505469539,""supported_bpm"":[90.0,91.0,92.0,93.0,94.0,95.0,96.0],""supported_relative_power"":[0.08771781928836211,0.11255501408163254,0.13218658574647993,0.1425007168356625,0.14132220345624463,0.1283126980269129,0.10691468398085634]},{""bpm"":174.0,""relative_power"":0.05394217324153569,""peak_concentration"":0.026069769222696142,""prominence"":0.04324230218308265,""period_correlation"":0.36716539673775406,""split_period_correlation"":0.36594274409892436,""periodic_support"":0.3668597335780466,""harmonic2_relative_power"":3.4532885162477743e-07,""harmonic3_relative_power"":7.148519020178982e-11,""harmonic_support"":0.00013717094784797417,""motion_profile"":0.0,""motion_strength"":null,""motion_reliability"":0.0,""motion_overlap"":0.0,""motion_available"":false,""evidence_score"":-0.6182620573519673,""supported_bpm"":[174.0,175.0],""supported_relative_power"":[0.05394217324153569,0.05295493588358165]},{""bpm"":58.0,""relative_power"":0.08073186252009736,""peak_concentration"":0.05192438262649757,""prominence"":0.04951652206918469,""period_correlation"":0.10403618518719292,""split_period_correlation"":0.1264355469226231,""periodic_support"":0.10963602562105046,""harmonic2_relative_power"":0.010557044289976737,""harmonic3_relative_power"":0.05394217324153569,""harmonic_support"":0.05229095979773364,""motion_profile"":0.0,""motion_strength"":null,""motion_reliability"":0.0,""motion_overlap"":0.0,""motion_available"":false,""evidence_score"":-0.7079270962210928,""supported_bpm"":[55.0,56.0,57.0,58.0,59.0,60.0,61.0],""supported_relative_power"":[0.05149377371054555,0.0649455826078565,0.07529691410457483,0.08073186252009736,0.07989652504128908,0.07399214394961509,0.06473778761860624]},{""bpm"":79.0,""relative_power"":0.10207924431342295,""peak_concentration"":0.07625584808239873,""prominence"":0.07439015346716864,""period_correlation"":-0.3467071796055968,""split_period_correlation"":-0.3599131299087244,""periodic_support"":0.0,""harmonic2_relative_power"":0.019425829545723125,""harmonic3_relative_power"":0.0009615811452185517,""harmonic_support"":0.047998202155945434,""motion_profile"":0.0,""motion_strength"":null,""motion_reliability"":0.0,""motion_overlap"":0.0,""motion_available"":false,""evidence_score"":-0.7507038496486365,""supported_bpm"":[76.0,77.0,78.0,79.0,80.0,81.0,82.0],""supported_relative_power"":[0.0928153725136902,0.0986547766042002,0.10205154357527235,0.10207924431342295,0.09791845922848597,0.08897641323154969,0.07622159324653804]},{""bpm"":131.0,""relative_power"":0.05444336246260828,""peak_concentration"":0.04140382201358238,""prominence"":0.053953409923045606,""period_correlation"":-0.7046124961894525,""split_period_correlation"":-0.7031008110411242,""periodic_support"":0.0,""harmonic2_relative_power"":7.33301698507478e-05,""harmonic3_relative_power"":5.0906547078182946e-08,""harmonic_support"":0.002016510178360085,""motion_profile"":0.0,""motion_strength"":null,""motion_reliability"":0.0,""motion_overlap"":0.0,""motion_available"":false,""evidence_score"":-1.0166915083130632,""supported_bpm"":[130.0,131.0,132.0,133.0],""supported_relative_power"":[0.05251411565851753,0.05444336246260828,0.05432429748118307,0.05200072368899242]}]",False,tracked,False,188.0,19.99998,29.999969999999998,saved_fused_wave_nomotion_dp
25.999973999999998,1.0,0.0,188.0,0.6463839572828567,True,candidate_only,188.0,188.0,94.0,0.5023261504848681,0.029966995428593934,1.0,188.0,0.45593323657139523,0.0,3,"[{""bpm"":94.0,""relative_power"":0.15857220494726068,""peak_concentration"":0.1071800455532835,""prominence"":0.15830026880584508,""period_correlation"":0.7089477118209331,""split_period_correlation"":0.7003168766615997,""periodic_support"":0.7067900030310997,""harmonic2_relative_power"":1.0,""harmonic3_relative_power"":6.852309976820736e-05,""harmonic_support"":0.3993649757669897,""motion_profile"":0.0,""motion_strength"":null,""motion_reliability"":0.0,""motion_overlap"":0.0,""motion_available"":false,""evidence_score"":0.532293145913462,""supported_bpm"":[91.0,92.0,93.0,94.0,95.0,96.0,97.0],""supported_relative_power"":[0.12942127329620573,0.1464075287727963,0.15707788858259378,0.15857220494726068,0.1488702079161666,0.1294053955209466,0.10362416013022945]},{""bpm"":188.0,""relative_power"":1.0,""peak_concentration"":0.6463839572828567,""prominence"":1.0,""period_correlation"":0.45571912085534755,""split_period_correlation"":0.4565755837195382,""periodic_support"":0.45593323657139523,""harmonic2_relative_power"":6.364964847533406e-07,""harmonic3_relative_power"":2.5950533817992377e-11,""harmonic_support"":0.0007995902563331959,""motion_profile"":0.0,""motion_strength"":null,""motion_reliability"":0.0,""motion_overlap"":0.0,""motion_available"":false,""evidence_score"":0.5023261504848681,""supported_bpm"":[185.0,186.0,187.0,188.0,189.0,190.0,191.0],""supported_relative_power"":[0.6733886168486988,0.8303252889146795,0.9458102851251605,1.0,0.9814441544762365,0.8925625640571166,0.7563927634106921]},{""bpm"":57.0,""relative_power"":0.07453019618669643,""peak_concentration"":0.04200149735833623,""prominence"":0.06881862038738612,""period_correlation"":-0.21098118846829442,""split_period_correlation"":-0.13705817233093315,""periodic_support"":0.0,""harmonic2_relative_power"":0.005004058861918561,""harmonic3_relative_power"":0.01654530918821317,""harmonic_support"":0.03160256230271889,""motion_profile"":0.0,""motion_strength"":null,""motion_reliability"":0.0,""motion_overlap"":0.0,""motion_available"":false,""evidence_score"":-0.8771902589180123,""supported_bpm"":[55.0,56.0,57.0,58.0,59.0],""supported_relative_power"":[0.05804232189250441,0.06908288948052191,0.07453019618669643,0.07297026657157424,0.06389833299552254]}]",False,tracked,False,188.0,20.999979,30.999969,saved_fused_wave_nomotion_dp
26.999972999999997,1.0,0.0,189.0,0.6520438115648496,True,candidate_only,188.0,188.0,189.0,0.5297206982757612,0.02737118885118861,0.98351992176805,189.0,0.5035346447518768,0.0,4,"[{""bpm"":189.0,""relative_power"":1.0,""peak_concentration"":0.6520438115648496,""prominence"":1.0,""period_correlation"":0.5073411657418723,""split_period_correlation"":0.4921150817818906,""periodic_support"":0.5035346447518768,""harmonic2_relative_power"":6.903000802633516e-07,""harmonic3_relative_power"":2.4887411239645057e-11,""harmonic_support"":0.000832589048696622,""motion_profile"":0.0,""motion_strength"":null,""motion_reliability"":0.0,""motion_overlap"":0.0,""motion_available"":false,""evidence_score"":0.5547206982757612,""supported_bpm"":[186.0,187.0,188.0,189.0,190.0,191.0,192.0],""supported_relative_power"":[0.7763704983756771,0.9032068466487521,0.98351992176805,1.0,0.9454340604053598,0.8342301250277119,0.6849435316825486]},{""bpm"":93.0,""relative_power"":0.1754289930731911,""peak_concentration"":0.1225487620169243,""prominence"":0.1750427030273762,""period_correlation"":0.699742724313891,""split_period_correlation"":0.6865968344129574,""periodic_support"":0.6964562518386574,""harmonic2_relative_power"":0.7763704983756771,""harmonic3_relative_power"":8.861304786570783e-05,""harmonic_support"":0.3704299529396006,""motion_profile"":0.0,""motion_strength"":null,""motion_reliability"":0.0,""motion_overlap"":0.0,""motion_available"":false,""evidence_score"":0.5273495094245726,""supported_bpm"":[90.0,91.0,92.0,93.0,94.0,95.0,96.0],""supported_relative_power"":[0.12652928707713884,0.14927653516112122,0.1663199753444955,0.1754289930731911,0.17529455987157438,0.16525147163099285,0.14711201859153164]},{""bpm"":57.0,""relative_power"":0.0800978683812251,""peak_concentration"":0.04662972181336585,""prominence"":0.07933679054643389,""period_correlation"":-0.2448358400651087,""split_period_correlation"":-0.2617797667097001,""periodic_support"":0.0,""harmonic2_relative_power"":0.008989482342118379,""harmonic3_relative_power"":0.013460852299388678,""harmonic_support"":0.03832603845878336,""motion_profile"":0.0,""motion_strength"":null,""motion_reliability"":0.0,""motion_overlap"":0.0,""motion_available"":false,""evidence_score"":-0.845251074572295,""supported_bpm"":[54.0,55.0,56.0,57.0,58.0,59.0,60.0],""supported_relative_power"":[0.05450075938058232,0.0673896758367067,0.07665584509836597,0.0800978683812251,0.07649793476407478,0.06557766707928175,0.05018018171564111]},{""bpm"":79.0,""relative_power"":0.05060083216136343,""peak_concentration"":0.028128991596502215,""prominence"":0.03201459347641337,""period_correlation"":-0.42135312209000736,""split_period_correlation"":-0.4083156021196448,""periodic_support"":0.0,""harmonic2_relative_power"":0.014239551437882624,""harmonic3_relative_power"":0.0011318627242141283,""harmonic_support"":0.029491515572343592,""motion_profile"":0.0,""motion_strength"":null,""motion_reliability"":0.0,""motion_overlap"":0.0,""motion_available"":false,""evidence_score"":-1.014834024359177,""supported_bpm"":[79.0],""supported_relative_power"":[0.05060083216136343]}]",False,tracked,False,189.0,21.999978,31.999968,saved_fused_wave_nomotion_dp
27.999972,1.0,0.0,189.0,0.6386755451610051,True,candidate_only,188.0,188.0,94.0,0.5186647622069385,0.028686910692824585,0.9601280302269816,189.0,0.4932628574308212,0.0,3,"[{""bpm"":94.0,""relative_power"":0.16662598513771987,""peak_concentration"":0.11747343692800816,""prominence"":0.16504882154584768,""period_correlation"":0.7286262922830965,""split_period_correlation"":0.7171367732422576,""periodic_support"":0.7257539125228867,""harmonic2_relative_power"":0.9601280302269816,""harmonic3_relative_power"":7.603294105359608e-05,""harmonic_support"":0.4012236249933088,""motion_profile"":0.0,""motion_strength"":null,""motion_reliability"":0.0,""motion_overlap"":0.0,""motion_available"":false,""evidence_score"":0.5723516728997631,""supported_bpm"":[91.0,92.0,93.0,94.0,95.0,96.0,97.0],""supported_relative_power"":[0.13805103497801482,0.15553812737406866,0.165311024297069,0.16662598513771987,0.1593450089119909,0.145308358500937,0.12692388045639755]},{""bpm"":189.0,""relative_power"":1.0,""peak_concentration"":0.6386755451610051,""prominence"":1.0,""period_correlation"":0.4939954172929215,""split_period_correlation"":0.4910651778445204,""periodic_support"":0.4932628574308212,""harmonic2_relative_power"":1.1529594091085948e-06,""harmonic3_relative_power"":2.8228227700805542e-11,""harmonic_support"":0.0010756190330350936,""motion_profile"":0.0,""motion_strength"":null,""motion_reliability"":0.0,""motion_overlap"":0.0,""motion_available"":false,""evidence_score"":0.5436647622069385,""supported_bpm"":[186.0,187.0,188.0,189.0,190.0,191.0,192.0],""supported_relative_power"":[0.7165773280459041,0.8590707181082403,0.9601280302269816,1.0,0.9678585378094574,0.8746759696713441,0.7364987986351348]},{""bpm"":57.0,""relative_power"":0.07222380852668532,""peak_concentration"":0.05469490671718984,""prominence"":0.07151789938793686,""period_correlation"":-0.18122575956716136,""split_period_correlation"":-0.18058625349966895,""periodic_support"":0.0,""harmonic2_relative_power"":0.017402019647089807,""harmonic3_relative_power"":0.010894012730510069,""harmonic_support"":0.04526946983512808,""motion_profile"":0.0,""motion_strength"":null,""motion_reliability"":0.0,""motion_overlap"":0.0,""motion_available"":false,""evidence_score"":-0.8745254654738561,""supported_bpm"":[54.0,55.0,56.0,57.0,58.0,59.0,60.0],""supported_relative_power"":[0.05691869612317579,0.06412114428144837,0.06947031669868128,0.07222380852668532,0.07196211576225571,0.06847133479523314,0.06270277940872791]}]",False,tracked,False,189.0,22.999976999999998,32.999967,saved_fused_wave_nomotion_dp
28.999971,1.0,0.0,189.0,0.6201298423918636,True,candidate_only,188.0,188.0,189.0,0.5770428186159228,0.07801698252290867,0.9658737138694384,189.0,0.5462109068717773,0.0,3,"[{""bpm"":189.0,""relative_power"":1.0,""peak_concentration"":0.6201298423918636,""prominence"":1.0,""period_correlation"":0.5476650393103087,""split_period_correlation"":0.5418485095561831,""periodic_support"":0.5462109068717773,""harmonic2_relative_power"":1.4616406879620234e-06,""harmonic3_relative_power"":2.7569362259525605e-11,""harmonic_support"":0.0012108210569676476,""motion_profile"":0.0,""motion_strength"":null,""motion_reliability"":0.0,""motion_overlap"":0.0,""motion_available"":false,""evidence_score"":0.6020428186159228,""supported_bpm"":[186.0,187.0,188.0,189.0,190.0,191.0,192.0],""supported_relative_power"":[0.7175029227373219,0.8658900991056129,0.9658737138694384,1.0,0.9618412413724046,0.8663481779814578,0.7314659469190643]},{""bpm"":95.0,""relative_power"":0.14032982880373754,""peak_concentration"":0.09489763477050936,""prominence"":0.14011377189767393,""period_correlation"":0.7628475207031494,""split_period_correlation"":0.7769328936667519,""periodic_support"":0.76636886394405,""harmonic2_relative_power"":0.9618412413724046,""harmonic3_relative_power"":5.211643862460398e-05,""harmonic_support"":0.3683359832656952,""motion_profile"":0.0,""motion_strength"":null,""motion_reliability"":0.0,""motion_overlap"":0.0,""motion_available"":false,""evidence_score"":0.5240258360930141,""supported_bpm"":[92.0,93.0,94.0,95.0,96.0,97.0,98.0],""supported_relative_power"":[0.11598495489171502,0.13056874542104394,0.13940479174189113,0.14032982880373754,0.13324499457236197,0.11957858739471754,0.10146766381295258]},{""bpm"":76.0,""relative_power"":0.06516487512218357,""peak_concentration"":0.047169261833963194,""prominence"":0.052840036003760166,""period_correlation"":-0.6171441515939472,""split_period_correlation"":-0.61384220123928,""periodic_support"":0.0,""harmonic2_relative_power"":0.0018921055484274185,""harmonic3_relative_power"":0.0006297352134347161,""harmonic_support"":0.013346094265172623,""motion_profile"":0.0,""motion_strength"":null,""motion_reliability"":0.0,""motion_overlap"":0.0,""motion_available"":false,""evidence_score"":-0.9424460438517026,""supported_bpm"":[73.0,74.0,75.0,76.0,77.0,78.0],""supported_relative_power"":[0.058676852588619655,0.06254237616154373,0.06510742070471194,0.06516487512218357,0.061912695335138546,0.0552484774395972]}]",False,tracked,False,189.0,23.999976,33.999966,saved_fused_wave_nomotion_dp
29.999969999999998,1.0,0.0,188.0,0.5960088420425725,True,candidate_only,188.0,188.0,188.0,0.5997631383178831,0.17356917240559927,1.0,188.0,0.5440461811167748,0.0,5,"[{""bpm"":188.0,""relative_power"":1.0,""peak_concentration"":0.5960088420425725,""prominence"":1.0,""period_correlation"":0.5455241297035667,""split_period_correlation"":0.5396123353563993,""periodic_support"":0.5440461811167748,""harmonic2_relative_power"":1.7184978665654394e-06,""harmonic3_relative_power"":1.6557753010304396e-11,""harmonic_support"":0.0013123390894307751,""motion_profile"":0.0,""motion_strength"":null,""motion_reliability"":0.0,""motion_overlap"":0.0,""motion_available"":false,""evidence_score"":0.5997631383178831,""supported_bpm"":[185.0,186.0,187.0,188.0,189.0,190.0,191.0],""supported_relative_power"":[0.6750474995102164,0.8309863336607425,0.9452450473508659,1.0,0.9862514501664646,0.9079618204856944,0.7869107468950957]},{""bpm"":95.0,""relative_power"":0.11622505976854212,""peak_concentration"":0.068237184761044,""prominence"":0.1160736861492107,""period_correlation"":0.7692254494797975,""split_period_correlation"":0.7968315414315235,""periodic_support"":0.7761269724677291,""harmonic2_relative_power"":0.9079618204856944,""harmonic3_relative_power"":5.4771249630371124e-05,""harmonic_support"":0.32573367520274327,""motion_profile"":0.0,""motion_strength"":null,""motion_reliability"":0.0,""motion_overlap"":0.0,""motion_available"":false,""evidence_score"":0.4261939659122838,""supported_bpm"":[92.0,93.0,94.0,95.0,96.0,97.0,98.0],""supported_relative_power"":[0.08480668612247065,0.10135235610568244,0.11278338278789696,0.11622505976854212,0.11116762496743804,0.09900081711791009,0.08201622945371102]},{""bpm"":175.0,""relative_power"":0.07912035616752616,""peak_concentration"":0.05044168424091952,""prominence"":0.029122430217194142,""period_correlation"":0.4911641732252166,""split_period_correlation"":0.48594541738811275,""periodic_support"":0.48985948426594067,""harmonic2_relative_power"":6.486549862152079e-07,""harmonic3_relative_power"":5.5783028244504046e-11,""harmonic_support"":0.00022727848019927423,""motion_profile"":0.0,""motion_strength"":null,""motion_reliability"":0.0,""motion_overlap"":0.0,""motion_available"":false,""evidence_score"":-0.34880207035036787,""supported_bpm"":[173.0,174.0,175.0,176.0,177.0,178.0],""supported_relative_power"":[0.05694081095621133,0.07110585804701541,0.07912035616752616,0.0781154186992419,0.06869459808799652,0.056002127590558726]},{""bpm"":74.0,""relative_power"":0.09242621994886432,""peak_concentration"":0.07025320509486764,""prominence"":0.07304335477227442,""period_correlation"":-0.6599772521318149,""split_period_correlation"":-0.7022318468569356,""periodic_support"":0.0,""harmonic2_relative_power"":0.0018977103010774242,""harmonic3_relative_power"":0.001116197193147321,""harmonic_support"":0.016798769494267746,""motion_profile"":0.0,""motion_strength"":null,""motion_reliability"":0.0,""motion_overlap"":0.0,""motion_available"":false,""evidence_score"":-0.8166718317235373,""supported_bpm"":[71.0,72.0,73.0,74.0,75.0,76.0,77.0],""supported_relative_power"":[0.08231326506898723,0.08684437666074431,0.09051964472730566,0.09242621994886432,0.09189102252060083,0.08846033025591003,0.08212894950216566]},{""bpm"":117.0,""relative_power"":0.05050537468127692,""peak_concentration"":0.03709957657337623,""prominence"":0.042359390696643705,""period_correlation"":-0.5969290807293091,""split_period_correlation"":-0.5960913887073207,""periodic_support"":0.0,""harmonic2_relative_power"":0.0007980424579062707,""harmonic3_relative_power"":4.638814078047001e-07,""harmonic_support"":0.006402228331123104,""motion_profile"":0.0,""motion_strength"":null,""motion_reliability"":0.0,""motion_overlap"":0.0,""motion_available"":false,""evidence_score"":-1.038584203330009,""supported_bpm"":[117.0],""supported_relative_power"":[0.05050537468127692]}]",False,tracked,False,188.0,24.999975,34.999964999999996,saved_fused_wave_nomotion_dp
30.999969,1.0,0.0,187.0,0.6042471816588441,True,candidate_only,187.0,187.0,187.0,0.6293092526064795,0.3056898512299754,1.0,187.0,0.5709452561566137,0.0,4,"[{""bpm"":187.0,""relative_power"":1.0,""peak_concentration"":0.6042471816588441,""prominence"":1.0,""period_correlation"":0.5719644852610808,""split_period_correlation"":0.5678875688432123,""periodic_support"":0.5709452561566137,""harmonic2_relative_power"":1.6086346193425315e-06,""harmonic3_relative_power"":1.0819017678734924e-11,""harmonic_support"":0.0012694708342043596,""motion_profile"":0.0,""motion_strength"":null,""motion_reliability"":0.0,""motion_overlap"":0.0,""motion_available"":false,""evidence_score"":0.6293092526064795,""supported_bpm"":[184.0,185.0,186.0,187.0,188.0,189.0,190.0],""supported_relative_power"":[0.7599381290257631,0.8842579323375083,0.9694517212291579,1.0,0.9696153437139979,0.8815368801673986,0.7505538537105271]},{""bpm"":94.0,""relative_power"":0.09737771545618547,""peak_concentration"":0.050179396330857065,""prominence"":0.09691669595236393,""period_correlation"":0.7563370348400267,""split_period_correlation"":0.7520175011456662,""periodic_support"":0.7552571514164366,""harmonic2_relative_power"":0.9696153437139979,""harmonic3_relative_power"":4.908129568617845e-05,""harmonic_support"":0.3080417958267946,""motion_profile"":0.0,""motion_strength"":null,""motion_reliability"":0.0,""motion_overlap"":0.0,""motion_available"":false,""evidence_score"":0.32361940137650413,""supported_bpm"":[91.0,92.0,93.0,94.0,95.0,96.0,97.0],""supported_relative_power"":[0.05414170449250402,0.07356654712125234,0.0889145306112444,0.09737771545618547,0.09695495577191623,0.08841219655235287,0.0741121895091797]},{""bpm"":77.0,""relative_power"":0.09279293237582212,""peak_concentration"":0.0679829491566929,""prominence"":0.09136197520937042,""period_correlation"":-0.5569283145469703,""split_period_correlation"":-0.5376018637594047,""periodic_support"":0.0,""harmonic2_relative_power"":0.005096686976297491,""harmonic3_relative_power"":0.00024235690318885402,""harmonic_support"":0.02340689412510532,""motion_profile"":0.0,""motion_strength"":null,""motion_reliability"":0.0,""motion_overlap"":0.0,""motion_available"":false,""evidence_score"":-0.8086777865166472,""supported_bpm"":[74.0,75.0,76.0,77.0,78.0,79.0,80.0],""supported_relative_power"":[0.08583314516786926,0.08938396180155735,0.09195623023765591,0.09279293237582212,0.09123089870829082,0.0868068287495619,0.0792701804001667]},{""bpm"":117.0,""relative_power"":0.06146691913994584,""peak_concentration"":0.04088656948002165,""prominence"":0.060446581171811724,""period_correlation"":-0.6256721429091788,""split_period_correlation"":-0.6353909571614982,""periodic_support"":0.0,""harmonic2_relative_power"":0.0005483846308947449,""harmonic3_relative_power"":9.303975143441409e-07,""harmonic_support"":0.0058895167684828754,""motion_profile"":0.0,""motion_strength"":null,""motion_reliability"":0.0,""motion_overlap"":0.0,""motion_available"":false,""evidence_score"":-0.9703501354001857,""supported_bpm"":[115.0,116.0,117.0,118.0,119.0,120.0],""supported_relative_power"":[0.05453150411222701,0.059201508660294104,0.06146691913994584,0.061196384666720643,0.05842162789053095,0.053411882675988245]}]",False,tracked,False,187.0,25.999973999999998,35.999964,saved_fused_wave_nomotion_dp
31.999968,1.0,0.0,185.0,0.6635181565732251,True,candidate_only,186.0,186.0,185.0,0.6300973494913374,0.43205591897849327,0.9886289633882077,185.0,0.5942607093915191,0.0,4,"[{""bpm"":185.0,""relative_power"":1.0,""peak_concentration"":0.6635181565732251,""prominence"":1.0,""period_correlation"":0.5942714266079724,""split_period_correlation"":0.5942285577421593,""periodic_support"":0.5942607093915191,""harmonic2_relative_power"":1.97972027399534e-06,""harmonic3_relative_power"":1.0252040045955484e-10,""harmonic_support"":0.0014105691606664265,""motion_profile"":0.0,""motion_strength"":null,""motion_reliability"":0.0,""motion_overlap"":0.0,""motion_available"":false,""evidence_score"":0.6550973494913375,""supported_bpm"":[182.0,183.0,184.0,185.0,186.0,187.0,188.0],""supported_relative_power"":[0.7519661490505487,0.8692995935011727,0.9570375973156754,1.0,0.9886289633882077,0.9217528248170215,0.8073832898480107]},{""bpm"":94.0,""relative_power"":0.08341030454723569,""peak_concentration"":0.04647307110991368,""prominence"":0.0740421530659562,""period_correlation"":0.7583479163778837,""split_period_correlation"":0.751773954489918,""periodic_support"":0.7567044259058924,""harmonic2_relative_power"":0.8073832898480107,""harmonic3_relative_power"":2.9969039378091934e-05,""harmonic_support"":0.26006075955101027,""motion_profile"":0.0,""motion_strength"":null,""motion_reliability"":0.0,""motion_overlap"":0.0,""motion_available"":false,""evidence_score"":0.2230414305128442,""supported_bpm"":[91.0,92.0,93.0,94.0,95.0,96.0,97.0],""supported_relative_power"":[0.056593155200438554,0.07078447587240769,0.0803338024328796,0.08341030454723569,0.07905127351145547,0.06861734960166112,0.05453461256767483]},{""bpm"":79.0,""relative_power"":0.0881950073652877,""peak_concentration"":0.05708314256257961,""prominence"":0.08806949688700844,""period_correlation"":-0.41376960315205935,""split_period_correlation"":-0.42513541686928275,""periodic_support"":0.0,""harmonic2_relative_power"":0.003887411388031768,""harmonic3_relative_power"":0.00026973204554146075,""harmonic_support"":0.020223306172888863,""motion_profile"":0.0,""motion_strength"":null,""motion_reliability"":0.0,""motion_overlap"":0.0,""motion_available"":false,""evidence_score"":-0.8296484170196671,""supported_bpm"":[76.0,77.0,78.0,79.0,80.0,81.0,82.0],""supported_relative_power"":[0.07131956346493461,0.08053995471316143,0.08659679472843296,0.0881950073652877,0.08457373751200815,0.07554269956473773,0.06262730130130373]},{""bpm"":118.0,""relative_power"":0.053150293200713544,""peak_concentration"":0.03699870222475995,""prominence"":0.05256340328849885,""period_correlation"":-0.6658434901988933,""split_period_correlation"":-0.664010412562504,""periodic_support"":0.0,""harmonic2_relative_power"":0.00029538305440604247,""harmonic3_relative_power"":4.5184092285674107e-07,""harmonic_support"":0.0040165234309291085,""motion_profile"":0.0,""motion_strength"":null,""motion_reliability"":0.0,""motion_overlap"":0.0,""motion_available"":false,""evidence_score"":-1.0231045567756663,""supported_bpm"":[117.0,118.0,119.0],""supported_relative_power"":[0.05189053094864601,0.053150293200713544,0.052294986629115046]}]",False,tracked,False,185.0,26.999972999999997,36.999963,saved_fused_wave_nomotion_dp
32.999967,1.0,0.0,184.0,0.7184534908693753,True,candidate_only,185.0,185.0,184.0,0.6369642970335343,0.47669425083937267,0.9871490104210225,184.0,0.600233333745665,0.0,3,"[{""bpm"":184.0,""relative_power"":1.0,""peak_concentration"":0.7184534908693753,""prominence"":1.0,""period_correlation"":0.5985650253913801,""split_period_correlation"":0.6052382588085197,""periodic_support"":0.600233333745665,""harmonic2_relative_power"":2.9052256303361486e-06,""harmonic3_relative_power"":8.139490491368028e-11,""harmonic_support"":0.0017076299133027256,""motion_profile"":0.0,""motion_strength"":null,""motion_reliability"":0.0,""motion_overlap"":0.0,""motion_available"":false,""evidence_score"":0.6619642970335343,""supported_bpm"":[181.0,182.0,183.0,184.0,185.0,186.0,187.0],""supported_relative_power"":[0.7352486180938131,0.8617713693218507,0.9549711114745474,1.0,0.9871490104210225,0.915353991082227,0.7931795188927022]},{""bpm"":93.0,""relative_power"":0.07341556725312104,""peak_concentration"":0.05467771643244769,""prominence"":0.073316702184009,""period_correlation"":0.762355884405049,""split_period_correlation"":0.7647439707750521,""periodic_support"":0.7629529059975497,""harmonic2_relative_power"":0.915353991082227,""harmonic3_relative_power"":8.158747685672963e-05,""harmonic_support"":0.2600885968730392,""motion_profile"":0.0,""motion_strength"":null,""motion_reliability"":0.0,""motion_overlap"":0.0,""motion_available"":false,""evidence_score"":0.18527004619416165,""supported_bpm"":[90.0,91.0,92.0,93.0,94.0,95.0,96.0],""supported_relative_power"":[0.0557532198564387,0.0638363699048611,0.07023089832207408,0.07341556725312104,0.07241570458304539,0.06678398599528651,0.05748747464998396]},{""bpm"":79.0,""relative_power"":0.06612944670306596,""peak_concentration"":0.048293873440303774,""prominence"":0.029220357098614577,""period_correlation"":-0.4296705019046537,""split_period_correlation"":-0.4457235238441099,""periodic_support"":0.0,""harmonic2_relative_power"":0.0009938593922705452,""harmonic3_relative_power"":5.433740804654101e-05,""harmonic_support"":0.008770455544282183,""motion_profile"":0.0,""motion_strength"":null,""motion_reliability"":0.0,""motion_overlap"":0.0,""motion_available"":false,""evidence_score"":-0.9418789449037985,""supported_bpm"":[77.0,78.0,79.0,80.0,81.0,82.0],""supported_relative_power"":[0.05475539603761758,0.06234918411423821,0.06612944670306596,0.06601028775207385,0.06245257269040406,0.05684554220905111]}]",False,tracked,False,184.0,27.999972,37.999962,saved_fused_wave_nomotion_dp
33.999966,1.0,0.0,184.0,0.7233318756781882,True,candidate_only,185.0,185.0,184.0,0.6536413920209493,0.4652170211386636,0.9913787465817323,184.0,0.6153818519962637,0.0,2,"[{""bpm"":184.0,""relative_power"":1.0,""peak_concentration"":0.7233318756781882,""prominence"":1.0,""period_correlation"":0.6082252499774619,""split_period_correlation"":0.6368516580526691,""periodic_support"":0.6153818519962637,""harmonic2_relative_power"":2.9537674810053186e-06,""harmonic3_relative_power"":5.959906837960021e-11,""harmonic_support"":0.00172135482505924,""motion_profile"":0.0,""motion_strength"":null,""motion_reliability"":0.0,""motion_overlap"":0.0,""motion_available"":false,""evidence_score"":0.6786413920209493,""supported_bpm"":[181.0,182.0,183.0,184.0,185.0,186.0,187.0],""supported_relative_power"":[0.7120705192411021,0.8463197309396934,0.9478906122183786,1.0,0.9913787465817323,0.9201051967445695,0.7948290739272524]},{""bpm"":92.0,""relative_power"":0.07432112381668603,""peak_concentration"":0.06410216398497869,""prominence"":0.07428992332803509,""period_correlation"":0.7742299307938332,""split_period_correlation"":0.7661201514703813,""periodic_support"":0.7722024859629701,""harmonic2_relative_power"":1.0,""harmonic3_relative_power"":0.00014745385167138958,""harmonic_support"":0.27377765846696167,""motion_profile"":0.0,""motion_strength"":null,""motion_reliability"":0.0,""motion_overlap"":0.0,""motion_available"":false,""evidence_score"":0.21342437088228572,""supported_bpm"":[89.0,90.0,91.0,92.0,93.0,94.0,95.0],""supported_relative_power"":[0.06322647346342194,0.06807502342685338,0.07203079260328075,0.07432112381668603,0.07424540575415403,0.07133692072543678,0.06532458088346965]}]",False,tracked,False,184.0,28.999971,38.999961,saved_fused_wave_nomotion_dp
34.999964999999996,1.0,0.0,185.0,0.6975175050790534,True,candidate_only,186.0,186.0,185.0,0.7486632216924426,0.5313992565507193,0.9901556671638612,185.0,0.7018830136890182,0.0,2,"[{""bpm"":185.0,""relative_power"":1.0,""peak_concentration"":0.6975175050790534,""prominence"":1.0,""period_correlation"":0.6984786865860586,""split_period_correlation"":0.7120959949978971,""periodic_support"":0.7018830136890182,""harmonic2_relative_power"":2.5259307829102854e-06,""harmonic3_relative_power"":5.471453755650467e-11,""harmonic_support"":0.0015919066345226245,""motion_profile"":0.0,""motion_strength"":null,""motion_reliability"":0.0,""motion_overlap"":0.0,""motion_available"":false,""evidence_score"":0.7736632216924426,""supported_bpm"":[182.0,183.0,184.0,185.0,186.0,187.0,188.0],""supported_relative_power"":[0.700895880795105,0.8398345194454576,0.9459917986613858,1.0,0.9901556671638612,0.9157505010312836,0.7876243975885358]},{""bpm"":93.0,""relative_power"":0.07615355792288608,""peak_concentration"":0.05810139720449011,""prominence"":0.07590342354243895,""period_correlation"":0.7905038578367427,""split_period_correlation"":0.783116658669226,""periodic_support"":0.7886570580448635,""harmonic2_relative_power"":0.9901556671638612,""harmonic3_relative_power"":0.00020853045420608074,""harmonic_support"":0.27599241865299046,""motion_profile"":0.0,""motion_strength"":null,""motion_reliability"":0.0,""motion_overlap"":0.0,""motion_available"":false,""evidence_score"":0.24226396514172338,""supported_bpm"":[90.0,91.0,92.0,93.0,94.0,95.0,96.0],""supported_relative_power"":[0.061521081056018646,0.06880072130046551,0.07402797315057012,0.07615355792288608,0.07453218669557536,0.06886315309708338,0.05996250574823302]}]",False,tracked,False,185.0,29.999969999999998,39.99996,saved_fused_wave_nomotion_dp
35.999964,1.0,0.0,187.0,0.696011716273282,True,candidate_only,187.0,187.0,187.0,0.7844419758154066,0.6519788520932963,1.0,187.0,0.7114875105407539,0.0,2,"[{""bpm"":187.0,""relative_power"":1.0,""peak_concentration"":0.696011716273282,""prominence"":1.0,""period_correlation"":0.7070747243514313,""split_period_correlation"":0.7247258691087217,""periodic_support"":0.7114875105407539,""harmonic2_relative_power"":3.2538875130458107e-06,""harmonic3_relative_power"":2.826298350359772e-11,""harmonic_support"":0.0018057142205773393,""motion_profile"":0.0,""motion_strength"":null,""motion_reliability"":0.0,""motion_overlap"":0.0,""motion_available"":false,""evidence_score"":0.7844419758154066,""supported_bpm"":[184.0,185.0,186.0,187.0,188.0,189.0,190.0],""supported_relative_power"":[0.777714546298646,0.9044183377992946,0.9831630598154412,1.0,0.9516252428831778,0.8451407088124284,0.6995609427047651]},{""bpm"":94.0,""relative_power"":0.06401822460033933,""peak_concentration"":0.0445426303201208,""prominence"":0.06396730386880044,""period_correlation"":0.7728286578331593,""split_period_correlation"":0.7590235956375784,""periodic_support"":0.7693773922842642,""harmonic2_relative_power"":0.9516252428831778,""harmonic3_relative_power"":0.00022592884342576954,""harmonic_support"":0.2481536090818668,""motion_profile"":0.0,""motion_strength"":null,""motion_reliability"":0.0,""motion_overlap"":0.0,""motion_available"":false,""evidence_score"":0.13246312372211033,""supported_bpm"":[92.0,93.0,94.0,95.0,96.0],""supported_relative_power"":[0.054676534620157584,0.061193842098040414,0.06401822460033933,0.06247521031238784,0.05711301507513342]}]",False,tracked,False,187.0,30.999969,40.999959,saved_fused_wave_nomotion_dp
36.999963,1.0,0.0,188.0,0.732716501771086,True,candidate_only,188.0,188.0,188.0,0.7635306705124194,1.724072550022448,1.0,188.0,0.6921213121703254,0.0,2,"[{""bpm"":188.0,""relative_power"":1.0,""peak_concentration"":0.732716501771086,""prominence"":1.0,""period_correlation"":0.6901281237477948,""split_period_correlation"":0.6981008774379169,""periodic_support"":0.6921213121703254,""harmonic2_relative_power"":4.8249748887261604e-06,""harmonic3_relative_power"":3.39167358542514e-12,""harmonic_support"":0.002197227125061435,""motion_profile"":0.0,""motion_strength"":null,""motion_reliability"":0.0,""motion_overlap"":0.0,""motion_available"":false,""evidence_score"":0.7635306705124194,""supported_bpm"":[185.0,186.0,187.0,188.0,189.0,190.0,191.0],""supported_relative_power"":[0.716058639542786,0.8600585391317962,0.9601877547473844,1.0,0.9719447586176888,0.881692682207742,0.7522259836752766]},{""bpm"":69.0,""relative_power"":0.05387431126057123,""peak_concentration"":0.03556533085006501,""prominence"":0.05369830836119434,""period_correlation"":-0.1979933430613177,""split_period_correlation"":-0.22316775957077495,""periodic_support"":0.0,""harmonic2_relative_power"":0.047415157453524884,""harmonic3_relative_power"":0.019354965582960706,""harmonic_support"":0.06184365062323291,""motion_profile"":0.0,""motion_strength"":null,""motion_reliability"":0.0,""motion_overlap"":0.0,""motion_available"":false,""evidence_score"":-0.9605418795100287,""supported_bpm"":[68.0,69.0,70.0],""supported_relative_power"":[0.052825688229729974,0.05387431126057123,0.05059740851819379]}]",False,tracked,False,188.0,31.999968,41.999958,saved_fused_wave_nomotion_dp
37.999962,1.0,0.0,189.0,0.7597119779815913,True,candidate_only,188.0,188.0,189.0,0.7553790385261311,1.7487621462260874,0.9845566725374735,189.0,0.7072655459744264,0.0,2,"[{""bpm"":189.0,""relative_power"":1.0,""peak_concentration"":0.7597119779815913,""prominence"":1.0,""period_correlation"":0.7078718524871573,""split_period_correlation"":0.7054466264362331,""periodic_support"":0.7072655459744264,""harmonic2_relative_power"":5.696697611887554e-06,""harmonic3_relative_power"":2.1525963978516955e-13,""harmonic_support"":0.002386937954262061,""motion_profile"":0.0,""motion_strength"":null,""motion_reliability"":0.0,""motion_overlap"":0.0,""motion_available"":false,""evidence_score"":0.7803790385261311,""supported_bpm"":[186.0,187.0,188.0,189.0,190.0,191.0,192.0],""supported_relative_power"":[0.754715613408133,0.8972992831333285,0.9845566725374735,1.0,0.940580843033955,0.8257708040026694,0.6770697155654057]},{""bpm"":68.0,""relative_power"":0.05509874604183334,""peak_concentration"":0.037786328514545824,""prominence"":0.05509409365981969,""period_correlation"":-0.0038841816371528036,""split_period_correlation"":0.002343902918178731,""periodic_support"":0.0,""harmonic2_relative_power"":0.024329102115572643,""harmonic3_relative_power"":0.013438600695164423,""harmonic_support"":0.046136804630337355,""motion_profile"":0.0,""motion_strength"":null,""motion_reliability"":0.0,""motion_overlap"":0.0,""motion_available"":false,""evidence_score"":-0.9683831076999562,""supported_bpm"":[67.0,68.0,69.0],""supported_relative_power"":[0.05283853968222208,0.05509874604183334,0.05224668292349813]}]",False,tracked,False,189.0,32.999967,42.999956999999995,saved_fused_wave_nomotion_dp
38.999961,1.0,0.0,188.0,0.735062689628817,True,candidate_only,188.0,188.0,188.0,0.7611858718264646,1.2933913640960437,1.0,188.0,0.689835002077317,0.0,2,"[{""bpm"":188.0,""relative_power"":1.0,""peak_concentration"":0.735062689628817,""prominence"":1.0,""period_correlation"":0.6896088762939395,""split_period_correlation"":0.6905133794274492,""periodic_support"":0.689835002077317,""harmonic2_relative_power"":5.600983606135942e-06,""harmonic3_relative_power"":4.347970547557826e-12,""harmonic_support"":0.002367369541415802,""motion_profile"":0.0,""motion_strength"":null,""motion_reliability"":0.0,""motion_overlap"":0.0,""motion_available"":false,""evidence_score"":0.7611858718264646,""supported_bpm"":[185.0,186.0,187.0,188.0,189.0,190.0,191.0],""supported_relative_power"":[0.62656183416976,0.7986549245132964,0.9309307650594922,1.0,0.9915580187251116,0.9065369287061612,0.768912222423247]},{""bpm"":66.0,""relative_power"":0.05760609546743511,""peak_concentration"":0.05227638261055697,""prominence"":0.057554145312680355,""period_correlation"":0.3989664513055329,""split_period_correlation"":0.38681380488045114,""periodic_support"":0.3959282896992624,""harmonic2_relative_power"":0.006463581703055788,""harmonic3_relative_power"":0.020140384274878742,""harmonic_support"":0.031217801538379636,""motion_profile"":0.0,""motion_strength"":null,""motion_reliability"":0.0,""motion_overlap"":0.0,""motion_available"":false,""evidence_score"":-0.5322054922695793,""supported_bpm"":[64.0,65.0,66.0,67.0,68.0],""supported_relative_power"":[0.05047624550271305,0.05491047212441302,0.05760609546743511,0.057551513759633084,0.0544366470110333]}]",False,tracked,False,188.0,33.999966,43.999956,saved_fused_wave_nomotion_dp
39.99996,1.0,0.0,187.0,0.7052821467782427,True,candidate_only,187.0,187.0,187.0,0.7661233577700972,0.8795596742596058,1.0,187.0,0.6945742089341767,0.0,2,"[{""bpm"":187.0,""relative_power"":1.0,""peak_concentration"":0.7052821467782427,""prominence"":1.0,""period_correlation"":0.6919287072389646,""split_period_correlation"":0.7025107140198126,""periodic_support"":0.6945742089341767,""harmonic2_relative_power"":4.372845329700828e-06,""harmonic3_relative_power"":2.8706458779600922e-12,""harmonic_support"":0.0020917279425027384,""motion_profile"":0.0,""motion_strength"":null,""motion_reliability"":0.0,""motion_overlap"":0.0,""motion_available"":false,""evidence_score"":0.7661233577700972,""supported_bpm"":[184.0,185.0,186.0,187.0,188.0,189.0,190.0],""supported_relative_power"":[0.6532103708890654,0.8140747319941792,0.9372088718979299,1.0,0.990392833255783,0.9083534960262034,0.7693076604084483]},{""bpm"":64.0,""relative_power"":0.06647323232032301,""peak_concentration"":0.06252195485974887,""prominence"":0.06632258464043575,""period_correlation"":0.6701248953158615,""split_period_correlation"":0.6874613987160549,""periodic_support"":0.6744590211659098,""harmonic2_relative_power"":0.01722637196955322,""harmonic3_relative_power"":0.4370166646516806,""harmonic_support"":0.09349333707645466,""motion_profile"":0.0,""motion_strength"":null,""motion_reliability"":0.0,""motion_overlap"":0.0,""motion_available"":false,""evidence_score"":-0.11343631648950861,""supported_bpm"":[61.0,62.0,63.0,64.0,65.0,66.0,67.0],""supported_relative_power"":[0.06213319684216872,0.06441070890086305,0.06593907903278881,0.06647323232032301,0.06568974073835515,0.06312992474012805,0.05864684002436187]}]",False,tracked,False,187.0,34.999964999999996,44.999955,saved_fused_wave_nomotion_dp
40.999959,1.0,0.0,186.0,0.7022328809094707,True,candidate_only,186.0,186.0,186.0,0.7736019991128086,0.929413833797255,1.0,186.0,0.7017203841051365,0.0,2,"[{""bpm"":186.0,""relative_power"":1.0,""peak_concentration"":0.7022328809094707,""prominence"":1.0,""period_correlation"":0.6981568142011495,""split_period_correlation"":0.7124110938170978,""periodic_support"":0.7017203841051365,""harmonic2_relative_power"":2.9188621056861723e-06,""harmonic3_relative_power"":1.0036797468182879e-11,""harmonic_support"":0.0017095765971584422,""motion_profile"":0.0,""motion_strength"":null,""motion_reliability"":0.0,""motion_overlap"":0.0,""motion_available"":false,""evidence_score"":0.7736019991128086,""supported_bpm"":[183.0,184.0,185.0,186.0,187.0,188.0,189.0],""supported_relative_power"":[0.7336710715912687,0.8665388179081357,0.9614633133384568,1.0,0.9728546434843592,0.8825968282551317,0.7424585350001381]},{""bpm"":61.0,""relative_power"":0.05008626530981762,""peak_concentration"":0.04569779463279235,""prominence"":0.05005940267250082,""period_correlation"":0.7286898084886891,""split_period_correlation"":0.7033831339229923,""periodic_support"":0.722363139847265,""harmonic2_relative_power"":0.018449591325004937,""harmonic3_relative_power"":0.7336710715912687,""harmonic_support"":0.09749167037960368,""motion_profile"":0.0,""motion_strength"":null,""motion_reliability"":0.0,""motion_overlap"":0.0,""motion_available"":false,""evidence_score"":-0.1558118346844464,""supported_bpm"":[61.0],""supported_relative_power"":[0.05008626530981762]}]",False,tracked,False,186.0,35.999964,45.999953999999995,saved_fused_wave_nomotion_dp
41.999958,1.0,0.0,185.0,0.7146467606140277,True,candidate_only,185.0,185.0,185.0,0.7670802596194201,1.7340918942685384,1.0,185.0,0.6960467400446531,0.0,2,"[{""bpm"":185.0,""relative_power"":1.0,""peak_concentration"":0.7146467606140277,""prominence"":1.0,""period_correlation"":0.6947842926530808,""split_period_correlation"":0.6998340822193696,""periodic_support"":0.6960467400446531,""harmonic2_relative_power"":2.0398656297584645e-06,""harmonic3_relative_power"":3.0069973878038836e-12,""harmonic_support"":0.0014288455703017043,""motion_profile"":0.0,""motion_strength"":null,""motion_reliability"":0.0,""motion_overlap"":0.0,""motion_available"":false,""evidence_score"":0.7670802596194201,""supported_bpm"":[182.0,183.0,184.0,185.0,186.0,187.0,188.0],""supported_relative_power"":[0.7642514728996052,0.8835163080370497,0.967113849897837,1.0,0.9739481825182462,0.89007275089625,0.7591418270544328]},{""bpm"":112.0,""relative_power"":0.06156839461363279,""peak_concentration"":0.05037707651524322,""prominence"":0.06058943274454629,""period_correlation"":-0.4165126694095946,""split_period_correlation"":-0.4309046798898073,""periodic_support"":0.0,""harmonic2_relative_power"":0.001192146949491506,""harmonic3_relative_power"":9.218669713631322e-07,""harmonic_support"":0.008650680448425985,""motion_profile"":0.0,""motion_strength"":null,""motion_reliability"":0.0,""motion_overlap"":0.0,""motion_available"":false,""evidence_score"":-0.9670116346491183,""supported_bpm"":[110.0,111.0,112.0,113.0,114.0,115.0],""supported_relative_power"":[0.05481400732747444,0.05920192487399099,0.06156839461363279,0.061559271264044896,0.059178677981076885,0.05479362253188195]}]",False,tracked,False,185.0,36.999963,46.999953,saved_fused_wave_nomotion_dp
42.999956999999995,1.0,0.0,185.0,0.7107906553720892,True,candidate_only,185.0,185.0,185.0,0.7023494316059246,1.6363529419583336,1.0,185.0,0.6372052995993613,0.0,2,"[{""bpm"":185.0,""relative_power"":1.0,""peak_concentration"":0.7107906553720892,""prominence"":1.0,""period_correlation"":0.6321592874209226,""split_period_correlation"":0.6523433361346778,""periodic_support"":0.6372052995993613,""harmonic2_relative_power"":2.022083607883882e-06,""harmonic3_relative_power"":2.095506268045721e-11,""harmonic_support"":0.0014236020466270986,""motion_profile"":0.0,""motion_strength"":null,""motion_reliability"":0.0,""motion_overlap"":0.0,""motion_available"":false,""evidence_score"":0.7023494316059246,""supported_bpm"":[182.0,183.0,184.0,185.0,186.0,187.0,188.0],""supported_relative_power"":[0.812190602559248,0.924085809784762,0.9906100063306077,1.0,0.9489476025066516,0.8437700691383895,0.6993170396317036]},{""bpm"":113.0,""relative_power"":0.06759054622027538,""peak_concentration"":0.05941449391402395,""prominence"":0.06746601258577702,""period_correlation"":-0.49349631789284654,""split_period_correlation"":-0.5092567169846318,""periodic_support"":0.0,""harmonic2_relative_power"":0.001188507138726744,""harmonic3_relative_power"":1.4118282805130853e-07,""harmonic_support"":0.008996993731505426,""motion_profile"":0.0,""motion_strength"":null,""motion_reliability"":0.0,""motion_overlap"":0.0,""motion_available"":false,""evidence_score"":-0.9340035103524089,""supported_bpm"":[110.0,111.0,112.0,113.0,114.0,115.0,116.0],""supported_relative_power"":[0.06332732381468927,0.06597377769367621,0.06748641404316583,0.06759054622027538,0.0660663371636062,0.06280328863154487,0.05784347663039876]}]",False,tracked,False,185.0,37.999962,47.999952,saved_fused_wave_nomotion_dp
43.999956,1.0,0.0,185.0,0.7076535565523047,True,candidate_only,185.0,185.0,185.0,0.6631174682682212,1.632820432519316,1.0,185.0,0.601469658228095,0.0,3,"[{""bpm"":185.0,""relative_power"":1.0,""peak_concentration"":0.7076535565523047,""prominence"":1.0,""period_correlation"":0.6028875744522206,""split_period_correlation"":0.5972159095557177,""periodic_support"":0.601469658228095,""harmonic2_relative_power"":2.2459995274815597e-06,""harmonic3_relative_power"":3.873466987684531e-11,""harmonic_support"":0.0015008442173166134,""motion_profile"":0.0,""motion_strength"":null,""motion_reliability"":0.0,""motion_overlap"":0.0,""motion_available"":false,""evidence_score"":0.6631174682682212,""supported_bpm"":[182.0,183.0,184.0,185.0,186.0,187.0,188.0],""supported_relative_power"":[0.7771880628008275,0.9035653816885758,0.9821837088171456,1.0,0.9538336026273853,0.8511536927736787,0.7082797271695422]},{""bpm"":113.0,""relative_power"":0.06123860473276797,""peak_concentration"":0.05504465442445957,""prominence"":0.06056029319978468,""period_correlation"":-0.47111559673081527,""split_period_correlation"":-0.46084090347701356,""periodic_support"":0.0,""harmonic2_relative_power"":0.001001583648236552,""harmonic3_relative_power"":7.406809266783799e-09,""harmonic_support"":0.007839157964707633,""motion_profile"":0.0,""motion_strength"":null,""motion_reliability"":0.0,""motion_overlap"":0.0,""motion_available"":false,""evidence_score"":-0.969702964251095,""supported_bpm"":[110.0,111.0,112.0,113.0,114.0,115.0,116.0],""supported_relative_power"":[0.055921608449037846,0.05863398965644713,0.060514588030962956,0.06123860473276797,0.06055982278156767,0.05831539830544099,0.05442835236172546]},{""bpm"":134.0,""relative_power"":0.05600609477036733,""peak_concentration"":0.04261372496686982,""prominence"":0.05349864032829576,""period_correlation"":-0.5764629194986015,""split_period_correlation"":-0.5601462695130364,""periodic_support"":0.0,""harmonic2_relative_power"":1.4106592164029802e-05,""harmonic3_relative_power"":2.971870387706479e-09,""harmonic_support"":0.0008933659042077362,""motion_profile"":0.0,""motion_strength"":null,""motion_reliability"":0.0,""motion_overlap"":0.0,""motion_available"":false,""evidence_score"":-1.007909799740184,""supported_bpm"":[132.0,133.0,134.0,135.0],""supported_relative_power"":[0.05269007734303182,0.055813221316032564,0.05600609477036733,0.05347822051382442]}]",False,tracked,False,185.0,38.999961,48.999950999999996,saved_fused_wave_nomotion_dp
44.999955,0.9,0.0,,,False,gap_or_filter_edge,,,,,,,,,,0,[],False,unavailable,False,,39.99996,49.99995,saved_fused_wave_nomotion_dp
45.999953999999995,0.8,0.0,,,False,gap_or_filter_edge,,,,,,,,,,0,[],False,unavailable,False,,40.999959,50.999949,saved_fused_wave_nomotion_dp
46.999953,0.7,0.0,,,False,gap_or_filter_edge,,,,,,,,,,0,[],False,unavailable,False,,41.999958,51.999947999999996,saved_fused_wave_nomotion_dp
47.999952,0.6,0.0,,,False,gap_or_filter_edge,,,,,,,,,,0,[],False,unavailable,False,,42.999956999999995,52.999947,saved_fused_wave_nomotion_dp
48.999950999999996,0.5,0.0,,,False,gap_or_filter_edge,,,,,,,,,,0,[],False,unavailable,False,,43.999956,53.999945999999994,saved_fused_wave_nomotion_dp
49.99995,0.4,0.0,,,False,gap_or_filter_edge,,,,,,,,,,0,[],False,unavailable,False,,44.999955,54.999945,saved_fused_wave_nomotion_dp
50.999949,0.4,0.0,,,False,gap_or_filter_edge,,,,,,,,,,0,[],False,unavailable,False,,45.999953999999995,55.999944,saved_fused_wave_nomotion_dp
51.999947999999996,0.4,0.0,,,False,gap_or_filter_edge,,,,,,,,,,0,[],False,unavailable,False,,46.999953,56.999942999999995,saved_fused_wave_nomotion_dp
52.999947,0.4,0.0,,,False,gap_or_filter_edge,,,,,,,,,,0,[],False,unavailable,False,,47.999952,57.999942,saved_fused_wave_nomotion_dp
53.999945999999994,0.4,0.0,,,False,gap_or_filter_edge,,,,,,,,,,0,[],False,unavailable,False,,48.999950999999996,58.999941,saved_fused_wave_nomotion_dp
54.999945,0.5,0.0,,,False,gap_or_filter_edge,,,,,,,,,,0,[],False,unavailable,False,,49.99995,59.999939999999995,saved_fused_wave_nomotion_dp
55.999944,0.6,0.0,,,False,gap_or_filter_edge,,,,,,,,,,0,[],False,unavailable,False,,50.999949,60.999939,saved_fused_wave_nomotion_dp
56.999942999999995,0.7,0.0,,,False,gap_or_filter_edge,,,,,,,,,,0,[],False,unavailable,False,,51.999947999999996,61.999938,saved_fused_wave_nomotion_dp
57.999942,0.8,0.0,,,False,gap_or_filter_edge,,,,,,,,,,0,[],False,unavailable,False,,52.999947,62.999936999999996,saved_fused_wave_nomotion_dp
58.999941,0.9,0.0,,,False,gap_or_filter_edge,,,,,,,,,,0,[],False,unavailable,False,,53.999945999999994,63.999936,saved_fused_wave_nomotion_dp
59.999939999999995,1.0,0.0,192.0,0.6123680734843886,True,candidate_only,192.0,192.0,96.0,0.5505074475176389,0.3447671834533933,1.0,192.0,0.5001692438875174,0.0,2,"[{""bpm"":96.0,""relative_power"":0.270523777546205,""peak_concentration"":0.17713242068229929,""prominence"":0.27046195195277434,""period_correlation"":0.764349039243498,""split_period_correlation"":0.7297470001531072,""periodic_support"":0.7556985294709002,""harmonic2_relative_power"":1.0,""harmonic3_relative_power"":6.57040744230305e-05,""harmonic_support"":0.5215945973771828,""motion_profile"":0.0,""motion_strength"":null,""motion_reliability"":0.0,""motion_overlap"":0.0,""motion_available"":false,""evidence_score"":0.8952746309710322,""supported_bpm"":[93.0,94.0,95.0,96.0,97.0,98.0,99.0],""supported_relative_power"":[0.20579455668580796,0.237561883855129,0.26026763661598645,0.270523777546205,0.2673012922785506,0.2512301551291042,0.2247264765002883]},{""bpm"":192.0,""relative_power"":1.0,""peak_concentration"":0.6123680734843886,""prominence"":1.0,""period_correlation"":0.4985636302904738,""split_period_correlation"":0.504986084678648,""periodic_support"":0.5001692438875174,""harmonic2_relative_power"":1.0060176593362175e-07,""harmonic3_relative_power"":1.3732002749267396e-10,""harmonic_support"":0.0003212792413696785,""motion_profile"":0.0,""motion_strength"":null,""motion_reliability"":0.0,""motion_overlap"":0.0,""motion_available"":false,""evidence_score"":0.5505074475176389,""supported_bpm"":[189.0,190.0,191.0,192.0,193.0,194.0,195.0],""supported_relative_power"":[0.6943516616409368,0.8378928509900895,0.9448882921946918,1.0,0.9952920592774729,0.9320166157703352,0.8203230293578659]}]",False,acquired,False,192.0,54.999945,64.999935,saved_fused_wave_nomotion_dp
60.999939,1.0,0.0,192.0,0.6218654007423582,True,candidate_only,192.0,192.0,96.0,0.5853512293202016,0.27249939289647196,1.0,192.0,0.5319011734002841,0.0,3,"[{""bpm"":96.0,""relative_power"":0.2520298560907619,""peak_concentration"":0.17097767773275366,""prominence"":0.2514303212104447,""period_correlation"":0.7627344894858384,""split_period_correlation"":0.7546569642477453,""periodic_support"":0.7607151081763152,""harmonic2_relative_power"":1.0,""harmonic3_relative_power"":6.448182369431379e-05,""harmonic_support"":0.5034367059009789,""motion_profile"":0.0,""motion_strength"":null,""motion_reliability"":0.0,""motion_overlap"":0.0,""motion_available"":false,""evidence_score"":0.8578506222166735,""supported_bpm"":[93.0,94.0,95.0,96.0,97.0,98.0,99.0],""supported_relative_power"":[0.19500296285020535,0.22353445433856567,0.2433184277924484,0.2520298560907619,0.24898383000295818,0.23451373885691879,0.21024291628399863]},{""bpm"":192.0,""relative_power"":1.0,""peak_concentration"":0.6218654007423582,""prominence"":1.0,""period_correlation"":0.5376664598583267,""split_period_correlation"":0.514605314026156,""periodic_support"":0.5319011734002841,""harmonic2_relative_power"":6.559352426111796e-08,""harmonic3_relative_power"":1.1951190112145967e-10,""harmonic_support"":0.0002599385798890002,""motion_profile"":0.0,""motion_strength"":null,""motion_reliability"":0.0,""motion_overlap"":0.0,""motion_available"":false,""evidence_score"":0.5853512293202016,""supported_bpm"":[189.0,190.0,191.0,192.0,193.0,194.0,195.0],""supported_relative_power"":[0.7444163933809181,0.8809098700588537,0.9704355560737472,1.0,0.9663766660364329,0.8765607933346928,0.7458491771745922]},{""bpm"":166.0,""relative_power"":0.05544267198591202,""peak_concentration"":0.03607256315529474,""prominence"":0.054764888943784625,""period_correlation"":0.2826900932215771,""split_period_correlation"":0.2751085071654775,""periodic_support"":0.2807946967075522,""harmonic2_relative_power"":3.5733480614631533e-06,""harmonic3_relative_power"":5.246162745263947e-10,""harmonic_support"":0.0004469898000100239,""motion_profile"":0.0,""motion_strength"":null,""motion_reliability"":0.0,""motion_overlap"":0.0,""motion_available"":false,""evidence_score"":-0.7030208490654107,""supported_bpm"":[164.0,165.0,166.0,167.0],""supported_relative_power"":[0.05085278898115042,0.05433207812112128,0.05544267198591202,0.05358242027283103]}]",False,tracked,False,192.0,55.999944,65.999934,saved_fused_wave_nomotion_dp
61.999938,1.0,0.0,192.0,0.6295733018342694,True,candidate_only,192.0,192.0,96.0,0.6118479197534304,0.14893558902973802,1.0,192.0,0.5559416145138245,0.0,3,"[{""bpm"":96.0,""relative_power"":0.2110343605003986,""peak_concentration"":0.14241234374632578,""prominence"":0.21068913415086635,""period_correlation"":0.7634313512329114,""split_period_correlation"":0.7819796762847353,""periodic_support"":0.7680684324958673,""harmonic2_relative_power"":1.0,""harmonic3_relative_power"":4.1076122648245615e-05,""harmonic_support"":0.4604152425144187,""motion_profile"":0.0,""motion_strength"":null,""motion_reliability"":0.0,""motion_overlap"":0.0,""motion_available"":false,""evidence_score"":0.7607835087831685,""supported_bpm"":[93.0,94.0,95.0,96.0,97.0,98.0,99.0],""supported_relative_power"":[0.16392177323025342,0.18887223267614672,0.20527463557408948,0.2110343605003986,0.20590771221484622,0.19082707699053544,0.16798779213826473]},{""bpm"":192.0,""relative_power"":1.0,""peak_concentration"":0.6295733018342694,""prominence"":1.0,""period_correlation"":0.5588059058168715,""split_period_correlation"":0.5473487406046835,""periodic_support"":0.5559416145138245,""harmonic2_relative_power"":9.509401760585064e-08,""harmonic3_relative_power"":1.1606116691172973e-10,""harmonic_support"":0.00031214378822347214,""motion_profile"":0.0,""motion_strength"":null,""motion_reliability"":0.0,""motion_overlap"":0.0,""motion_available"":false,""evidence_score"":0.6118479197534304,""supported_bpm"":[189.0,190.0,191.0,192.0,193.0,194.0,195.0],""supported_relative_power"":[0.811322058945104,0.9304656740073801,0.9973159388445403,1.0,0.937578886291859,0.820350237174888,0.6673084425082342]},{""bpm"":165.0,""relative_power"":0.06658606840267327,""peak_concentration"":0.04550808743684996,""prominence"":0.062213305457193877,""period_correlation"":0.28958979726016154,""split_period_correlation"":0.2693841034429332,""periodic_support"":0.28453837380585445,""harmonic2_relative_power"":2.070982435325498e-06,""harmonic3_relative_power"":2.8876681488704405e-10,""harmonic_support"":0.0003728817129497928,""motion_profile"":0.0,""motion_strength"":null,""motion_reliability"":0.0,""motion_overlap"":0.0,""motion_available"":false,""evidence_score"":-0.6348758743618492,""supported_bpm"":[162.0,163.0,164.0,165.0,166.0,167.0,168.0],""supported_relative_power"":[0.05268072818391743,0.05901309373796231,0.06403837978663586,0.06658606840267327,0.06568378245329544,0.060844557009942256,0.052119587631474285]}]",False,tracked,False,192.0,56.999942999999995,66.999933,saved_fused_wave_nomotion_dp
62.999936999999996,1.0,0.0,191.0,0.6558678326357106,True,candidate_only,191.0,191.0,191.0,0.6273923377653324,0.04342769833778026,1.0,191.0,0.5699480660505444,0.0,3,"[{""bpm"":191.0,""relative_power"":1.0,""peak_concentration"":0.6558678326357106,""prominence"":1.0,""period_correlation"":0.5715608996490014,""split_period_correlation"":0.5651095652551735,""periodic_support"":0.5699480660505444,""harmonic2_relative_power"":1.9896614860375385e-07,""harmonic3_relative_power"":9.486163747383932e-11,""harmonic_support"":0.00044946510973355814,""motion_profile"":0.0,""motion_strength"":null,""motion_reliability"":0.0,""motion_overlap"":0.0,""motion_available"":false,""evidence_score"":0.6273923377653324,""supported_bpm"":[188.0,189.0,190.0,191.0,192.0,193.0,194.0],""supported_relative_power"":[0.7327844351034016,0.8713154795271056,0.965277640760819,1.0,0.9686191887273885,0.8755482207443206,0.7355390953164846]},{""bpm"":96.0,""relative_power"":0.15410577405009834,""peak_concentration"":0.1037801056199703,""prominence"":0.15397987199451355,""period_correlation"":0.773575502681585,""split_period_correlation"":0.7761574678461924,""periodic_support"":0.7742209939727369,""harmonic2_relative_power"":0.9686191887273885,""harmonic3_relative_power"":1.3651650336096041e-05,""harmonic_support"":0.38686216980751537,""motion_profile"":0.0,""motion_strength"":null,""motion_reliability"":0.0,""motion_overlap"":0.0,""motion_available"":false,""evidence_score"":0.5839646394275522,""supported_bpm"":[93.0,94.0,95.0,96.0,97.0,98.0,99.0],""supported_relative_power"":[0.11511991059902227,0.13575518937011652,0.1495984038098841,0.15410577405009834,0.14880801320733902,0.1347651150087632,0.11453294348109651]},{""bpm"":167.0,""relative_power"":0.06875699092559377,""peak_concentration"":0.04934661658714235,""prominence"":0.05986668004383354,""period_correlation"":0.3462205129610108,""split_period_correlation"":0.3386101358428442,""periodic_support"":0.34431791868146916,""harmonic2_relative_power"":7.863800930915928e-07,""harmonic3_relative_power"":5.226081516723717e-10,""harmonic_support"":0.00023462573883350373,""motion_profile"":0.0,""motion_strength"":null,""motion_reliability"":0.0,""motion_overlap"":0.0,""motion_available"":false,""evidence_score"":-0.5580275652066924,""supported_bpm"":[164.0,165.0,166.0,167.0,168.0,169.0],""supported_relative_power"":[0.057880331127485064,0.0645110776591068,0.06843800434791925,0.06875699092559377,0.06494611589905312,0.05804874964908995]}]",False,tracked,False,191.0,57.999942,67.999932,saved_fused_wave_nomotion_dp
63.999936,1.0,0.0,190.0,0.6714763604385231,True,candidate_only,191.0,190.0,190.0,0.636208568420735,0.33058876031119244,0.9958739472292861,190.0,0.6006813358607919,0.0,4,"[{""bpm"":190.0,""relative_power"":1.0,""peak_concentration"":0.6714763604385231,""prominence"":1.0,""period_correlation"":0.6009238822623068,""split_period_correlation"":0.5999536966562471,""periodic_support"":0.6006813358607919,""harmonic2_relative_power"":2.0910100133591936e-07,""harmonic3_relative_power"":2.713946665026553e-11,""harmonic_support"":0.0004590989738640282,""motion_profile"":0.0,""motion_strength"":null,""motion_reliability"":0.0,""motion_overlap"":0.0,""motion_available"":false,""evidence_score"":0.661208568420735,""supported_bpm"":[187.0,188.0,189.0,190.0,191.0,192.0,193.0],""supported_relative_power"":[0.6546210967723343,0.81413058306821,0.9373589111491867,1.0,0.9958739472292861,0.9271761102874259,0.8065542242833897]},{""bpm"":96.0,""relative_power"":0.10500454432262307,""peak_concentration"":0.07015690891707282,""prominence"":0.10402450072685966,""period_correlation"":0.7362480073666772,""split_period_correlation"":0.7267923042401057,""periodic_support"":0.7338840815850343,""harmonic2_relative_power"":0.9271761102874259,""harmonic3_relative_power"":1.489839973220281e-06,""harmonic_support"":0.31216039604032486,""motion_profile"":0.0,""motion_strength"":null,""motion_reliability"":0.0,""motion_overlap"":0.0,""motion_available"":false,""evidence_score"":0.3306198081095426,""supported_bpm"":[93.0,94.0,95.0,96.0,97.0,98.0,99.0],""supported_relative_power"":[0.07942320263327023,0.09393747523826136,0.10299231809029423,0.10500454432262307,0.09991699017785556,0.08867279708963992,0.07317250114350235]},{""bpm"":169.0,""relative_power"":0.06807334162144968,""peak_concentration"":0.054258520104244576,""prominence"":0.0658340222864463,""period_correlation"":0.4426823003813581,""split_period_correlation"":0.44632861395356005,""periodic_support"":0.4435938787744086,""harmonic2_relative_power"":2.861108778333174e-07,""harmonic3_relative_power"":2.760904475912644e-10,""harmonic_support"":0.00014107565364388836,""motion_profile"":0.0,""motion_strength"":null,""motion_reliability"":0.0,""motion_overlap"":0.0,""motion_available"":false,""evidence_score"":-0.45241501831404163,""supported_bpm"":[166.0,167.0,168.0,169.0,170.0,171.0,172.0],""supported_relative_power"":[0.05791537587794128,0.06341197935029413,0.06686677526760545,0.06807334162144968,0.06678509122869569,0.06300633110740272,0.0570935885511306]},{""bpm"":150.0,""relative_power"":0.05413667212947363,""peak_concentration"":0.03842250647356118,""prominence"":0.04474476182403728,""period_correlation"":-0.0954547029052084,""split_period_correlation"":-0.0884970004156653,""periodic_support"":0.0,""harmonic2_relative_power"":2.2830424957275392e-07,""harmonic3_relative_power"":1.0337901888771241e-08,""harmonic_support"":0.000119453877255196,""motion_profile"":0.0,""motion_strength"":null,""motion_reliability"":0.0,""motion_overlap"":0.0,""motion_available"":false,""evidence_score"":-1.020565758717356,""supported_bpm"":[149.0,150.0,151.0,152.0],""supported_relative_power"":[0.051667088388921444,0.05413667212947363,0.05362412808719972,0.050070582995016086]}]",False,tracked,False,190.0,58.999941,68.99993099999999,saved_fused_wave_nomotion_dp
64.999935,1.0,0.0,190.0,0.6649617416746911,True,candidate_only,191.0,190.0,190.0,0.6874414884000546,0.5725211778981787,0.9413849963120596,190.0,0.6473231507579382,0.0,3,"[{""bpm"":190.0,""relative_power"":1.0,""peak_concentration"":0.6649617416746911,""prominence"":1.0,""period_correlation"":0.6469998993552926,""split_period_correlation"":0.6482929049658753,""periodic_support"":0.6473231507579382,""harmonic2_relative_power"":1.4717152581007172e-07,""harmonic3_relative_power"":4.675254894227745e-11,""harmonic_support"":0.0003860225663224423,""motion_profile"":0.0,""motion_strength"":null,""motion_reliability"":0.0,""motion_overlap"":0.0,""motion_available"":false,""evidence_score"":0.7124414884000546,""supported_bpm"":[187.0,188.0,189.0,190.0,191.0,192.0,193.0],""supported_relative_power"":[0.7917730913232317,0.9217406782625032,0.9958794283642407,1.0,0.9413849963120596,0.8328897090443944,0.6936191715778376]},{""bpm"":95.0,""relative_power"":0.06886834130563806,""peak_concentration"":0.04580900530688803,""prominence"":0.06843331514538374,""period_correlation"":0.74033366913233,""split_period_correlation"":0.7374628056641044,""periodic_support"":0.7396159532652735,""harmonic2_relative_power"":1.0,""harmonic3_relative_power"":1.540662181660403e-05,""harmonic_support"":0.26278830485933463,""motion_profile"":0.0,""motion_strength"":null,""motion_reliability"":0.0,""motion_overlap"":0.0,""motion_available"":false,""evidence_score"":0.13992031050187598,""supported_bpm"":[93.0,94.0,95.0,96.0,97.0,98.0],""supported_relative_power"":[0.058474662410051864,0.06576163642088283,0.06886834130563806,0.06774560592016497,0.06296194008305477,0.05527975514515552]},{""bpm"":175.0,""relative_power"":0.07567291230815054,""peak_concentration"":0.05082753211686839,""prominence"":0.0557950089973709,""period_correlation"":0.5835713521804122,""split_period_correlation"":0.5871940086381806,""periodic_support"":0.5844770162948543,""harmonic2_relative_power"":4.3156893678349346e-07,""harmonic3_relative_power"":4.6053795864370826e-11,""harmonic_support"":0.00018136885002758822,""motion_profile"":0.0,""motion_strength"":null,""motion_reliability"":0.0,""motion_overlap"":0.0,""motion_available"":false,""evidence_score"":-0.26036116744586263,""supported_bpm"":[172.0,173.0,174.0,175.0,176.0,177.0],""supported_relative_power"":[0.06188861175061137,0.06986157237984306,0.07528800593576278,0.07567291230815054,0.06977876351944581,0.05765622443600549]}]",False,tracked,False,190.0,59.999939999999995,69.99992999999999,saved_fused_wave_nomotion_dp
65.999934,0.9,0.0,,,False,gap_or_filter_edge,,,,,,,,,,0,[],False,unavailable,False,,60.999939,70.999929,saved_fused_wave_nomotion_dp
