time_s,base,covered,observed,interpolated,candidate_weight,source
0.0,,False,False,False,0.0,missing
0.0333332999999999,,False,False,False,0.0,missing
0.0666665999999999,,False,False,False,0.0,missing
0.0999998999999999,,False,False,False,0.0,missing
0.1333331999999999,,False,False,False,0.0,missing
0.1666665,,False,False,False,0.0,missing
0.1999997999999999,,False,False,False,0.0,missing
0.2333331,,False,False,False,0.0,missing
0.2666663999999999,,False,False,False,0.0,missing
0.2999997,,False,False,False,0.0,missing
0.333333,,False,False,False,0.0,missing
0.3666663,,False,False,False,0.0,missing
0.3999995999999999,,False,False,False,0.0,missing
0.4333328999999999,,False,False,False,0.0,missing
0.4666662,,False,False,False,0.0,missing
0.4999995,,False,False,False,0.0,missing
0.5333327999999999,,False,False,False,0.0,missing
0.5666661,,False,False,False,0.0,missing
0.5999994,,False,False,False,0.0,missing
0.6333327,,False,False,False,0.0,missing
0.666666,,False,False,False,0.0,missing
0.6999993,,False,False,False,0.0,missing
0.7333326,,False,False,False,0.0,missing
0.7666659,,False,False,False,0.0,missing
0.7999991999999999,,False,False,False,0.0,missing
0.8333324999999999,,False,False,False,0.0,missing
0.8666657999999999,,False,False,False,0.0,missing
0.8999990999999999,,False,False,False,0.0,missing
0.9333324,,False,False,False,0.0,missing
0.9666657,,False,False,False,0.0,missing
0.999999,,False,False,False,0.0,missing
1.0333323,,False,False,False,0.0,missing
1.0666656,,False,False,False,0.0,missing
1.0999989,,False,False,False,0.0,missing
1.1333322,,False,False,False,0.0,missing
1.1666655,,False,False,False,0.0,missing
1.1999988,,False,False,False,0.0,missing
1.2333321,,False,False,False,0.0,missing
1.2666654,,False,False,False,0.0,missing
1.2999987,,False,False,False,0.0,missing
1.333332,,False,False,False,0.0,missing
1.3666653,,False,False,False,0.0,missing
1.3999986,,False,False,False,0.0,missing
1.4333319,,False,False,False,0.0,missing
1.4666652,,False,False,False,0.0,missing
1.4999985,,False,False,False,0.0,missing
1.5333318,,False,False,False,0.0,missing
1.5666650999999998,,False,False,False,0.0,missing
1.5999983999999998,,False,False,False,0.0,missing
1.6333316999999998,,False,False,False,0.0,missing
1.6666649999999998,,False,False,False,0.0,missing
1.6999983,,False,False,False,0.0,missing
1.7333316,,False,False,False,0.0,missing
1.7666649,,False,False,False,0.0,missing
1.7999982,,False,False,False,0.0,missing
1.8333315,,False,False,False,0.0,missing
1.8666648,,False,False,False,0.0,missing
1.8999981,,False,False,False,0.0,missing
1.9333314,,False,False,False,0.0,missing
1.9666647,,False,False,False,0.0,missing
1.999998,,False,False,False,0.0,missing
2.0333313,,False,False,False,0.0,missing
2.0666646,,False,False,False,0.0,missing
2.0999979,,False,False,False,0.0,missing
2.1333312,,False,False,False,0.0,missing
2.1666645,,False,False,False,0.0,missing
2.1999978,,False,False,False,0.0,missing
2.2333311,,False,False,False,0.0,missing
2.2666644,,False,False,False,0.0,missing
2.2999977,,False,False,False,0.0,missing
2.333331,,False,False,False,0.0,missing
2.3666643,,False,False,False,0.0,missing
2.3999976,,False,False,False,0.0,missing
2.4333309,,False,False,False,0.0,missing
2.4666642,,False,False,False,0.0,missing
2.4999975,,False,False,False,0.0,missing
2.5333308,,False,False,False,0.0,missing
2.5666641,,False,False,False,0.0,missing
2.5999974,,False,False,False,0.0,missing
2.6333307,,False,False,False,0.0,missing
2.666664,,False,False,False,0.0,missing
2.6999973,,False,False,False,0.0,missing
2.7333306,,False,False,False,0.0,missing
2.7666639,,False,False,False,0.0,missing
2.7999972,,False,False,False,0.0,missing
2.8333305,,False,False,False,0.0,missing
2.8666638,,False,False,False,0.0,missing
2.8999971,,False,False,False,0.0,missing
2.9333304,,False,False,False,0.0,missing
2.9666637,,False,False,False,0.0,missing
2.999997,,False,False,False,0.0,missing
3.0333303,,False,False,False,0.0,missing
3.0666636,,False,False,False,0.0,missing
3.0999969,,False,False,False,0.0,missing
3.1333302,,False,False,False,0.0,missing
3.1666635,,False,False,False,0.0,missing
3.1999968,,False,False,False,0.0,missing
3.2333301,,False,False,False,0.0,missing
3.2666634,,False,False,False,0.0,missing
3.2999967,,False,False,False,0.0,missing
3.33333,,False,False,False,0.0,missing
3.3666633,,False,False,False,0.0,missing
3.3999966,,False,False,False,0.0,missing
3.4333299,,False,False,False,0.0,missing
3.4666632,,False,False,False,0.0,missing
3.4999965,,False,False,False,0.0,missing
3.5333298,,False,False,False,0.0,missing
3.5666631,,False,False,False,0.0,missing
3.5999964,,False,False,False,0.0,missing
3.6333297,,False,False,False,0.0,missing
3.666663,,False,False,False,0.0,missing
3.6999963,,False,False,False,0.0,missing
3.7333296,,False,False,False,0.0,missing
3.7666629,,False,False,False,0.0,missing
3.7999962,,False,False,False,0.0,missing
3.8333295,,False,False,False,0.0,missing
3.8666628,,False,False,False,0.0,missing
3.8999961,,False,False,False,0.0,missing
3.9333294,,False,False,False,0.0,missing
3.9666627,,False,False,False,0.0,missing
3.999996,,False,False,False,0.0,missing
4.0333293,,False,False,False,0.0,missing
4.0666626,,False,False,False,0.0,missing
4.0999959,,False,False,False,0.0,missing
4.1333292,,False,False,False,0.0,missing
4.1666625,,False,False,False,0.0,missing
4.1999958,,False,False,False,0.0,missing
4.2333291,,False,False,False,0.0,missing
4.2666624,,False,False,False,0.0,missing
4.2999957,,False,False,False,0.0,missing
4.333329,,False,False,False,0.0,missing
4.3666623,,False,False,False,0.0,missing
4.3999956,,False,False,False,0.0,missing
4.433328899999999,,False,False,False,0.0,missing
4.4666622,,False,False,False,0.0,missing
4.4999955,,False,False,False,0.0,missing
4.5333288,,False,False,False,0.0,missing
4.566662099999999,,False,False,False,0.0,missing
4.5999954,,False,False,False,0.0,missing
4.6333287,,False,False,False,0.0,missing
4.666662,,False,False,False,0.0,missing
4.699995299999999,,False,False,False,0.0,missing
4.7333286,,False,False,False,0.0,missing
4.7666619,,False,False,False,0.0,missing
4.7999952,,False,False,False,0.0,missing
4.8333285,,False,False,False,0.0,missing
4.8666618,,False,False,False,0.0,missing
4.8999951,,False,False,False,0.0,missing
4.9333284,,False,False,False,0.0,missing
4.9666617,,False,False,False,0.0,missing
4.999995,,False,False,False,0.0,missing
5.0333283,,False,False,False,0.0,missing
5.0666616,,False,False,False,0.0,missing
5.0999949,,False,False,False,0.0,missing
5.133328199999999,,False,False,False,0.0,missing
5.1666615,,False,False,False,0.0,missing
5.1999948,,False,False,False,0.0,missing
5.2333281,,False,False,False,0.0,missing
5.266661399999999,,False,False,False,0.0,missing
5.2999947,,False,False,False,0.0,missing
5.333328,,False,False,False,0.0,missing
5.3666613,,False,False,False,0.0,missing
5.399994599999999,,False,False,False,0.0,missing
5.4333279,,False,False,False,0.0,missing
5.4666612,,False,False,False,0.0,missing
5.4999945,,False,False,False,0.0,missing
5.5333278,,False,False,False,0.0,missing
5.5666611,,False,False,False,0.0,missing
5.5999944,,False,False,False,0.0,missing
5.6333277,,False,False,False,0.0,missing
5.666661,,False,False,False,0.0,missing
5.699994299999999,,False,False,False,0.0,missing
5.7333276,,False,False,False,0.0,missing
5.7666609,,False,False,False,0.0,missing
5.7999942,,False,False,False,0.0,missing
5.833327499999999,,False,False,False,0.0,missing
5.8666608,,False,False,False,0.0,missing
5.8999941,,False,False,False,0.0,missing
5.9333274,,False,False,False,0.0,missing
5.966660699999999,,False,False,False,0.0,missing
5.999994,-0.4074327089391366,True,True,False,0.0,old_waveform
6.0333273,-0.6763577981196496,True,True,False,0.0,old_waveform
6.0666606,-0.7503335677316866,True,True,False,0.0,old_waveform
6.099993899999999,-0.540357643095488,True,True,False,0.0,old_waveform
6.1333272,-0.0841402378571508,True,True,False,0.0,old_waveform
6.1666605,0.4624826436020791,True,True,False,0.0,old_waveform
6.1999938,0.8995144176748975,True,True,False,0.0,old_waveform
6.2333271,1.074697694214762,True,True,False,0.0,old_waveform
6.266660399999999,0.9390687906353016,True,True,False,0.0,old_waveform
6.2999937,0.5484117679653735,True,True,False,0.0,old_waveform
6.333327,0.0284302885740712,True,True,False,0.0,old_waveform
6.3666603,-0.4707684373476084,True,True,False,0.0,old_waveform
6.399993599999999,-0.8157491374733784,True,True,False,0.0,old_waveform
6.4333269,-0.923593696639137,True,True,False,0.0,old_waveform
6.4666602,-0.7852686269003041,True,True,False,0.0,old_waveform
6.4999935,-0.4659705996527497,True,True,False,0.0,old_waveform
6.533326799999999,-0.0783645378247255,True,True,False,0.0,old_waveform
6.5666601,0.2535230189870796,True,True,False,0.0,old_waveform
6.5999934,0.4244613721118206,True,True,False,0.0,old_waveform
6.6333267,0.3781368264442174,True,True,False,0.0,old_waveform
6.666659999999999,0.1380453255003982,True,True,False,0.0,old_waveform
6.6999933,-0.1857316470752126,True,True,False,0.0,old_waveform
6.7333266,-0.4354183091075759,True,True,False,0.0,old_waveform
6.7666599,-0.4755934483284105,True,True,False,0.0,old_waveform
6.799993199999999,-0.2542632139522052,True,True,False,0.0,old_waveform
6.8333265,0.1755727852742316,True,True,False,0.0,old_waveform
6.8666598,0.6774393302741977,True,True,False,0.0,old_waveform
6.8999931,1.0836774652645644,True,True,False,0.0,old_waveform
6.9333264,1.259356308509615,True,True,False,0.0,old_waveform
6.966659699999999,1.1514391856179846,True,True,False,0.0,old_waveform
6.999993,0.8016928916211364,True,True,False,0.0,old_waveform
7.0333263,0.3201963676583892,True,True,False,0.0,old_waveform
7.0666596,-0.1659424044669654,True,True,False,0.0,old_waveform
7.099992899999999,-0.5618383283302342,True,True,False,0.0,old_waveform
7.1333262,-0.8263673516938093,True,True,False,0.0,old_waveform
7.1666595,-0.9610017889876558,True,True,False,0.0,old_waveform
7.1999928,-0.9834485694582044,True,True,False,0.0,old_waveform
7.233326099999999,-0.907358276288315,True,True,False,0.0,old_waveform
7.2666594,-0.7383229821147521,True,True,False,0.0,old_waveform
7.2999927,-0.484977184848237,True,True,False,0.0,old_waveform
7.333326,-0.175934464229432,True,True,False,0.0,old_waveform
7.366659299999999,0.131544273786276,True,True,False,0.0,old_waveform
7.3999926,0.3623087009384714,True,True,False,0.0,old_waveform
7.4333259,0.4534001602751153,True,True,False,0.0,old_waveform
7.4666592,0.3873049102457841,True,True,False,0.0,old_waveform
7.499992499999999,0.2042007463715395,True,True,False,0.0,old_waveform
7.533325799999999,-0.0141912717845991,True,True,False,0.0,old_waveform
7.5666591,-0.1735055490502465,True,True,False,0.0,old_waveform
7.5999924,-0.195923233708808,True,True,False,0.0,old_waveform
7.633325699999999,-0.0497950791512434,True,True,False,0.0,old_waveform
7.666658999999999,0.2282792144617664,True,True,False,0.0,old_waveform
7.6999923,0.5388995429364275,True,True,False,0.0,old_waveform
7.7333256,0.7615219208995664,True,True,False,0.0,old_waveform
7.766658899999999,0.8133328426574218,True,True,False,0.0,old_waveform
7.799992199999999,0.6872471884131803,True,True,False,0.0,old_waveform
7.8333255,0.4422647055137432,True,True,False,0.0,old_waveform
7.8666588,0.1597533327701448,True,True,False,0.0,old_waveform
7.899992099999999,-0.0940228933618071,True,True,False,0.0,old_waveform
7.933325399999999,-0.2790124388955807,True,True,False,0.0,old_waveform
7.9666587,-0.3793129121292333,True,True,False,0.0,old_waveform
7.999992,-0.4020037973413882,True,True,False,0.0,old_waveform
8.0333253,-0.3737083866762185,True,True,False,0.0,old_waveform
8.0666586,-0.327821972046232,True,True,False,0.0,old_waveform
8.0999919,-0.2906021781632438,True,True,False,0.0,old_waveform
8.1333252,-0.2781187655152944,True,True,False,0.0,old_waveform
8.166658499999999,-0.3028553317637081,True,True,False,0.0,old_waveform
8.1999918,-0.3719176195071725,True,True,False,0.0,old_waveform
8.2333251,-0.4704308549982087,True,True,False,0.0,old_waveform
8.266658399999999,-0.5544346341924867,True,True,False,0.0,old_waveform
8.2999917,-0.5729329927467139,True,True,False,0.0,old_waveform
8.333325,-0.4996343344035085,True,True,False,0.0,old_waveform
8.3666583,-0.3438200472407736,True,True,False,0.0,old_waveform
8.3999916,-0.1391983464709288,True,True,False,0.0,old_waveform
8.433324899999999,0.0711252475408358,True,True,False,0.0,old_waveform
8.4666582,0.2477533693067097,True,True,False,0.0,old_waveform
8.4999915,0.3718875018176867,True,True,False,0.0,old_waveform
8.533324799999999,0.4586688794371623,True,True,False,0.0,old_waveform
8.5666581,0.5484072335065779,True,True,False,0.0,old_waveform
8.5999914,0.6752302446515868,True,True,False,0.0,old_waveform
8.6333247,0.836280707647133,True,True,False,0.0,old_waveform
8.666658,0.9841036557995706,True,True,False,0.0,old_waveform
8.699991299999999,1.0469271989499132,True,True,False,0.0,old_waveform
8.7333246,0.9631999537856384,True,True,False,0.0,old_waveform
8.7666579,0.7108031843617362,True,True,False,0.0,old_waveform
8.7999912,0.3201328072891669,True,True,False,0.0,old_waveform
8.8333245,-0.1302131124105718,True,True,False,0.0,old_waveform
8.866657799999999,-0.5339215123737056,True,True,False,0.0,old_waveform
8.8999911,-0.7897977282085447,True,True,False,0.0,old_waveform
8.9333244,-0.8365800592806013,True,True,False,0.0,old_waveform
8.966657699999999,-0.6761682219757376,True,True,False,0.0,old_waveform
8.999991,-0.3765077791349935,True,True,False,0.0,old_waveform
9.0333243,-0.051506864977042,True,True,False,0.0,old_waveform
9.0666576,0.1794510069046869,True,True,False,0.0,old_waveform
9.0999909,0.2401936510323555,True,True,False,0.0,old_waveform
9.1333242,0.1310344391517564,True,True,False,0.0,old_waveform
9.1666575,-0.0769053139058904,True,True,False,0.0,old_waveform
9.1999908,-0.2861268417293381,True,True,False,0.0,old_waveform
9.2333241,-0.4248368600407822,True,True,False,0.0,old_waveform
9.2666574,-0.4738461228344862,True,True,False,0.0,old_waveform
9.2999907,-0.460805206189486,True,True,False,0.0,old_waveform
9.333324,-0.4331731736510502,True,True,False,0.0,old_waveform
9.3666573,-0.4248606675186869,True,True,False,0.0,old_waveform
9.3999906,-0.4316914796271918,True,True,False,0.0,old_waveform
9.4333239,-0.4096364447917313,True,True,False,0.0,old_waveform
9.4666572,-0.2994215667314103,True,True,False,0.0,old_waveform
9.4999905,-0.063687904935791,True,True,False,0.0,old_waveform
9.5333238,0.2848178601430857,True,True,False,0.0,old_waveform
9.5666571,0.6774621771237685,True,True,False,0.0,old_waveform
9.5999904,1.0090916575455418,True,True,False,0.0,old_waveform
9.6333237,1.1779534148427098,True,True,False,0.0,old_waveform
9.666657,1.1305568068061842,True,True,False,0.0,old_waveform
9.6999903,0.885561480394646,True,True,False,0.0,old_waveform
9.7333236,0.5201369238851346,True,True,False,0.0,old_waveform
9.7666569,0.1304784184889248,True,True,False,0.0,old_waveform
9.7999902,-0.2060671896175346,True,True,False,0.0,old_waveform
9.8333235,-0.4512253867918004,True,True,False,0.0,old_waveform
9.8666568,-0.6066332660604871,True,True,False,0.0,old_waveform
9.8999901,-0.6975797177431127,True,True,False,0.0,old_waveform
9.9333234,-0.7492467144416566,True,True,False,0.0,old_waveform
9.9666567,-0.770003743947431,True,True,False,0.0,old_waveform
9.99999,-0.747471265006057,True,True,False,0.0,old_waveform
10.0333233,-0.6571150945913089,True,True,False,0.0,old_waveform
10.0666566,-0.4827704278183064,True,True,False,0.0,old_waveform
10.0999899,-0.2360123983648508,True,True,False,0.0,old_waveform
10.1333232,0.0459773309213964,True,True,False,0.0,old_waveform
10.1666565,0.3218813402615476,True,True,False,0.0,old_waveform
10.1999898,0.5620310037789201,True,True,False,0.0,old_waveform
10.2333231,0.7459191211592218,True,True,False,0.0,old_waveform
10.2666564,0.8557968484957199,True,True,False,0.0,old_waveform
10.2999897,0.8832406772860311,True,True,False,0.0,old_waveform
10.333323,0.8423798551829672,True,True,False,0.0,old_waveform
10.3666563,0.7685126778930828,True,True,False,0.0,old_waveform
10.3999896,0.6961769817617955,True,True,False,0.0,old_waveform
10.4333229,0.632569686206811,True,True,False,0.0,old_waveform
10.4666562,0.5446264849602102,True,True,False,0.0,old_waveform
10.4999895,0.3715145729327526,True,True,False,0.0,old_waveform
10.5333228,0.0637132769166244,True,True,False,0.0,old_waveform
10.5666561,-0.3713974992337933,True,True,False,0.0,old_waveform
10.5999894,-0.8489052117412624,True,True,False,0.0,old_waveform
10.6333227,-1.2257271343663378,True,True,False,0.0,old_waveform
10.666656,-1.3507739167767974,True,True,False,0.0,old_waveform
10.6999893,-1.126800909697684,True,True,False,0.0,old_waveform
10.7333226,-0.5637929122065944,True,True,False,0.0,old_waveform
10.7666559,0.2002735086810606,True,True,False,0.0,old_waveform
10.7999892,0.9329183691067772,True,True,False,0.0,old_waveform
10.8333225,1.3919112926555688,True,True,False,0.0,old_waveform
10.8666558,1.4243618789429615,True,True,False,0.0,old_waveform
10.8999891,1.028747117145391,True,True,False,0.0,old_waveform
10.9333224,0.3472836868143552,True,True,False,0.0,old_waveform
10.9666557,-0.402254005726916,True,True,False,0.0,old_waveform
10.999989,-1.0132309943468036,True,True,False,0.0,old_waveform
11.0333223,-1.3518478101076885,True,True,False,0.0,old_waveform
11.0666556,-1.3784702222279497,True,True,False,0.0,old_waveform
11.0999889,-1.1374934172098528,True,True,False,0.0,old_waveform
11.1333222,-0.7326574013081323,True,True,False,0.0,old_waveform
11.1666555,-0.2944647504887807,True,True,False,0.0,old_waveform
11.1999888,0.0620156202884669,True,True,False,0.0,old_waveform
11.2333221,0.2789865253085317,True,True,False,0.0,old_waveform
11.2666554,0.373159285913349,True,True,False,0.0,old_waveform
11.2999887,0.4113824202312982,True,True,False,0.0,old_waveform
11.333322,0.4583856722457055,True,True,False,0.0,old_waveform
11.3666553,0.5357226397853663,True,True,False,0.0,old_waveform
11.3999886,0.6185014443666885,True,True,False,0.0,old_waveform
11.4333219,0.6619977969639277,True,True,False,0.0,old_waveform
11.4666552,0.635737547561809,True,True,False,0.0,old_waveform
11.4999885,0.547605376462516,True,True,False,0.0,old_waveform
11.5333218,0.4428559625365606,True,True,False,0.0,old_waveform
11.5666551,0.3724347629279065,True,True,False,0.0,old_waveform
11.5999884,0.3511222614925005,True,True,False,0.0,old_waveform
11.6333217,0.3407748577958863,True,True,False,0.0,old_waveform
11.666655,0.275784142597502,True,True,False,0.0,old_waveform
11.6999883,0.1125447725983365,True,True,False,0.0,old_waveform
11.7333216,-0.1380208130364851,True,True,False,0.0,old_waveform
11.7666549,-0.4197806452341661,True,True,False,0.0,old_waveform
11.7999882,-0.6644076570431459,True,True,False,0.0,old_waveform
11.8333215,-0.8160237132059027,True,True,False,0.0,old_waveform
11.8666548,-0.8423586319495553,True,True,False,0.0,old_waveform
11.8999881,-0.7433919511414376,True,True,False,0.0,old_waveform
11.9333214,-0.5553927369957128,True,True,False,0.0,old_waveform
11.9666547,-0.338586832561325,True,True,False,0.0,old_waveform
11.999988,-0.1480486530055653,True,True,False,0.0,old_waveform
12.0333213,-0.0046020994622922,True,True,False,0.0,old_waveform
12.0666546,0.1137370037223109,True,True,False,0.0,old_waveform
12.0999879,0.2515969304561647,True,True,False,0.0,old_waveform
12.1333212,0.4365160608671035,True,True,False,0.0,old_waveform
12.1666545,0.6450996815207743,True,True,False,0.0,old_waveform
12.1999878,0.8060100720751436,True,True,False,0.0,old_waveform
12.2333211,0.8436595242129863,True,True,False,0.0,old_waveform
12.2666544,0.7257824385368122,True,True,False,0.0,old_waveform
12.2999877,0.4759740251651674,True,True,False,0.0,old_waveform
12.333321,0.1522234352339532,True,True,False,0.0,old_waveform
12.3666543,-0.1784173744789378,True,True,False,0.0,old_waveform
12.3999876,-0.4510462781552835,True,True,False,0.0,old_waveform
12.4333209,-0.6103775082494026,True,True,False,0.0,old_waveform
12.4666542,-0.6267401483273564,True,True,False,0.0,old_waveform
12.4999875,-0.5094170739879715,True,True,False,0.0,old_waveform
12.533320799999998,-0.3010290763887186,True,True,False,0.0,old_waveform
12.5666541,-0.0569174021222559,True,True,False,0.0,old_waveform
12.5999874,0.1752333721094297,True,True,False,0.0,old_waveform
12.6333207,0.3639715647375002,True,True,False,0.0,old_waveform
12.666654,0.4877800524510337,True,True,False,0.0,old_waveform
12.6999873,0.5253149957130353,True,True,False,0.0,old_waveform
12.7333206,0.4590867992622034,True,True,False,0.0,old_waveform
12.7666539,0.2931832526234827,True,True,False,0.0,old_waveform
12.7999872,0.0665828373329215,True,True,False,0.0,old_waveform
12.8333205,-0.1550062033062744,True,True,False,0.0,old_waveform
12.8666538,-0.3051337767595027,True,True,False,0.0,old_waveform
12.8999871,-0.3432895306850934,True,True,False,0.0,old_waveform
12.9333204,-0.2737278833279226,True,True,False,0.0,old_waveform
12.9666537,-0.1535093008656593,True,True,False,0.0,old_waveform
12.999987,-0.0752551556430774,True,True,False,0.0,old_waveform
13.0333203,-0.1130205482803064,True,True,False,0.0,old_waveform
13.0666536,-0.2576281979711405,True,True,False,0.0,old_waveform
13.0999869,-0.4001838110554499,True,True,False,0.0,old_waveform
13.1333202,-0.3957879932499468,True,True,False,0.0,old_waveform
13.1666535,-0.1695867654497101,True,True,False,0.0,old_waveform
13.1999868,0.215518554050196,True,True,False,0.0,old_waveform
13.233320099999998,0.5853797258128974,True,True,False,0.0,old_waveform
13.2666534,0.7582486037735501,True,True,False,0.0,old_waveform
13.2999867,0.6478432448585656,True,True,False,0.0,old_waveform
13.33332,0.296668437195582,True,True,False,0.0,old_waveform
13.3666533,-0.1638064015552224,True,True,False,0.0,old_waveform
13.3999866,-0.5803234720653069,True,True,False,0.0,old_waveform
13.4333199,-0.8336792730845636,True,True,False,0.0,old_waveform
13.4666532,-0.871835483990099,True,True,False,0.0,old_waveform
13.4999865,-0.7166122244656771,True,True,False,0.0,old_waveform
13.5333198,-0.4412484153135039,True,True,False,0.0,old_waveform
13.5666531,-0.1309841685334916,True,True,False,0.0,old_waveform
13.5999864,0.1487720758696374,True,True,False,0.0,old_waveform
13.6333197,0.3625859776031574,True,True,False,0.0,old_waveform
13.666653,0.4981460165737447,True,True,False,0.0,old_waveform
13.6999863,0.552598537540099,True,True,False,0.0,old_waveform
13.7333196,0.5217599257188328,True,True,False,0.0,old_waveform
13.7666529,0.4009871790854665,True,True,False,0.0,old_waveform
13.7999862,0.1962958204363128,True,True,False,0.0,old_waveform
13.8333195,-0.0637061616990514,True,True,False,0.0,old_waveform
13.8666528,-0.3223952145928092,True,True,False,0.0,old_waveform
13.8999861,-0.5055424996204086,True,True,False,0.0,old_waveform
13.933319399999998,-0.5539242042547226,True,True,False,0.0,old_waveform
13.9666527,-0.4605104268395738,True,True,False,0.0,old_waveform
13.999986,-0.2783489979186888,True,True,False,0.0,old_waveform
14.0333193,-0.0862663680562363,True,True,False,0.0,old_waveform
14.0666526,0.0657338128477586,True,True,False,0.0,old_waveform
14.0999859,0.1918335692305636,True,True,False,0.0,old_waveform
14.1333192,0.3551887581127944,True,True,False,0.0,old_waveform
14.1666525,0.6027129141557908,True,True,False,0.0,old_waveform
14.1999858,0.8971099580215083,True,True,False,0.0,old_waveform
14.2333191,1.1060462913765274,True,True,False,0.0,old_waveform
14.2666524,1.0666803064840535,True,True,False,0.0,old_waveform
14.2999857,0.6894590097860412,True,True,False,0.0,old_waveform
14.333319,0.0376516983339969,True,True,False,0.0,old_waveform
14.3666523,-0.678083423344856,True,True,False,0.0,old_waveform
14.3999856,-1.2034210151273803,True,True,False,0.0,old_waveform
14.4333189,-1.3747051797809955,True,True,False,0.0,old_waveform
14.4666522,-1.1842440170065072,True,True,False,0.0,old_waveform
14.4999855,-0.7403426877715862,True,True,False,0.0,old_waveform
14.5333188,-0.1792795540335289,True,True,False,0.0,old_waveform
14.5666521,0.3870832563491452,True,True,False,0.0,old_waveform
14.5999854,0.8646395551962093,True,True,False,0.0,old_waveform
14.633318699999998,1.1565802767802285,True,True,False,0.0,old_waveform
14.666652,1.1758904332590845,True,True,False,0.0,old_waveform
14.6999853,0.8882311284283932,True,True,False,0.0,old_waveform
14.7333186,0.3480449473876449,True,True,False,0.0,old_waveform
14.7666519,-0.3023102684111871,True,True,False,0.0,old_waveform
14.7999852,-0.8774784931625985,True,True,False,0.0,old_waveform
14.8333185,-1.2219209703475846,True,True,False,0.0,old_waveform
14.8666518,-1.270547664741318,True,True,False,0.0,old_waveform
14.8999851,-1.0612106410464477,True,True,False,0.0,old_waveform
14.9333184,-0.7035515937741658,True,True,False,0.0,old_waveform
14.9666517,-0.3331125259760896,True,True,False,0.0,old_waveform
14.999985,-0.0665725192493144,True,True,False,0.0,old_waveform
15.0333183,0.0359148340734448,True,True,False,0.0,old_waveform
15.066651599999998,-0.0102266746340214,True,True,False,0.0,old_waveform
15.0999849,-0.1272833559312481,True,True,False,0.0,old_waveform
15.1333182,-0.2166418040248293,True,True,False,0.0,old_waveform
15.1666515,-0.2089735577551234,True,True,False,0.0,old_waveform
15.1999848,-0.099587672494459,True,True,False,0.0,old_waveform
15.2333181,0.0539482151417587,True,True,False,0.0,old_waveform
15.2666514,0.1791763932669116,True,True,False,0.0,old_waveform
15.2999847,0.2515493220505758,True,True,False,0.0,old_waveform
15.333317999999998,0.3161889513637502,True,True,False,0.0,old_waveform
15.3666513,0.4400042309682505,True,True,False,0.0,old_waveform
15.3999846,0.6339706649849749,True,True,False,0.0,old_waveform
15.4333179,0.8196023179483457,True,True,False,0.0,old_waveform
15.4666512,0.8752235704221628,True,True,False,0.0,old_waveform
15.4999845,0.7274379138894927,True,True,False,0.0,old_waveform
15.5333178,0.4135944079302565,True,True,False,0.0,old_waveform
15.5666511,0.0629328623241772,True,True,False,0.0,old_waveform
15.5999844,-0.1885733527274432,True,True,False,0.0,old_waveform
15.6333177,-0.2801250322840459,True,True,False,0.0,old_waveform
15.666651,-0.2454279034584363,True,True,False,0.0,old_waveform
15.6999843,-0.1705608404375807,True,True,False,0.0,old_waveform
15.7333176,-0.1372548439260202,True,True,False,0.0,old_waveform
15.766650899999998,-0.1891766338518864,True,True,False,0.0,old_waveform
15.7999842,-0.320661755669016,True,True,False,0.0,old_waveform
15.8333175,-0.4764694628149867,True,True,False,0.0,old_waveform
15.8666508,-0.5706909416206187,True,True,False,0.0,old_waveform
15.8999841,-0.5311029880625446,True,True,False,0.0,old_waveform
15.9333174,-0.3432345557177328,True,True,False,0.0,old_waveform
15.9666507,-0.0575042295296349,True,True,False,0.0,old_waveform
15.999984,0.2464048662372095,True,True,False,0.0,old_waveform
16.0333173,0.5074709504505976,True,True,False,0.0,old_waveform
16.0666506,0.7056467741346636,True,True,False,0.0,old_waveform
16.099983899999998,0.8441074061784604,True,True,False,0.0,old_waveform
16.1333172,0.9142290019101196,True,True,False,0.0,old_waveform
16.1666505,0.8830271489144039,True,True,False,0.0,old_waveform
16.1999838,0.7168874931975664,True,True,False,0.0,old_waveform
16.2333171,0.418298675573468,True,True,False,0.0,old_waveform
16.2666504,0.044296162553164,True,True,False,0.0,old_waveform
16.2999837,-0.3102537888587731,True,True,False,0.0,old_waveform
16.333316999999997,-0.5591671910575204,True,True,False,0.0,old_waveform
16.3666503,-0.6699181845698757,True,True,False,0.0,old_waveform
16.3999836,-0.6717095445008489,True,True,False,0.0,old_waveform
16.433316899999998,-0.6227939034063198,True,True,False,0.0,old_waveform
16.4666502,-0.567554318182275,True,True,False,0.0,old_waveform
16.4999835,-0.5182017888734021,True,True,False,0.0,old_waveform
16.533316799999998,-0.4708840302974763,True,True,False,0.0,old_waveform
16.5666501,-0.4340628533931567,True,True,False,0.0,old_waveform
16.5999834,-0.4372404440414186,True,True,False,0.0,old_waveform
16.633316699999998,-0.5083984112508521,True,True,False,0.0,old_waveform
16.66665,-0.6370370989034769,True,True,False,0.0,old_waveform
16.6999833,-0.7554141712298252,True,True,False,0.0,old_waveform
16.7333166,-0.7624528526999583,True,True,False,0.0,old_waveform
16.7666499,-0.581831597959889,True,True,False,0.0,old_waveform
16.7999832,-0.2140917137183781,True,True,False,0.0,old_waveform
16.8333165,0.2586249938039352,True,True,False,0.0,old_waveform
16.866649799999998,0.7244534805866167,True,True,False,0.0,old_waveform
16.8999831,1.111846439788879,True,True,False,0.0,old_waveform
16.9333164,1.4191977684567338,True,True,False,0.0,old_waveform
16.966649699999998,1.682804310587242,True,True,False,0.0,old_waveform
16.999983,1.9177759839794788,True,True,False,0.0,old_waveform
17.0333163,2.0832029836187624,True,True,False,0.0,old_waveform
17.066649599999998,2.096828154103038,True,True,False,0.0,old_waveform
17.0999829,1.885040505248393,True,True,False,0.0,old_waveform
17.1333162,1.4304889775331826,True,True,False,0.0,old_waveform
17.1666495,0.7857330172222812,True,True,False,0.0,old_waveform
17.1999828,0.0505635770686644,True,True,False,0.0,old_waveform
17.2333161,-0.6611156459800235,True,True,False,0.0,old_waveform
17.2666494,-1.245508698900406,True,True,False,0.0,old_waveform
17.299982699999997,-1.6305353269424367,True,True,False,0.0,old_waveform
17.333316,-1.798134304349434,True,True,False,0.0,old_waveform
17.3666493,-1.788002871511086,True,True,False,0.0,old_waveform
17.399982599999998,-1.6704498748035923,True,True,False,0.0,old_waveform
17.4333159,-1.5075777893224769,True,True,False,0.0,old_waveform
17.4666492,-1.3317278984876189,True,True,False,0.0,old_waveform
17.499982499999998,-1.148146133880626,True,True,False,0.0,old_waveform
17.5333158,-0.9474777797481492,True,True,False,0.0,old_waveform
17.5666491,-0.7144268226567563,True,True,False,0.0,old_waveform
17.5999824,-0.4333812792100247,True,True,False,0.0,old_waveform
17.6333157,-0.1006519005349796,True,True,False,0.0,old_waveform
17.666649,0.2591862246441537,True,True,False,0.0,old_waveform
17.6999823,0.5938577239871,True,True,False,0.0,old_waveform
17.733315599999997,0.8514937154188429,True,True,False,0.0,old_waveform
17.7666489,1.0152381637840473,True,True,False,0.0,old_waveform
17.7999822,1.1128012082851797,True,True,False,0.0,old_waveform
17.833315499999998,1.1905286475409949,True,True,False,0.0,old_waveform
17.8666488,1.270645933430045,True,True,False,0.0,old_waveform
17.8999821,1.323551772861528,True,True,False,0.0,old_waveform
17.933315399999998,1.2770656364777355,True,True,False,0.0,old_waveform
17.9666487,1.0619430626372028,True,True,False,0.0,old_waveform
17.999982,0.6683441576795776,True,True,False,0.0,old_waveform
18.0333153,0.1732111366425006,True,True,False,0.0,old_waveform
18.0666486,-0.2868967279943263,True,True,False,0.0,old_waveform
18.0999819,-0.58426325403382,True,True,False,0.0,old_waveform
18.1333152,-0.6658209629773186,True,True,False,0.0,old_waveform
18.1666485,-0.5721255621872392,True,True,False,0.0,old_waveform
18.1999818,-0.3981731463962528,True,True,False,0.0,old_waveform
18.2333151,-0.2278601091549106,True,True,False,0.0,old_waveform
18.2666484,-0.0891644920490469,True,True,False,0.0,old_waveform
18.2999817,0.0434928896185658,True,True,False,0.0,old_waveform
18.333315,0.2068569686519647,True,True,False,0.0,old_waveform
18.3666483,0.4008848913080322,True,True,False,0.0,old_waveform
18.3999816,0.5736961777734659,True,True,False,0.0,old_waveform
18.4333149,0.6502365937446011,True,True,False,0.0,old_waveform
18.4666482,0.5793872874300094,True,True,False,0.0,old_waveform
18.4999815,0.3625562394998566,True,True,False,0.0,old_waveform
18.5333148,0.0470763194492584,True,True,False,0.0,old_waveform
18.5666481,-0.300103906028029,True,True,False,0.0,old_waveform
18.5999814,-0.611908250862519,True,True,False,0.0,old_waveform
18.6333147,-0.8277114641525329,True,True,False,0.0,old_waveform
18.666648,-0.9001243275641321,True,True,False,0.0,old_waveform
18.6999813,-0.8080350697528715,True,True,False,0.0,old_waveform
18.7333146,-0.5691522223645769,True,True,False,0.0,old_waveform
18.7666479,-0.2450478027860146,True,True,False,0.0,old_waveform
18.7999812,0.0674419129843031,True,True,False,0.0,old_waveform
18.8333145,0.2647921820640889,True,True,False,0.0,old_waveform
18.8666478,0.2794548970271989,True,True,False,0.0,old_waveform
18.8999811,0.1133267764410378,True,True,False,0.0,old_waveform
18.9333144,-0.1595209420326356,True,True,False,0.0,old_waveform
18.9666477,-0.4195125381742668,True,True,False,0.0,old_waveform
18.999981,-0.5402435743415441,True,True,False,0.0,old_waveform
19.0333143,-0.4291100310949675,True,True,False,0.0,old_waveform
19.0666476,-0.0676841081099878,True,True,False,0.0,old_waveform
19.0999809,0.4650620044903588,True,True,False,0.0,old_waveform
19.1333142,1.013333211602785,True,True,False,0.0,old_waveform
19.1666475,1.4103709243188276,True,True,False,0.0,old_waveform
19.1999808,1.5522347771345395,True,True,False,0.0,old_waveform
19.2333141,1.4335398235333507,True,True,False,0.0,old_waveform
19.2666474,1.1285378658340088,True,True,False,0.0,old_waveform
19.2999807,0.7379074652325063,True,True,False,0.0,old_waveform
19.333314,0.3401765686626644,True,True,False,0.0,old_waveform
19.3666473,-0.0224560435925897,True,True,False,0.0,old_waveform
19.3999806,-0.3261184266003233,True,True,False,0.0,old_waveform
19.4333139,-0.5437983589615074,True,True,False,0.0,old_waveform
19.4666472,-0.6440129339684474,True,True,False,0.0,old_waveform
19.4999805,-0.608491474283572,True,True,False,0.0,old_waveform
19.5333138,-0.4512564760623329,True,True,False,0.0,old_waveform
19.5666471,-0.2227562976703473,True,True,False,0.0,old_waveform
19.5999804,0.0047191063960271,True,True,False,0.0,old_waveform
19.6333137,0.162690904615355,True,True,False,0.0,old_waveform
19.666647,0.2121213742420432,True,True,False,0.0,old_waveform
19.6999803,0.1588109966467728,True,True,False,0.0,old_waveform
19.7333136,0.0509691652901027,True,True,False,0.0,old_waveform
19.7666469,-0.0425174355898454,True,True,False,0.0,old_waveform
19.7999802,-0.0644213046156085,True,True,False,0.0,old_waveform
19.8333135,0.0042760471471464,True,True,False,0.0,old_waveform
19.8666468,0.1360149646906643,True,True,False,0.0,old_waveform
19.8999801,0.2682180570876802,True,True,False,0.0,old_waveform
19.9333134,0.330697597362759,True,True,False,0.0,old_waveform
19.9666467,0.2803689528350516,True,True,False,0.0,old_waveform
19.99998,0.125554096583246,True,True,False,0.0,old_waveform
20.0333133,-0.0793353242906196,True,True,False,0.0,old_waveform
20.0666466,-0.2674454712889054,True,True,False,0.0,old_waveform
20.0999799,-0.394090650398431,True,True,False,0.0,old_waveform
20.1333132,-0.4461793575192582,True,True,False,0.0,old_waveform
20.1666465,-0.4286204907030178,True,True,False,0.0,old_waveform
20.1999798,-0.3491588332239121,True,True,False,0.0,old_waveform
20.2333131,-0.2167629635568805,True,True,False,0.0,old_waveform
20.2666464,-0.0507611721628736,True,True,False,0.0,old_waveform
20.2999797,0.1131818210363798,True,True,False,0.0,old_waveform
20.333313,0.2308376882938086,True,True,False,0.0,old_waveform
20.3666463,0.2682925016359865,True,True,False,0.0,old_waveform
20.3999796,0.2194769725937568,True,True,False,0.0,old_waveform
20.4333129,0.1126845371309757,True,True,False,0.0,old_waveform
20.4666462,0.0045258514626794,True,True,False,0.0,old_waveform
20.4999795,-0.0393400815227095,True,True,False,0.0,old_waveform
20.5333128,0.0236692491671382,True,True,False,0.0,old_waveform
20.5666461,0.1830225180798055,True,True,False,0.0,old_waveform
20.5999794,0.3715291217623955,True,True,False,0.0,old_waveform
20.6333127,0.4945746293666528,True,True,False,0.0,old_waveform
20.666646,0.4745411673733787,True,True,False,0.0,old_waveform
20.6999793,0.290657796875622,True,True,False,0.0,old_waveform
20.7333126,0.0004504871401516,True,True,False,0.0,old_waveform
20.7666459,-0.2737379339678407,True,True,False,0.0,old_waveform
20.7999792,-0.4021043631456578,True,True,False,0.0,old_waveform
20.8333125,-0.325037140817661,True,True,False,0.0,old_waveform
20.8666458,-0.098945802814943,True,True,False,0.0,old_waveform
20.8999791,0.1296112858176019,True,True,False,0.0,old_waveform
20.9333124,0.2118214319993574,True,True,False,0.0,old_waveform
20.9666457,0.0895240231198744,True,True,False,0.0,old_waveform
20.999979,-0.1697653068263831,True,True,False,0.0,old_waveform
21.0333123,-0.4169179622561977,True,True,False,0.0,old_waveform
21.0666456,-0.5133087224342676,True,True,False,0.0,old_waveform
21.0999789,-0.4082222099447804,True,True,False,0.0,old_waveform
21.1333122,-0.15529275324786,True,True,False,0.0,old_waveform
21.1666455,0.1343104935355449,True,True,False,0.0,old_waveform
21.1999788,0.365810426281171,True,True,False,0.0,old_waveform
21.2333121,0.5112515741232319,True,True,False,0.0,old_waveform
21.2666454,0.6102555221655481,True,True,False,0.0,old_waveform
21.2999787,0.7331793638700409,True,True,False,0.0,old_waveform
21.333312,0.9343016461777792,True,True,False,0.0,old_waveform
21.3666453,1.2140725514808917,True,True,False,0.0,old_waveform
21.3999786,1.5016208978955194,True,True,False,0.0,old_waveform
21.4333119,1.668722739249702,True,True,False,0.0,old_waveform
21.4666452,1.579503259472964,True,True,False,0.0,old_waveform
21.4999785,1.1583283083935705,True,True,False,0.0,old_waveform
21.5333118,0.4407509600158885,True,True,False,0.0,old_waveform
21.5666451,-0.4192937576342463,True,True,False,0.0,old_waveform
21.5999784,-1.193828035558089,True,True,False,0.0,old_waveform
21.6333117,-1.672342547194715,True,True,False,0.0,old_waveform
21.666645,-1.7695803553322011,True,True,False,0.0,old_waveform
21.6999783,-1.5839977731303263,True,True,False,0.0,old_waveform
21.7333116,-1.3547771982336834,True,True,False,0.0,old_waveform
21.7666449,-1.3306167639564617,True,True,False,0.0,old_waveform
21.7999782,-1.6229135427914247,True,True,False,0.0,old_waveform
21.8333115,-2.131506326590312,True,True,False,0.0,old_waveform
21.8666448,-2.591239939254236,True,True,False,0.0,old_waveform
21.8999781,-2.711010035489804,True,True,False,0.0,old_waveform
21.9333114,-2.321727198567045,True,True,False,0.0,old_waveform
21.9666447,-1.4540651893104446,True,True,False,0.0,old_waveform
21.999978,-0.3151012638775526,True,True,False,0.0,old_waveform
22.0333113,0.8118731601646793,True,True,False,0.0,old_waveform
22.0666446,1.687631198771543,True,True,False,0.0,old_waveform
22.0999779,2.1978832854031483,True,True,False,0.0,old_waveform
22.1333112,2.3634270419756223,True,True,False,0.0,old_waveform
22.1666445,2.2861774106546955,True,True,False,0.0,old_waveform
22.1999778,2.0705161557600125,True,True,False,0.0,old_waveform
22.2333111,1.7676640095106504,True,True,False,0.0,old_waveform
22.2666444,1.3741942345370386,True,True,False,0.0,old_waveform
22.2999777,0.8791648713561014,True,True,False,0.0,old_waveform
22.333311,0.3175232872844913,True,True,False,0.0,old_waveform
22.3666443,-0.2139452489502142,True,True,False,0.0,old_waveform
22.3999776,-0.5869851451738402,True,True,False,0.0,old_waveform
22.4333109,-0.696224448754179,True,True,False,0.0,old_waveform
22.4666442,-0.5009512707986676,True,True,False,0.0,old_waveform
22.4999775,-0.0607758030348536,True,True,False,0.0,old_waveform
22.5333108,0.4843717402628712,True,True,False,0.0,old_waveform
22.5666441,0.993380775231236,True,True,False,0.0,old_waveform
22.5999774,1.317403235073208,True,True,False,0.0,old_waveform
22.6333107,1.343693379869858,True,True,False,0.0,old_waveform
22.666644,1.035836292576733,True,True,False,0.0,old_waveform
22.6999773,0.4418448826465491,True,True,False,0.0,old_waveform
22.7333106,-0.316997718809567,True,True,False,0.0,old_waveform
22.7666439,-1.0807663843483046,True,True,False,0.0,old_waveform
22.7999772,-1.6954864051660623,True,True,False,0.0,old_waveform
22.8333105,-2.0496618509421034,True,True,False,0.0,old_waveform
22.8666438,-2.0955357780368846,True,True,False,0.0,old_waveform
22.8999771,-1.8591721542628104,True,True,False,0.0,old_waveform
22.9333104,-1.435574421268168,True,True,False,0.0,old_waveform
22.9666437,-0.9569383629334812,True,True,False,0.0,old_waveform
22.999977,-0.5403153383638738,True,True,False,0.0,old_waveform
23.0333103,-0.2453588884100609,True,True,False,0.0,old_waveform
23.0666436,-0.0700939124986487,True,True,False,0.0,old_waveform
23.0999769,0.021881679926171,True,True,False,0.0,old_waveform
23.1333102,0.0748784366539322,True,True,False,0.0,old_waveform
23.1666435,0.1271419844251456,True,True,False,0.0,old_waveform
23.1999768,0.1984493781269019,True,True,False,0.0,old_waveform
23.2333101,0.2804908354872262,True,True,False,0.0,old_waveform
23.2666434,0.3449480575558739,True,True,False,0.0,old_waveform
23.2999767,0.3670113282767976,True,True,False,0.0,old_waveform
23.33331,0.3409458573896729,True,True,False,0.0,old_waveform
23.3666433,0.2734320643743276,True,True,False,0.0,old_waveform
23.3999766,0.1706551954908339,True,True,False,0.0,old_waveform
23.4333099,0.043833723304036,True,True,False,0.0,old_waveform
23.4666432,-0.0733534152205738,True,True,False,0.0,old_waveform
23.4999765,-0.1285006947556816,True,True,False,0.0,old_waveform
23.5333098,-0.0828022345113071,True,True,False,0.0,old_waveform
23.5666431,0.0620438043191442,True,True,False,0.0,old_waveform
23.5999764,0.2685813209640159,True,True,False,0.0,old_waveform
23.6333097,0.4883184452855144,True,True,False,0.0,old_waveform
23.666643,0.6817455395224721,True,True,False,0.0,old_waveform
23.6999763,0.8212779250913415,True,True,False,0.0,old_waveform
23.7333096,0.8825539133120218,True,True,False,0.0,old_waveform
23.7666429,0.8424102139245083,True,True,False,0.0,old_waveform
23.7999762,0.69338262275214,True,True,False,0.0,old_waveform
23.8333095,0.4602482264841018,True,True,False,0.0,old_waveform
23.8666428,0.1961433564562927,True,True,False,0.0,old_waveform
23.8999761,-0.0460217351988355,True,True,False,0.0,old_waveform
23.9333094,-0.2458449647823887,True,True,False,0.0,old_waveform
23.9666427,-0.4218730505393427,True,True,False,0.0,old_waveform
23.999976,-0.6030917017049351,True,True,False,0.0,old_waveform
24.0333093,-0.7873452298866038,True,True,False,0.0,old_waveform
24.0666426,-0.9234896754970392,True,True,False,0.0,old_waveform
24.0999759,-0.941730391786022,True,True,False,0.0,old_waveform
24.1333092,-0.8174537250230168,True,True,False,0.0,old_waveform
24.1666425,-0.6162963659005714,True,True,False,0.0,old_waveform
24.1999758,-0.4716219421803949,True,True,False,0.0,old_waveform
24.2333091,-0.4948920352274093,True,True,False,0.0,old_waveform
24.2666424,-0.6819813534123887,True,True,False,0.0,old_waveform
24.2999757,-0.8967794250959263,True,True,False,0.0,old_waveform
24.333309,-0.9525789322871476,True,True,False,0.0,old_waveform
24.3666423,-0.7296411538232338,True,True,False,0.0,old_waveform
24.3999756,-0.2474511817330192,True,True,False,0.0,old_waveform
24.4333089,0.347382721720166,True,True,False,0.0,old_waveform
24.4666422,0.8596148540139288,True,True,False,0.0,old_waveform
24.4999755,1.1367302636082506,True,True,False,0.0,old_waveform
24.5333088,1.1251816904778589,True,True,False,0.0,old_waveform
24.5666421,0.8755881406381434,True,True,False,0.0,old_waveform
24.5999754,0.5062934842081843,True,True,False,0.0,old_waveform
24.6333087,0.146692246644935,True,True,False,0.0,old_waveform
24.666642,-0.1113133537911833,True,True,False,0.0,old_waveform
24.6999753,-0.2326332165415801,True,True,False,0.0,old_waveform
24.7333086,-0.2311298788916192,True,True,False,0.0,old_waveform
24.7666419,-0.1508380549741259,True,True,False,0.0,old_waveform
24.7999752,-0.0473509674483682,True,True,False,0.0,old_waveform
24.8333085,0.026865752921998,True,True,False,0.0,old_waveform
24.8666418,0.0313952257022764,True,True,False,0.0,old_waveform
24.8999751,-0.0571786987519502,True,True,False,0.0,old_waveform
24.9333084,-0.2394070187183297,True,True,False,0.0,old_waveform
24.9666417,-0.4390965542109094,True,True,False,0.0,old_waveform
24.999975,-0.7203075542182519,True,True,False,0.0,old_waveform
25.0333083,-0.8954525590749147,True,True,False,0.0,old_waveform
25.0666416,-0.8783801125435569,True,True,False,0.0,old_waveform
25.0999749,-0.6236513741853358,True,True,False,0.0,old_waveform
25.1333082,-0.150207675878065,True,True,False,0.0,old_waveform
25.1666415,0.4230303201920033,True,True,False,0.0,old_waveform
25.1999748,0.9087526902538744,True,True,False,0.0,old_waveform
25.2333081,1.1351339941529752,True,True,False,0.0,old_waveform
25.2666414,1.036865490257817,True,True,False,0.0,old_waveform
25.2999747,0.6913972294555683,True,True,False,0.0,old_waveform
25.333308,0.2707516499716965,True,True,False,0.0,old_waveform
25.3666413,-0.0578744196908597,True,True,False,0.0,old_waveform
25.3999746,-0.213326100174226,True,True,False,0.0,old_waveform
25.4333079,-0.215096594671979,True,True,False,0.0,old_waveform
25.4666412,-0.1346420223803457,True,True,False,0.0,old_waveform
25.4999745,-0.0300823910148473,True,True,False,0.0,old_waveform
25.5333078,0.0828660102779922,True,True,False,0.0,old_waveform
25.5666411,0.2070508781783918,True,True,False,0.0,old_waveform
25.5999744,0.3165844476963048,True,True,False,0.0,old_waveform
25.6333077,0.3339807042954872,True,True,False,0.0,old_waveform
25.666641,0.1586109609649229,True,True,False,0.0,old_waveform
25.6999743,-0.2682883025911602,True,True,False,0.0,old_waveform
25.7333076,-0.9045983481352072,True,True,False,0.0,old_waveform
25.7666409,-1.5951163786856342,True,True,False,0.0,old_waveform
25.7999742,-2.1191688942085523,True,True,False,0.0,old_waveform
25.8333075,-2.2718358216196117,True,True,False,0.0,old_waveform
25.8666408,-1.9374840831963616,True,True,False,0.0,old_waveform
25.8999741,-1.1353902677309322,True,True,False,0.0,old_waveform
25.9333074,-0.034117002365009,True,True,False,0.0,old_waveform
25.9666407,1.078736842902307,True,True,False,0.0,old_waveform
25.999974,1.8851766903585407,True,True,False,0.0,old_waveform
26.0333073,2.160275725694244,True,True,False,0.0,old_waveform
26.0666406,1.8659074024182307,True,True,False,0.0,old_waveform
26.0999739,1.1571730435023726,True,True,False,0.0,old_waveform
26.1333072,0.3017000828968925,True,True,False,0.0,old_waveform
26.1666405,-0.4329722959136199,True,True,False,0.0,old_waveform
26.1999738,-0.8648724786465549,True,True,False,0.0,old_waveform
26.2333071,-0.9324350184439668,True,True,False,0.0,old_waveform
26.2666404,-0.6885907165932179,True,True,False,0.0,old_waveform
26.2999737,-0.2717890025419292,True,True,False,0.0,old_waveform
26.333307,0.1419409355955171,True,True,False,0.0,old_waveform
26.3666403,0.4041528616564294,True,True,False,0.0,old_waveform
26.3999736,0.4509481078144162,True,True,False,0.0,old_waveform
26.4333069,0.3172616767936798,True,True,False,0.0,old_waveform
26.4666402,0.1033656979816601,True,True,False,0.0,old_waveform
26.4999735,-0.0832025651198801,True,True,False,0.0,old_waveform
26.5333068,-0.1822045901695969,True,True,False,0.0,old_waveform
26.5666401,-0.2020765782891886,True,True,False,0.0,old_waveform
26.5999734,-0.1884006108707893,True,True,False,0.0,old_waveform
26.6333067,-0.1599530475414021,True,True,False,0.0,old_waveform
26.66664,-0.0707032319564056,True,True,False,0.0,old_waveform
26.6999733,0.1554322567385626,True,True,False,0.0,old_waveform
26.7333066,0.5326401722799429,True,True,False,0.0,old_waveform
26.7666399,0.942115670755972,True,True,False,0.0,old_waveform
26.7999732,1.159539704198021,True,True,False,0.0,old_waveform
26.8333065,0.9828677556782252,True,True,False,0.0,old_waveform
26.8666398,0.3724685739746334,True,True,False,0.0,old_waveform
26.8999731,-0.5026486590848378,True,True,False,0.0,old_waveform
26.9333064,-1.3448741565339986,True,True,False,0.0,old_waveform
26.9666397,-1.8724029751729372,True,True,False,0.0,old_waveform
26.999973,-1.9379575708945809,True,True,False,0.0,old_waveform
27.0333063,-1.572436871660454,True,True,False,0.0,old_waveform
27.0666396,-0.9519356492299336,True,True,False,0.0,old_waveform
27.0999729,-0.3151719757398655,True,True,False,0.0,old_waveform
27.1333062,0.1257523693877723,True,True,False,0.0,old_waveform
27.1666395,0.2474952237320409,True,True,False,0.0,old_waveform
27.1999728,0.0447742428464508,True,True,False,0.0,old_waveform
27.2333061,-0.3660542179897277,True,True,False,0.0,old_waveform
27.2666394,-0.7726913037561752,True,True,False,0.0,old_waveform
27.2999727,-0.9361932093991008,True,True,False,0.0,old_waveform
27.333306,-0.69631917561723,True,True,False,0.0,old_waveform
27.3666393,-0.0596429395029939,True,True,False,0.0,old_waveform
27.3999726,0.7881629814878968,True,True,False,0.0,old_waveform
27.4333059,1.5569954323781108,True,True,False,0.0,old_waveform
27.4666392,1.979979579257416,True,True,False,0.0,old_waveform
27.4999725,1.933804677968452,True,True,False,0.0,old_waveform
27.5333058,1.4860020823276718,True,True,False,0.0,old_waveform
27.5666391,0.8442201758048372,True,True,False,0.0,old_waveform
27.5999724,0.2458717928981839,True,True,False,0.0,old_waveform
27.6333057,-0.1431463215105189,True,True,False,0.0,old_waveform
27.666639,-0.2721551115689438,True,True,False,0.0,old_waveform
27.6999723,-0.1916158343489492,True,True,False,0.0,old_waveform
27.7333056,-0.0102344813119505,True,True,False,0.0,old_waveform
27.7666389,0.15674201689087,True,True,False,0.0,old_waveform
27.7999722,0.2364458508602104,True,True,False,0.0,old_waveform
27.8333055,0.2230375882165482,True,True,False,0.0,old_waveform
27.8666388,0.1612678774294188,True,True,False,0.0,old_waveform
27.8999721,0.1009409446838589,True,True,False,0.0,old_waveform
27.9333054,0.0559602732641152,True,True,False,0.0,old_waveform
27.9666387,-0.0047345388899847,True,True,False,0.0,old_waveform
27.999972,-0.1325339779081594,True,True,False,0.0,old_waveform
28.0333053,-0.3596634409687221,True,True,False,0.0,old_waveform
28.0666386,-0.6675721348613455,True,True,False,0.0,old_waveform
28.0999719,-0.9793064066890924,True,True,False,0.0,old_waveform
28.1333052,-1.1833933067366431,True,True,False,0.0,old_waveform
28.1666385,-1.1853677946146384,True,True,False,0.0,old_waveform
28.1999718,-0.9673029255064874,True,True,False,0.0,old_waveform
28.2333051,-0.6167314230846171,True,True,False,0.0,old_waveform
28.2666384,-0.2886865006355096,True,True,False,0.0,old_waveform
28.2999717,-0.1166206979457739,True,True,False,0.0,old_waveform
28.333305,-0.1402952005947334,True,True,False,0.0,old_waveform
28.3666383,-0.3013977017100054,True,True,False,0.0,old_waveform
28.3999716,-0.4944668953222848,True,True,False,0.0,old_waveform
28.4333049,-0.6221683031712436,True,True,False,0.0,old_waveform
28.4666382,-0.618209790745734,True,True,False,0.0,old_waveform
28.4999715,-0.4449005581588008,True,True,False,0.0,old_waveform
28.5333048,-0.0953454740244401,True,True,False,0.0,old_waveform
28.5666381,0.3896355801780108,True,True,False,0.0,old_waveform
28.5999714,0.9085819566675464,True,True,False,0.0,old_waveform
28.6333047,1.3130128065225248,True,True,False,0.0,old_waveform
28.666638,1.4546804970720952,True,True,False,0.0,old_waveform
28.6999713,1.2517786323453262,True,True,False,0.0,old_waveform
28.7333046,0.7388457946861805,True,True,False,0.0,old_waveform
28.7666379,0.0666131544066308,True,True,False,0.0,old_waveform
28.7999712,-0.5505644157846525,True,True,False,0.0,old_waveform
28.8333045,-0.9114227663615272,True,True,False,0.0,old_waveform
28.8666378,-0.896964621737219,True,True,False,0.0,old_waveform
28.8999711,-0.5130256384695203,True,True,False,0.0,old_waveform
28.9333044,0.1068233971295756,True,True,False,0.0,old_waveform
28.9666377,0.7472312367340738,True,True,False,0.0,old_waveform
28.999971,1.193813872066124,True,True,False,0.0,old_waveform
29.0333043,1.3152325813683732,True,True,False,0.0,old_waveform
29.0666376,1.107819438801762,True,True,False,0.0,old_waveform
29.0999709,0.6860225798325632,True,True,False,0.0,old_waveform
29.1333042,0.227408664897624,True,True,False,0.0,old_waveform
29.1666375,-0.1024325795792695,True,True,False,0.0,old_waveform
29.1999708,-0.2161460504816459,True,True,False,0.0,old_waveform
29.2333041,-0.1393138358952582,True,True,False,0.0,old_waveform
29.2666374,0.0165139952746498,True,True,False,0.0,old_waveform
29.2999707,0.1237816146282689,True,True,False,0.0,old_waveform
29.333304,0.1049238232165448,True,True,False,0.0,old_waveform
29.3666373,-0.0481189395223469,True,True,False,0.0,old_waveform
29.3999706,-0.2913766470206243,True,True,False,0.0,old_waveform
29.4333039,-0.5517720938630557,True,True,False,0.0,old_waveform
29.4666372,-0.7455152851196133,True,True,False,0.0,old_waveform
29.4999705,-0.8015891025772217,True,True,False,0.0,old_waveform
29.5333038,-0.691361194479779,True,True,False,0.0,old_waveform
29.5666371,-0.4467018423332458,True,True,False,0.0,old_waveform
29.5999704,-0.1480949900107551,True,True,False,0.0,old_waveform
29.6333037,0.1132193311043095,True,True,False,0.0,old_waveform
29.666637,0.272690592043909,True,True,False,0.0,old_waveform
29.6999703,0.3062635495063744,True,True,False,0.0,old_waveform
29.7333036,0.2217877242887025,True,True,False,0.0,old_waveform
29.7666369,0.0469267765214165,True,True,False,0.0,old_waveform
29.7999702,-0.1750344644636153,True,True,False,0.0,old_waveform
29.8333035,-0.38799610159218,True,True,False,0.0,old_waveform
29.8666368,-0.5342733831989647,True,True,False,0.0,old_waveform
29.8999701,-0.5739938046805176,True,True,False,0.0,old_waveform
29.9333034,-0.5039518046018311,True,True,False,0.0,old_waveform
29.9666367,-0.3626613351754991,True,True,False,0.0,old_waveform
29.99997,-0.2111481204909621,True,True,False,0.0,old_waveform
30.0333033,-0.0978325636811656,True,True,False,0.0,old_waveform
30.0666366,-0.0340858555331672,True,True,False,0.0,old_waveform
30.0999699,0.0001945928952279,True,True,False,0.0,old_waveform
30.1333032,0.0333325564975577,True,True,False,0.0,old_waveform
30.1666365,0.0845769887346938,True,True,False,0.0,old_waveform
30.1999698,0.1613368351375677,True,True,False,0.0,old_waveform
30.2333031,0.2635409323204499,True,True,False,0.0,old_waveform
30.2666364,0.3874516807267945,True,True,False,0.0,old_waveform
30.2999697,0.5272925005691306,True,True,False,0.0,old_waveform
30.333303,0.6752038222092549,True,True,False,0.0,old_waveform
30.3666363,0.8173711279603593,True,True,False,0.0,old_waveform
30.3999696,0.9240689770654498,True,True,False,0.0,old_waveform
30.4333029,0.9422013158001612,True,True,False,0.0,old_waveform
30.4666362,0.8077468886075018,True,True,False,0.0,old_waveform
30.4999695,0.4802119235916768,True,True,False,0.0,old_waveform
30.5333028,-0.0237136513578128,True,True,False,0.0,old_waveform
30.5666361,-0.620746400286988,True,True,False,0.0,old_waveform
30.5999694,-1.1798385541706569,True,True,False,0.0,old_waveform
30.6333027,-1.560955236550684,True,True,False,0.0,old_waveform
30.666636,-1.664041301554422,True,True,False,0.0,old_waveform
30.6999693,-1.4727505355992592,True,True,False,0.0,old_waveform
30.7333026,-1.067948290364778,True,True,False,0.0,old_waveform
30.7666359,-0.5934999749011572,True,True,False,0.0,old_waveform
30.7999692,-0.1874508385290459,True,True,False,0.0,old_waveform
30.8333025,0.079873309366594,True,True,False,0.0,old_waveform
30.8666358,0.2219624319022191,True,True,False,0.0,old_waveform
30.8999691,0.3037986968898342,True,True,False,0.0,old_waveform
30.9333024,0.3939427761448049,True,True,False,0.0,old_waveform
30.9666357,0.531849863458566,True,True,False,0.0,old_waveform
30.999969,0.7163632352232573,True,True,False,0.0,old_waveform
31.0333023,0.9113433779659644,True,True,False,0.0,old_waveform
31.0666356,1.0652286701548848,True,True,False,0.0,old_waveform
31.0999689,1.1347680529156376,True,True,False,0.0,old_waveform
31.1333022,1.0993381382983132,True,True,False,0.0,old_waveform
31.1666355,0.9625563365103216,True,True,False,0.0,old_waveform
31.1999688,0.7475454465237926,True,True,False,0.0,old_waveform
31.2333021,0.4900372197059351,True,True,False,0.0,old_waveform
31.2666354,0.2289010169447163,True,True,False,0.0,old_waveform
31.2999687,-0.0065175483064777,True,True,False,0.0,old_waveform
31.333302,-0.2094662617332021,True,True,False,0.0,old_waveform
31.3666353,-0.3994176561115102,True,True,False,0.0,old_waveform
31.3999686,-0.6075735660763294,True,True,False,0.0,old_waveform
31.4333019,-0.8516975957676685,True,True,False,0.0,old_waveform
31.4666352,-1.1155194956896974,True,True,False,0.0,old_waveform
31.4999685,-1.3403362931438263,True,True,False,0.0,old_waveform
31.5333018,-1.4362960728156404,True,True,False,0.0,old_waveform
31.5666351,-1.3209681579978017,True,True,False,0.0,old_waveform
31.5999684,-0.9712002921511406,True,True,False,0.0,old_waveform
31.6333017,-0.4538922226838798,True,True,False,0.0,old_waveform
31.666635,0.0883628876651977,True,True,False,0.0,old_waveform
31.6999683,0.4950779922298087,True,True,False,0.0,old_waveform
31.7333016,0.6652509764647848,True,True,False,0.0,old_waveform
31.7666349,0.6111189603127025,True,True,False,0.0,old_waveform
31.7999682,0.4466659121934952,True,True,False,0.0,old_waveform
31.8333015,0.3129414783792063,True,True,False,0.0,old_waveform
31.8666348,0.2950212036759908,True,True,False,0.0,old_waveform
31.8999681,0.3886240755077784,True,True,False,0.0,old_waveform
31.9333014,0.5273479511969872,True,True,False,0.0,old_waveform
31.9666347,0.6366909796318141,True,True,False,0.0,old_waveform
31.999968,0.6725763284843258,True,True,False,0.0,old_waveform
32.0333013,0.6271589392313209,True,True,False,0.0,old_waveform
32.0666346,0.514816272123629,True,True,False,0.0,old_waveform
32.0999679,0.3586191982979632,True,True,False,0.0,old_waveform
32.1333012,0.1833071103662639,True,True,False,0.0,old_waveform
32.1666345,0.0096715535040006,True,True,False,0.0,old_waveform
32.1999678,-0.1491976917611416,True,True,False,0.0,old_waveform
32.2333011,-0.285527388476452,True,True,False,0.0,old_waveform
32.2666344,-0.3927469597273853,True,True,False,0.0,old_waveform
32.2999677,-0.4684550316897913,True,True,False,0.0,old_waveform
32.333301,-0.5204681862552121,True,True,False,0.0,old_waveform
32.3666343,-0.56160860493515,True,True,False,0.0,old_waveform
32.3999676,-0.5910210568294817,True,True,False,0.0,old_waveform
32.4333009,-0.5809377774487455,True,True,False,0.0,old_waveform
32.4666342,-0.4879005300519309,True,True,False,0.0,old_waveform
32.4999675,-0.2827717070186195,True,True,False,0.0,old_waveform
32.5333008,0.0231782226860772,True,True,False,0.0,old_waveform
32.5666341,0.3723313349213184,True,True,False,0.0,old_waveform
32.5999674,0.6791580256760775,True,True,False,0.0,old_waveform
32.6333007,0.8652879135598532,True,True,False,0.0,old_waveform
32.666633999999995,0.8913557592175683,True,True,False,0.0,old_waveform
32.6999673,0.7697089125272955,True,True,False,0.0,old_waveform
32.7333006,0.5573413155318016,True,True,False,0.0,old_waveform
32.766633899999995,0.3326167756651818,True,True,False,0.0,old_waveform
32.7999672,0.1594993583967725,True,True,False,0.0,old_waveform
32.8333005,0.0553899229716753,True,True,False,0.0,old_waveform
32.866633799999995,-0.01363985194144,True,True,False,0.0,old_waveform
32.8999671,-0.1037050751477686,True,True,False,0.0,old_waveform
32.9333004,-0.250084243910691,True,True,False,0.0,old_waveform
32.9666337,-0.4407916985378581,True,True,False,0.0,old_waveform
32.999967,-0.6267518603534031,True,True,False,0.0,old_waveform
33.0333003,-0.7618594597159204,True,True,False,0.0,old_waveform
33.0666336,-0.8379381509085029,True,True,False,0.0,old_waveform
33.0999669,-0.8795012997494374,True,True,False,0.0,old_waveform
33.1333002,-0.9023100424771112,True,True,False,0.0,old_waveform
33.1666335,-0.8783997548188919,True,True,False,0.0,old_waveform
33.1999668,-0.7426222322346395,True,True,False,0.0,old_waveform
33.2333001,-0.4359995190798154,True,True,False,0.0,old_waveform
33.2666334,0.046551266853632,True,True,False,0.0,old_waveform
33.2999667,0.6358122133758877,True,True,False,0.0,old_waveform
33.3333,1.2064321465567376,True,True,False,0.0,old_waveform
33.3666333,1.6204535886405522,True,True,False,0.0,old_waveform
33.3999666,1.7738867348100948,True,True,False,0.0,old_waveform
33.4332999,1.631432673558456,True,True,False,0.0,old_waveform
33.4666332,1.2400014721552135,True,True,False,0.0,old_waveform
33.4999665,0.7146883999564173,True,True,False,0.0,old_waveform
33.5332998,0.2005867256807484,True,True,False,0.0,old_waveform
33.5666331,-0.1774133083363741,True,True,False,0.0,old_waveform
33.5999664,-0.3587466078603634,True,True,False,0.0,old_waveform
33.633299699999995,-0.362030296488318,True,True,False,0.0,old_waveform
33.666633,-0.2596210795604503,True,True,False,0.0,old_waveform
33.6999663,-0.1316256075463367,True,True,False,0.0,old_waveform
33.733299599999995,-0.0354230837752439,True,True,False,0.0,old_waveform
33.7666329,-0.0052284564945147,True,True,False,0.0,old_waveform
33.7999662,-0.061909463654963,True,True,False,0.0,old_waveform
33.833299499999995,-0.2101178192940862,True,True,False,0.0,old_waveform
33.8666328,-0.4262117330854392,True,True,False,0.0,old_waveform
33.8999661,-0.6563547212616482,True,True,False,0.0,old_waveform
33.9332994,-0.8335711080855281,True,True,False,0.0,old_waveform
33.9666327,-0.9039762095974344,True,True,False,0.0,old_waveform
33.999966,-0.8461525525408857,True,True,False,0.0,old_waveform
34.0332993,-0.6748267059845368,True,True,False,0.0,old_waveform
34.0666326,-0.4295457716594676,True,True,False,0.0,old_waveform
34.0999659,-0.1593230752479254,True,True,False,0.0,old_waveform
34.1332992,0.0855653175590035,True,True,False,0.0,old_waveform
34.1666325,0.2566784026418781,True,True,False,0.0,old_waveform
34.1999658,0.3121581557990708,True,True,False,0.0,old_waveform
34.2332991,0.2603971973212103,True,True,False,0.0,old_waveform
34.2666324,0.1191680076024113,True,True,False,0.0,old_waveform
34.2999657,-0.0406801535366587,True,True,False,0.0,old_waveform
34.333299,-0.1470298954263811,True,True,False,0.0,old_waveform
34.3666323,-0.152439900600734,True,True,False,0.0,old_waveform
34.3999656,-0.0652509065616518,True,True,False,0.0,old_waveform
34.4332989,0.1198376519329641,True,True,False,0.0,old_waveform
34.4666322,0.3026772764658616,True,True,False,0.0,old_waveform
34.499965499999995,0.4445719834132527,True,True,False,0.0,old_waveform
34.5332988,0.515591074904102,True,True,False,0.0,old_waveform
34.5666321,0.494606545418687,True,True,False,0.0,old_waveform
34.599965399999995,0.4490278981858664,True,True,False,0.0,old_waveform
34.6332987,0.3429775581065418,True,True,False,0.0,old_waveform
34.666632,0.2098307997244483,True,True,False,0.0,old_waveform
34.699965299999995,0.0644525898156189,True,True,False,0.0,old_waveform
34.7332986,-0.0776507257946838,True,True,False,0.0,old_waveform
34.7666319,-0.2022372911177613,True,True,False,0.0,old_waveform
34.799965199999995,-0.2974399869243546,True,True,False,0.0,old_waveform
34.8332985,-0.355022167460571,True,True,False,0.0,old_waveform
34.8666318,-0.3758545323845019,True,True,False,0.0,old_waveform
34.8999651,-0.3740187053151678,True,True,False,0.0,old_waveform
34.9332984,-0.3688497948552081,True,True,False,0.0,old_waveform
34.9666317,-0.3666116463615783,True,True,False,0.0,old_waveform
34.999965,-0.3470843389986114,True,True,False,0.0,old_waveform
35.0332983,-0.2696615149648972,True,True,False,0.0,old_waveform
35.0666316,-0.0992604565747702,True,True,False,0.0,old_waveform
35.0999649,0.1631159470382086,True,True,False,0.0,old_waveform
35.1332982,0.4668715607494426,True,True,False,0.0,old_waveform
35.1666315,0.7249769224454947,True,True,False,0.0,old_waveform
35.1999648,0.8492595886350909,True,True,False,0.0,old_waveform
35.2332981,0.7951293971673511,True,True,False,0.0,old_waveform
35.2666314,0.5898893973880279,True,True,False,0.0,old_waveform
35.2999647,0.3193772790324075,True,True,False,0.0,old_waveform
35.333298,0.0781623571799204,True,True,False,0.0,old_waveform
35.3666313,-0.0831144324071109,True,True,False,0.0,old_waveform
35.3999646,-0.1828400219443658,True,True,False,0.0,old_waveform
35.4332979,-0.2934895775376457,True,True,False,0.0,old_waveform
35.466631199999995,-0.4915292147477368,True,True,False,0.0,old_waveform
35.4999645,-0.7988687752499655,True,True,False,0.0,old_waveform
35.5332978,-1.1534671274874972,True,True,False,0.0,old_waveform
35.566631099999995,-1.4277806590179996,True,True,False,0.0,old_waveform
35.5999644,-1.484479766673773,True,True,False,0.0,old_waveform
35.6332977,-1.244069142092244,True,True,False,0.0,old_waveform
35.666630999999995,-0.7349898605689422,True,True,False,0.0,old_waveform
35.6999643,-0.0976288185216901,True,True,False,0.0,old_waveform
35.7332976,0.4707326088956401,True,True,False,0.0,old_waveform
35.7666309,0.8083472767228222,True,True,False,0.0,old_waveform
35.7999642,0.8666384044855743,True,True,False,0.0,old_waveform
35.8332975,0.7270219054554371,True,True,False,0.0,old_waveform
35.8666308,0.5502490985995898,True,True,False,0.0,old_waveform
35.8999641,0.4886791022194849,True,True,False,0.0,old_waveform
35.9332974,0.6069390496347592,True,True,False,0.0,old_waveform
35.9666307,0.8511354437420795,True,True,False,0.0,old_waveform
35.999964,1.081917756762755,True,True,False,0.0,old_waveform
36.0332973,1.1507697596526212,True,True,False,0.0,old_waveform
36.0666306,0.9736939082902236,True,True,False,0.0,old_waveform
36.0999639,0.5651299648177684,True,True,False,0.0,old_waveform
36.1332972,0.025801254902984,True,True,False,0.0,old_waveform
36.1666305,-0.500372835957603,True,True,False,0.0,old_waveform
36.1999638,-0.8809466773222362,True,True,False,0.0,old_waveform
36.2332971,-1.0440966153752662,True,True,False,0.0,old_waveform
36.2666304,-1.0028213593775928,True,True,False,0.0,old_waveform
36.2999637,-0.8416242271636343,True,True,False,0.0,old_waveform
36.333297,-0.6727622466173715,True,True,False,0.0,old_waveform
36.3666303,-0.5848247588861913,True,True,False,0.0,old_waveform
36.3999636,-0.6063393465495791,True,True,False,0.0,old_waveform
36.4332969,-0.6981816192962775,True,True,False,0.0,old_waveform
36.4666302,-0.7783322305273008,True,True,False,0.0,old_waveform
36.4999635,-0.7672585605343006,True,True,False,0.0,old_waveform
36.5332968,-0.6274635865811814,True,True,False,0.0,old_waveform
36.5666301,-0.3748550025223096,True,True,False,0.0,old_waveform
36.5999634,-0.062396112898952,True,True,False,0.0,old_waveform
36.6332967,0.2459007715082735,True,True,False,0.0,old_waveform
36.66663,0.4958118647858481,True,True,False,0.0,old_waveform
36.6999633,0.6565379038346121,True,True,False,0.0,old_waveform
36.7332966,0.728556562129102,True,True,False,0.0,old_waveform
36.7666299,0.7413938208372605,True,True,False,0.0,old_waveform
36.7999632,0.7360650554921693,True,True,False,0.0,old_waveform
36.8332965,0.7371188363862587,True,True,False,0.0,old_waveform
36.8666298,0.7330287333844845,True,True,False,0.0,old_waveform
36.8999631,0.684727830289314,True,True,False,0.0,old_waveform
36.9332964,0.5606542805805474,True,True,False,0.0,old_waveform
36.9666297,0.3694044754591983,True,True,False,0.0,old_waveform
36.999963,0.1608564913879063,True,True,False,0.0,old_waveform
37.0332963,-0.0030971823721613,True,True,False,0.0,old_waveform
37.0666296,-0.0847449756689132,True,True,False,0.0,old_waveform
37.0999629,-0.0942916725437141,True,True,False,0.0,old_waveform
37.1332962,-0.0888837053513978,True,True,False,0.0,old_waveform
37.1666295,-0.1418184351299009,True,True,False,0.0,old_waveform
37.1999628,-0.2945845809065356,True,True,False,0.0,old_waveform
37.2332961,-0.520167470755089,True,True,False,0.0,old_waveform
37.2666294,-0.7237912984319166,True,True,False,0.0,old_waveform
37.2999627,-0.7886138462741366,True,True,False,0.0,old_waveform
37.333296,-0.6435214947342174,True,True,False,0.0,old_waveform
37.3666293,-0.3092436400955444,True,True,False,0.0,old_waveform
37.3999626,0.1062626404429168,True,True,False,0.0,old_waveform
37.4332959,0.456668282061249,True,True,False,0.0,old_waveform
37.4666292,0.6205016694617662,True,True,False,0.0,old_waveform
37.4999625,0.557505256394409,True,True,False,0.0,old_waveform
37.5332958,0.2671517061996222,True,True,False,0.0,old_waveform
37.5666291,-0.1206779237789348,True,True,False,0.0,old_waveform
37.5999624,-0.486959537161986,True,True,False,0.0,old_waveform
37.6332957,-0.7117495128004253,True,True,False,0.0,old_waveform
37.666629,-0.7242016560912897,True,True,False,0.0,old_waveform
37.6999623,-0.5267349023682141,True,True,False,0.0,old_waveform
37.7332956,-0.1919093367738208,True,True,False,0.0,old_waveform
37.7666289,0.1681317928027544,True,True,False,0.0,old_waveform
37.7999622,0.4416204339772141,True,True,False,0.0,old_waveform
37.8332955,0.5501395573392884,True,True,False,0.0,old_waveform
37.8666288,0.4738361152896169,True,True,False,0.0,old_waveform
37.8999621,0.2628134647887521,True,True,False,0.0,old_waveform
37.9332954,0.0157114383652052,True,True,False,0.0,old_waveform
37.9666287,-0.1095067022957048,True,True,False,0.0,old_waveform
37.999962,-0.065752368697147,True,True,False,0.0,old_waveform
38.0332953,0.0925955691988966,True,True,False,0.0,old_waveform
38.0666286,0.3074021767456111,True,True,False,0.0,old_waveform
38.0999619,0.5034680899014111,True,True,False,0.0,old_waveform
38.1332952,0.6344803764025194,True,True,False,0.0,old_waveform
38.1666285,0.6819015131101427,True,True,False,0.0,old_waveform
38.1999618,0.6437038006984566,True,True,False,0.0,old_waveform
38.2332951,0.5269876945534743,True,True,False,0.0,old_waveform
38.2666284,0.3445736023776139,True,True,False,0.0,old_waveform
38.2999617,0.1099243916174762,True,True,False,0.0,old_waveform
38.333295,-0.1694993771622636,True,True,False,0.0,old_waveform
38.3666283,-0.4884667571672673,True,True,False,0.0,old_waveform
38.3999616,-0.8207271862597592,True,True,False,0.0,old_waveform
38.4332949,-1.0935306404607117,True,True,False,0.0,old_waveform
38.4666282,-1.194410521831315,True,True,False,0.0,old_waveform
38.4999615,-1.0226609946142202,True,True,False,0.0,old_waveform
38.5332948,-0.5570237091568062,True,True,False,0.0,old_waveform
38.5666281,0.1063595181668914,True,True,False,0.0,old_waveform
38.5999614,0.7749291570138894,True,True,False,0.0,old_waveform
38.6332947,1.2365592522103537,True,True,False,0.0,old_waveform
38.666628,1.3559768791603442,True,True,False,0.0,old_waveform
38.6999613,1.1344461887818142,True,True,False,0.0,old_waveform
38.7332946,0.6928203196329291,True,True,False,0.0,old_waveform
38.7666279,0.1887002357434614,True,True,False,0.0,old_waveform
38.7999612,-0.2751661587398147,True,True,False,0.0,old_waveform
38.8332945,-0.6870435893404626,True,True,False,0.0,old_waveform
38.8666278,-1.081693632446128,True,True,False,0.0,old_waveform
38.8999611,-1.451957975425056,True,True,False,0.0,old_waveform
38.9332944,-1.693644256696005,True,True,False,0.0,old_waveform
38.9666277,-1.641676505878653,True,True,False,0.0,old_waveform
38.999961,-1.1819050573588288,True,True,False,0.0,old_waveform
39.0332943,-0.3547715768382978,True,True,False,0.0,old_waveform
39.0666276,0.6316735037176787,True,True,False,0.0,old_waveform
39.0999609,1.504168531650384,True,True,False,0.0,old_waveform
39.1332942,2.016607617363048,True,True,False,0.0,old_waveform
39.1666275,2.0535121282899245,True,True,False,0.0,old_waveform
39.1999608,1.7322435503528657,True,True,False,0.0,old_waveform
39.2332941,1.190304068398787,True,True,False,0.0,old_waveform
39.2666274,0.6046543495436186,True,True,False,0.0,old_waveform
39.2999607,0.1524762585422435,True,True,False,0.0,old_waveform
39.333294,-0.0051135970722883,True,True,False,0.0,old_waveform
39.3666273,0.0520602057742088,True,True,False,0.0,old_waveform
39.3999606,0.2386237270455085,True,True,False,0.0,old_waveform
39.4332939,0.3769159861156032,True,True,False,0.0,old_waveform
39.4666272,0.3206741816512436,True,True,False,0.0,old_waveform
39.4999605,0.0302328072679249,True,True,False,0.0,old_waveform
39.5332938,-0.4149212306719491,True,True,False,0.0,old_waveform
39.5666271,-0.8679267371518732,True,True,False,0.0,old_waveform
39.5999604,-1.1910186952302153,True,True,False,0.0,old_waveform
39.6332937,-1.3085970006776388,True,True,False,0.0,old_waveform
39.666627,-1.2177408894385422,True,True,False,0.0,old_waveform
39.6999603,-0.9685107833960418,True,True,False,0.0,old_waveform
39.7332936,-0.6567385759661672,True,True,False,0.0,old_waveform
39.7666269,-0.3110927129522343,True,True,False,0.0,old_waveform
39.7999602,0.0338084378956137,True,True,False,0.0,old_waveform
39.8332935,0.3441945050678448,True,True,False,0.0,old_waveform
39.8666268,0.5762624862253815,True,True,False,0.0,old_waveform
39.8999601,0.7853042115151254,True,True,False,0.0,old_waveform
39.9332934,0.9465069860891284,True,True,False,0.0,old_waveform
39.9666267,1.0265805087714528,True,True,False,0.0,old_waveform
39.99996,0.983603738518968,True,True,False,0.0,old_waveform
40.0332933,0.7942749064515671,True,True,False,0.0,old_waveform
40.0666266,0.4812122017166311,True,True,False,0.0,old_waveform
40.0999599,0.1131520820299402,True,True,False,0.0,old_waveform
40.1332932,-0.2728690323352245,True,True,False,0.0,old_waveform
40.1666265,-0.6194719971108654,True,True,False,0.0,old_waveform
40.1999598,-0.8993100714892164,True,True,False,0.0,old_waveform
40.2332931,-1.0547480623822547,True,True,False,0.0,old_waveform
40.2666264,-1.065625788888545,True,True,False,0.0,old_waveform
40.2999597,-0.928315686311292,True,True,False,0.0,old_waveform
40.333293,-0.6422112760156391,True,True,False,0.0,old_waveform
40.3666263,-0.2455870936621246,True,True,False,0.0,old_waveform
40.3999596,0.1799926388359806,True,True,False,0.0,old_waveform
40.4332929,0.5338273553902212,True,True,False,0.0,old_waveform
40.4666262,0.7389414214565891,True,True,False,0.0,old_waveform
40.4999595,0.7784661411604186,True,True,False,0.0,old_waveform
40.5332928,0.7024603663276289,True,True,False,0.0,old_waveform
40.5666261,0.6003080241181276,True,True,False,0.0,old_waveform
40.5999594,0.5547248112627801,True,True,False,0.0,old_waveform
40.6332927,0.6022919699269501,True,True,False,0.0,old_waveform
40.666626,0.718530428176617,True,True,False,0.0,old_waveform
40.6999593,0.8322467679549415,True,True,False,0.0,old_waveform
40.7332926,0.8639816458228678,True,True,False,0.0,old_waveform
40.7666259,0.7723215623788133,True,True,False,0.0,old_waveform
40.7999592,0.5779655441709288,True,True,False,0.0,old_waveform
40.8332925,0.3430423150049048,True,True,False,0.0,old_waveform
40.8666258,0.1227084217242053,True,True,False,0.0,old_waveform
40.8999591,-0.0669854268264932,True,True,False,0.0,old_waveform
40.9332924,-0.2441659726764555,True,True,False,0.0,old_waveform
40.9666257,-0.4363873860065059,True,True,False,0.0,old_waveform
40.999959,-0.6591243014291696,True,True,False,0.0,old_waveform
41.0332923,-0.905844973828978,True,True,False,0.0,old_waveform
41.0666256,-1.149834915008166,True,True,False,0.0,old_waveform
41.0999589,-1.353867239114933,True,True,False,0.0,old_waveform
41.1332922,-1.4799623463368092,True,True,False,0.0,old_waveform
41.1666255,-1.4955082774935635,True,True,False,0.0,old_waveform
41.1999588,-1.3789435621561603,True,True,False,0.0,old_waveform
41.2332921,-1.125829396188708,True,True,False,0.0,old_waveform
41.2666254,-0.7509310603346829,True,True,False,0.0,old_waveform
41.2999587,-0.2864332214359506,True,True,False,0.0,old_waveform
41.333292,0.2190736059935558,True,True,False,0.0,old_waveform
41.3666253,0.7042138494498823,True,True,False,0.0,old_waveform
41.3999586,1.108769706998885,True,True,False,0.0,old_waveform
41.4332919,1.3921574624139346,True,True,False,0.0,old_waveform
41.4666252,1.541454318966476,True,True,False,0.0,old_waveform
41.4999585,1.566410485192126,True,True,False,0.0,old_waveform
41.5332918,1.491311086931545,True,True,False,0.0,old_waveform
41.5666251,1.346967899333481,True,True,False,0.0,old_waveform
41.5999584,1.1581636505057031,True,True,False,0.0,old_waveform
41.6332917,0.931369517647404,True,True,False,0.0,old_waveform
41.666625,0.6560927884538461,True,True,False,0.0,old_waveform
41.6999583,0.3208236451792551,True,True,False,0.0,old_waveform
41.7332916,-0.0676628450115244,True,True,False,0.0,old_waveform
41.7666249,-0.4685146160755107,True,True,False,0.0,old_waveform
41.7999582,-0.8033802205596913,True,True,False,0.0,old_waveform
41.8332915,-0.9823468141594732,True,True,False,0.0,old_waveform
41.8666248,-0.9558356459998189,True,True,False,0.0,old_waveform
41.8999581,-0.7537386544072525,True,True,False,0.0,old_waveform
41.9332914,-0.4765179433108562,True,True,False,0.0,old_waveform
41.9666247,-0.2450446754891851,True,True,False,0.0,old_waveform
41.999958,-0.1447566348532342,True,True,False,0.0,old_waveform
42.0332913,-0.1928705369216082,True,True,False,0.0,old_waveform
42.0666246,-0.337557201052181,True,True,False,0.0,old_waveform
42.0999579,-0.4860911086217192,True,True,False,0.0,old_waveform
42.1332912,-0.5458592267275961,True,True,False,0.0,old_waveform
42.1666245,-0.4586776372708937,True,True,False,0.0,old_waveform
42.1999578,-0.217929886133568,True,True,False,0.0,old_waveform
42.2332911,0.1327534692498044,True,True,False,0.0,old_waveform
42.2666244,0.5178911847750816,True,True,False,0.0,old_waveform
42.2999577,0.8429067954973093,True,True,False,0.0,old_waveform
42.333291,1.0850336901434523,True,True,False,0.0,old_waveform
42.3666243,1.1647500645968558,True,True,False,0.0,old_waveform
42.3999576,1.059182309906428,True,True,False,0.0,old_waveform
42.4332909,0.7623126021470403,True,True,False,0.0,old_waveform
42.4666242,0.300214400720375,True,True,False,0.0,old_waveform
42.4999575,-0.2506764195321572,True,True,False,0.0,old_waveform
42.5332908,-0.7710280084528363,True,True,False,0.0,old_waveform
42.5666241,-1.1370050910079224,True,True,False,0.0,old_waveform
42.5999574,-1.268492633546822,True,True,False,0.0,old_waveform
42.6332907,-1.1562655213963229,True,True,False,0.0,old_waveform
42.666624,-0.8570799710495038,True,True,False,0.0,old_waveform
42.6999573,-0.4668037404437143,True,True,False,0.0,old_waveform
42.7332906,-0.0852548861090388,True,True,False,0.0,old_waveform
42.7666239,0.2162547192328575,True,True,False,0.0,old_waveform
42.7999572,0.4134037672141759,True,True,False,0.0,old_waveform
42.8332905,0.5259518733085234,True,True,False,0.0,old_waveform
42.8666238,0.5958117620583931,True,True,False,0.0,old_waveform
42.8999571,0.6582972447618046,True,True,False,0.0,old_waveform
42.9332904,0.7231210701537137,True,True,False,0.0,old_waveform
42.9666237,0.774358534488537,True,True,False,0.0,old_waveform
42.999957,0.7835940288721931,True,True,False,0.0,old_waveform
43.0332903,0.7245284638321162,True,True,False,0.0,old_waveform
43.0666236,0.5837035971124975,True,True,False,0.0,old_waveform
43.0999569,0.3680411706716905,True,True,False,0.0,old_waveform
43.1332902,0.1051494270875645,True,True,False,0.0,old_waveform
43.1666235,-0.1648280067526321,True,True,False,0.0,old_waveform
43.1999568,-0.4011392762618985,True,True,False,0.0,old_waveform
43.2332901,-0.5741093447275313,True,True,False,0.0,old_waveform
43.2666234,-0.6721286270342826,True,True,False,0.0,old_waveform
43.2999567,-0.6982408246339145,True,True,False,0.0,old_waveform
43.33329,-0.6581755001108007,True,True,False,0.0,old_waveform
43.3666233,-0.5519022538806108,True,True,False,0.0,old_waveform
43.3999566,-0.3784195516402855,True,True,False,0.0,old_waveform
43.4332899,-0.1510276094943873,True,True,False,0.0,old_waveform
43.4666232,0.0893079292907989,True,True,False,0.0,old_waveform
43.4999565,0.276790150081354,True,True,False,0.0,old_waveform
43.5332898,0.3454625451398941,True,True,False,0.0,old_waveform
43.5666231,0.2649378267729398,True,True,False,0.0,old_waveform
43.5999564,0.0659876872769827,True,True,False,0.0,old_waveform
43.6332897,-0.1620583559584223,True,True,False,0.0,old_waveform
43.666623,-0.3060756414400606,True,True,False,0.0,old_waveform
43.6999563,-0.2814892171727784,True,True,False,0.0,old_waveform
43.7332896,-0.0753783967082837,True,True,False,0.0,old_waveform
43.7666229,0.2452577542799628,True,True,False,0.0,old_waveform
43.7999562,0.5679756949670416,True,True,False,0.0,old_waveform
43.8332895,0.7906276540594652,True,True,False,0.0,old_waveform
43.8666228,0.8614373189886209,True,True,False,0.0,old_waveform
43.8999561,0.7839271647567834,True,True,False,0.0,old_waveform
43.9332894,0.5968856407582593,True,True,False,0.0,old_waveform
43.9666227,0.3505003815322667,True,True,False,0.0,old_waveform
43.999956,,False,False,False,0.0,missing
44.0332893,,False,False,False,0.0,missing
44.0666226,,False,False,False,0.0,missing
44.0999559,,False,False,False,0.0,missing
44.1332892,,False,False,False,0.0,missing
44.1666225,,False,False,False,0.0,missing
44.1999558,,False,False,False,0.0,missing
44.2332891,,False,False,False,0.0,missing
44.2666224,,False,False,False,0.0,missing
44.2999557,,False,False,False,0.0,missing
44.333289,,False,False,False,0.0,missing
44.3666223,,False,False,False,0.0,missing
44.3999556,,False,False,False,0.0,missing
44.4332889,,False,False,False,0.0,missing
44.4666222,,False,False,False,0.0,missing
44.4999555,,False,False,False,0.0,missing
44.5332888,,False,False,False,0.0,missing
44.5666221,,False,False,False,0.0,missing
44.5999554,,False,False,False,0.0,missing
44.6332887,,False,False,False,0.0,missing
44.666622,,False,False,False,0.0,missing
44.6999553,,False,False,False,0.0,missing
44.7332886,,False,False,False,0.0,missing
44.7666219,,False,False,False,0.0,missing
44.7999552,,False,False,False,0.0,missing
44.8332885,,False,False,False,0.0,missing
44.8666218,,False,False,False,0.0,missing
44.8999551,,False,False,False,0.0,missing
44.9332884,,False,False,False,0.0,missing
44.9666217,,False,False,False,0.0,missing
44.999955,,False,False,False,0.0,missing
45.0332883,,False,False,False,0.0,missing
45.0666216,,False,False,False,0.0,missing
45.0999549,,False,False,False,0.0,missing
45.1332882,,False,False,False,0.0,missing
45.1666215,,False,False,False,0.0,missing
45.1999548,,False,False,False,0.0,missing
45.2332881,,False,False,False,0.0,missing
45.2666214,,False,False,False,0.0,missing
45.2999547,,False,False,False,0.0,missing
45.333288,,False,False,False,0.0,missing
45.3666213,,False,False,False,0.0,missing
45.3999546,,False,False,False,0.0,missing
45.4332879,,False,False,False,0.0,missing
45.4666212,,False,False,False,0.0,missing
45.4999545,,False,False,False,0.0,missing
45.5332878,,False,False,False,0.0,missing
45.5666211,,False,False,False,0.0,missing
45.5999544,,False,False,False,0.0,missing
45.6332877,,False,False,False,0.0,missing
45.666621,,False,False,False,0.0,missing
45.6999543,,False,False,False,0.0,missing
45.7332876,,False,False,False,0.0,missing
45.7666209,,False,False,False,0.0,missing
45.7999542,,False,False,False,0.0,missing
45.8332875,,False,False,False,0.0,missing
45.8666208,,False,False,False,0.0,missing
45.8999541,,False,False,False,0.0,missing
45.9332874,,False,False,False,0.0,missing
45.9666207,,False,False,False,0.0,missing
45.999954,,False,False,False,0.0,missing
46.0332873,,False,False,False,0.0,missing
46.0666206,,False,False,False,0.0,missing
46.0999539,,False,False,False,0.0,missing
46.1332872,,False,False,False,0.0,missing
46.1666205,,False,False,False,0.0,missing
46.1999538,,False,False,False,0.0,missing
46.2332871,,False,False,False,0.0,missing
46.2666204,,False,False,False,0.0,missing
46.2999537,,False,False,False,0.0,missing
46.333287,,False,False,False,0.0,missing
46.3666203,,False,False,False,0.0,missing
46.3999536,,False,False,False,0.0,missing
