window_index,time_s,window_start_s,window_end_s,accepted,ridge_bpm,raw_estimate_bpm,status,hr_source,aggregation_mode,eligible_patches,eligible_regions,contributing_patches,contributing_regions,waveform_generated,selected_channels_json,region_medians_json,estimate_near_contributor_peak,region_median_spread_bpm,selected_cluster_score
0,4.999995,0.0,9.99999,False,,,insufficient_regions,spatial_aggregation_of_saved_patch_BVP,psd_cluster,0,0,0,0,False,[],{},False,,
1,5.999994,0.999999,10.999989,False,,,insufficient_regions,spatial_aggregation_of_saved_patch_BVP,psd_cluster,0,0,0,0,False,[],{},False,,
2,6.999993,1.999998,11.999988,False,,,insufficient_regions,spatial_aggregation_of_saved_patch_BVP,psd_cluster,0,0,0,0,False,[],{},False,,
3,7.999992,2.999997,12.999986999999999,True,185.0,185.0,accepted,spatial_aggregation_of_saved_patch_BVP,psd_cluster,11,3,7,3,True,"[""baseline/forehead_0/pos"", ""baseline/forehead_1/pos"", ""baseline/forehead_2/pos"", ""baseline/forehead_3/pos"", ""baseline/left_cheek_0/pos"", ""baseline/left_cheek_3/pos"", ""baseline/right_cheek_2/pos""]","{""forehead"": 185.0, ""left_cheek"": 185.5, ""right_cheek"": 185.0}",True,0.5,0.27246429429159036
4,8.999991,3.999996,13.999986,True,184.0,184.0,accepted,spatial_aggregation_of_saved_patch_BVP,psd_cluster,11,3,8,3,True,"[""baseline/forehead_0/chrom"", ""baseline/forehead_1/pos"", ""baseline/forehead_2/pos"", ""baseline/forehead_3/pos"", ""baseline/left_cheek_0/pos"", ""baseline/left_cheek_2/pos"", ""baseline/left_cheek_3/pos"", ""baseline/right_cheek_2/pos""]","{""forehead"": 184.0, ""left_cheek"": 184.0, ""right_cheek"": 184.0}",True,0.0,0.2726436875122847
5,9.99999,4.999995,14.999984999999999,True,183.0,183.0,accepted,spatial_aggregation_of_saved_patch_BVP,psd_cluster,11,3,9,3,True,"[""baseline/forehead_0/chrom"", ""baseline/forehead_1/pos"", ""baseline/forehead_2/pos"", ""baseline/forehead_3/pos"", ""baseline/left_cheek_0/pos"", ""baseline/left_cheek_1/chrom"", ""baseline/left_cheek_2/pos"", ""baseline/left_cheek_3/pos"", ""baseline/right_cheek_2/pos""]","{""forehead"": 183.0, ""left_cheek"": 182.5, ""right_cheek"": 183.0}",True,0.5,0.27869866643877966
6,10.999989,5.999994,15.999984,True,183.0,183.0,accepted,spatial_aggregation_of_saved_patch_BVP,psd_cluster,11,3,8,3,True,"[""baseline/forehead_0/chrom"", ""baseline/forehead_2/pos"", ""baseline/forehead_3/pos"", ""baseline/left_cheek_0/pos"", ""baseline/left_cheek_1/chrom"", ""baseline/left_cheek_2/pos"", ""baseline/left_cheek_3/pos"", ""baseline/right_cheek_2/pos""]","{""forehead"": 183.0, ""left_cheek"": 182.0, ""right_cheek"": 183.0}",True,1.0,0.2756755122355808
7,11.999988,6.999993,16.999983,True,183.5,183.5,accepted,spatial_aggregation_of_saved_patch_BVP,psd_cluster,11,3,6,3,True,"[""baseline/forehead_0/chrom"", ""baseline/forehead_2/pos"", ""baseline/forehead_3/pos"", ""baseline/left_cheek_1/chrom"", ""baseline/left_cheek_3/pos"", ""baseline/right_cheek_2/pos""]","{""forehead"": 184.0, ""left_cheek"": 183.5, ""right_cheek"": 183.0}",True,1.0,0.2666783936677188
8,12.999986999999999,7.999992,17.999982,True,184.0,184.0,accepted,spatial_aggregation_of_saved_patch_BVP,psd_cluster,10,3,5,3,True,"[""baseline/forehead_0/chrom"", ""baseline/forehead_2/pos"", ""baseline/forehead_3/pos"", ""baseline/left_cheek_3/chrom"", ""baseline/right_cheek_2/pos""]","{""forehead"": 185.0, ""left_cheek"": 184.0, ""right_cheek"": 184.0}",True,1.0,0.25323221832138393
9,13.999986,8.999991,18.999981,True,185.0,185.0,accepted,spatial_aggregation_of_saved_patch_BVP,psd_cluster,10,3,5,3,True,"[""baseline/forehead_0/chrom"", ""baseline/forehead_2/pos"", ""baseline/forehead_3/pos"", ""baseline/left_cheek_3/chrom"", ""baseline/right_cheek_2/pos""]","{""forehead"": 187.0, ""left_cheek"": 185.0, ""right_cheek"": 184.0}",True,3.0,0.2549653718482935
10,14.999984999999999,9.99999,19.99998,True,186.0,186.0,accepted,spatial_aggregation_of_saved_patch_BVP,psd_cluster,10,3,5,3,True,"[""baseline/forehead_0/chrom"", ""baseline/forehead_3/pos"", ""baseline/left_cheek_0/pos"", ""baseline/left_cheek_3/chrom"", ""baseline/right_cheek_2/pos""]","{""forehead"": 187.0, ""left_cheek"": 186.0, ""right_cheek"": 185.0}",True,2.0,0.22847722129905268
11,15.999984,10.999989,20.999979,True,185.75,185.75,accepted,spatial_aggregation_of_saved_patch_BVP,psd_cluster,10,3,3,2,True,"[""baseline/forehead_0/chrom"", ""baseline/left_cheek_0/pos"", ""baseline/left_cheek_3/chrom""]","{""forehead"": 186.0, ""left_cheek"": 185.5}",True,0.5,0.16855085335676132
12,16.999983,11.999988,21.999978,True,185.0,185.0,accepted,spatial_aggregation_of_saved_patch_BVP,psd_cluster,10,3,3,2,True,"[""baseline/forehead_0/chrom"", ""baseline/left_cheek_0/pos"", ""baseline/left_cheek_3/chrom""]","{""forehead"": 185.0, ""left_cheek"": 185.0}",True,0.0,0.14457327580920956
13,17.999982,12.999986999999999,22.999976999999998,True,95.25,95.25,accepted,spatial_aggregation_of_saved_patch_BVP,psd_cluster,10,3,5,2,True,"[""baseline/forehead_1/pos"", ""baseline/forehead_2/chrom"", ""baseline/forehead_3/chrom"", ""baseline/right_cheek_0/pos"", ""baseline/right_cheek_1/pos""]","{""forehead"": 95.0, ""right_cheek"": 95.5}",True,0.5,0.14672639727095113
14,18.999981,13.999986,23.999976,True,95.25,95.25,accepted,spatial_aggregation_of_saved_patch_BVP,psd_cluster,10,3,5,2,True,"[""baseline/forehead_1/pos"", ""baseline/forehead_2/chrom"", ""baseline/forehead_3/pos"", ""baseline/right_cheek_0/pos"", ""baseline/right_cheek_1/pos""]","{""forehead"": 95.0, ""right_cheek"": 95.5}",True,0.5,0.1493384626843665
15,19.99998,14.999984999999999,24.999975,True,185.0,185.0,accepted,spatial_aggregation_of_saved_patch_BVP,psd_cluster,10,3,2,2,True,"[""baseline/forehead_0/chrom"", ""baseline/left_cheek_3/chrom""]","{""forehead"": 185.0, ""left_cheek"": 185.0}",True,0.0,0.09946711963008263
16,20.999979,15.999984,25.999973999999998,True,93.5,93.5,accepted,spatial_aggregation_of_saved_patch_BVP,psd_cluster,10,3,4,2,True,"[""baseline/forehead_3/pos"", ""baseline/right_cheek_0/pos"", ""baseline/right_cheek_1/pos"", ""baseline/right_cheek_2/chrom""]","{""forehead"": 95.0, ""right_cheek"": 92.0}",True,3.0,0.13721750501266056
17,21.999978,16.999983,26.999972999999997,False,,,no_multiregion_psd_cluster,spatial_aggregation_of_saved_patch_BVP,psd_cluster,10,3,0,0,False,[],{},False,,
18,22.999976999999998,17.999982,27.999972,True,93.75,93.75,accepted,spatial_aggregation_of_saved_patch_BVP,psd_cluster,10,3,3,2,True,"[""baseline/forehead_3/pos"", ""baseline/left_cheek_0/pos"", ""baseline/left_cheek_2/chrom""]","{""forehead"": 94.0, ""left_cheek"": 93.5}",True,0.5,0.07568960915359527
19,23.999976,18.999981,28.999971,True,92.5,92.5,accepted,spatial_aggregation_of_saved_patch_BVP,psd_cluster,10,3,2,2,True,"[""baseline/forehead_3/pos"", ""baseline/left_cheek_0/pos""]","{""forehead"": 93.0, ""left_cheek"": 92.0}",True,1.0,0.06987445236490623
20,24.999975,19.99998,29.999969999999998,True,186.5,186.5,accepted,spatial_aggregation_of_saved_patch_BVP,psd_cluster,10,3,2,2,True,"[""baseline/forehead_3/pos"", ""baseline/left_cheek_0/pos""]","{""forehead"": 187.0, ""left_cheek"": 186.0}",True,1.0,0.0652208186652462
21,25.999973999999998,20.999979,30.999969,True,186.5,186.5,accepted,spatial_aggregation_of_saved_patch_BVP,psd_cluster,10,3,3,2,True,"[""baseline/forehead_2/pos"", ""baseline/forehead_3/pos"", ""baseline/left_cheek_0/pos""]","{""forehead"": 187.0, ""left_cheek"": 186.0}",True,1.0,0.1043164907203658
22,26.999972999999997,21.999978,31.999968,True,186.25,186.25,accepted,spatial_aggregation_of_saved_patch_BVP,psd_cluster,10,3,5,2,True,"[""baseline/forehead_2/pos"", ""baseline/forehead_3/pos"", ""baseline/left_cheek_0/pos"", ""baseline/left_cheek_2/pos"", ""baseline/left_cheek_3/chrom""]","{""forehead"": 186.5, ""left_cheek"": 186.0}",True,0.5,0.15079098722501058
23,27.999972,22.999976999999998,32.999967,True,186.5,186.5,accepted,spatial_aggregation_of_saved_patch_BVP,psd_cluster,10,3,5,2,True,"[""baseline/forehead_2/pos"", ""baseline/forehead_3/pos"", ""baseline/left_cheek_0/pos"", ""baseline/left_cheek_2/pos"", ""baseline/left_cheek_3/chrom""]","{""forehead"": 186.0, ""left_cheek"": 187.0}",True,1.0,0.1351963381667652
24,28.999971,23.999976,33.999966,True,187.5,187.5,accepted,spatial_aggregation_of_saved_patch_BVP,psd_cluster,10,3,2,2,True,"[""baseline/forehead_2/pos"", ""baseline/left_cheek_3/chrom""]","{""forehead"": 187.0, ""left_cheek"": 188.0}",True,1.0,0.14688085553402805
25,29.999969999999998,24.999975,34.999964999999996,True,188.5,188.5,accepted,spatial_aggregation_of_saved_patch_BVP,psd_cluster,10,3,2,2,True,"[""baseline/forehead_2/pos"", ""baseline/left_cheek_3/chrom""]","{""forehead"": 188.0, ""left_cheek"": 189.0}",True,1.0,0.11848602201284099
26,30.999969,25.999973999999998,35.999964,True,170.75,170.75,accepted,spatial_aggregation_of_saved_patch_BVP,psd_cluster,10,3,3,2,True,"[""baseline/forehead_0/chrom"", ""baseline/forehead_2/pos"", ""baseline/left_cheek_3/chrom""]","{""forehead"": 151.5, ""left_cheek"": 190.0}",False,38.5,0.08494913124487191
27,31.999968,26.999972999999997,36.999963,True,54.25,54.25,accepted,spatial_aggregation_of_saved_patch_BVP,psd_cluster,10,3,3,2,True,"[""baseline/forehead_1/pos"", ""baseline/forehead_3/pos"", ""baseline/left_cheek_2/chrom""]","{""forehead"": 54.5, ""left_cheek"": 54.0}",True,0.5,0.0860288314504702
28,32.999967,27.999972,37.999962,False,,,no_multiregion_psd_cluster,spatial_aggregation_of_saved_patch_BVP,psd_cluster,10,3,0,0,False,[],{},False,,
29,33.999966,28.999971,38.999961,True,192.0,192.0,accepted,spatial_aggregation_of_saved_patch_BVP,psd_cluster,10,3,2,2,True,"[""baseline/forehead_1/chrom"", ""baseline/left_cheek_2/pos""]","{""forehead"": 193.0, ""left_cheek"": 191.0}",True,2.0,0.10374611473576083
30,34.999964999999996,29.999969999999998,39.99996,True,191.5,191.5,accepted,spatial_aggregation_of_saved_patch_BVP,psd_cluster,10,3,5,2,True,"[""baseline/forehead_0/chrom"", ""baseline/forehead_1/chrom"", ""baseline/left_cheek_0/pos"", ""baseline/left_cheek_2/pos"", ""baseline/left_cheek_3/pos""]","{""forehead"": 192.0, ""left_cheek"": 191.0}",True,1.0,0.13456075196326825
31,35.999964,30.999969,40.999959,True,191.0,191.0,accepted,spatial_aggregation_of_saved_patch_BVP,psd_cluster,10,3,4,2,True,"[""baseline/forehead_0/chrom"", ""baseline/left_cheek_0/pos"", ""baseline/left_cheek_2/pos"", ""baseline/left_cheek_3/pos""]","{""forehead"": 191.0, ""left_cheek"": 191.0}",True,0.0,0.1518351188544286
32,36.999963,31.999968,41.999958,True,191.0,191.0,accepted,spatial_aggregation_of_saved_patch_BVP,psd_cluster,10,3,4,2,True,"[""baseline/forehead_0/chrom"", ""baseline/left_cheek_0/pos"", ""baseline/left_cheek_2/pos"", ""baseline/left_cheek_3/pos""]","{""forehead"": 191.0, ""left_cheek"": 191.0}",True,0.0,0.14734023470505683
33,37.999962,32.999967,42.999956999999995,True,96.0,96.0,accepted,spatial_aggregation_of_saved_patch_BVP,psd_cluster,10,3,2,2,True,"[""baseline/forehead_2/chrom"", ""baseline/right_cheek_0/pos""]","{""forehead"": 97.0, ""right_cheek"": 95.0}",True,2.0,0.13892213819042806
34,38.999961,33.999966,43.999956,True,187.5,187.5,accepted,spatial_aggregation_of_saved_patch_BVP,psd_cluster,10,3,4,2,True,"[""baseline/left_cheek_0/pos"", ""baseline/left_cheek_2/pos"", ""baseline/left_cheek_3/chrom"", ""baseline/right_cheek_2/pos""]","{""left_cheek"": 188.0, ""right_cheek"": 187.0}",True,1.0,0.17260603681348832
35,39.99996,34.999964999999996,44.999955,True,187.0,187.0,accepted,spatial_aggregation_of_saved_patch_BVP,psd_cluster,10,3,4,3,True,"[""baseline/forehead_1/chrom"", ""baseline/left_cheek_0/pos"", ""baseline/left_cheek_3/chrom"", ""baseline/right_cheek_2/pos""]","{""forehead"": 187.0, ""left_cheek"": 187.0, ""right_cheek"": 187.0}",True,0.0,0.25040990583696443
36,40.999959,35.999964,45.999953999999995,True,187.0,187.0,accepted,spatial_aggregation_of_saved_patch_BVP,psd_cluster,10,3,7,3,True,"[""baseline/forehead_1/chrom"", ""baseline/forehead_2/pos"", ""baseline/forehead_3/pos"", ""baseline/left_cheek_0/pos"", ""baseline/left_cheek_2/pos"", ""baseline/left_cheek_3/chrom"", ""baseline/right_cheek_2/pos""]","{""forehead"": 186.0, ""left_cheek"": 187.0, ""right_cheek"": 187.0}",True,1.0,0.24021169231823966
37,41.999958,36.999963,46.999953,True,187.0,187.0,accepted,spatial_aggregation_of_saved_patch_BVP,psd_cluster,10,3,6,3,True,"[""baseline/forehead_1/chrom"", ""baseline/forehead_2/pos"", ""baseline/left_cheek_0/pos"", ""baseline/left_cheek_2/pos"", ""baseline/left_cheek_3/chrom"", ""baseline/right_cheek_2/pos""]","{""forehead"": 186.5, ""left_cheek"": 187.0, ""right_cheek"": 188.0}",True,1.5,0.2483960117387433
38,42.999956999999995,37.999962,47.999952,True,187.0,187.0,accepted,spatial_aggregation_of_saved_patch_BVP,psd_cluster,10,3,5,3,True,"[""baseline/forehead_1/chrom"", ""baseline/left_cheek_0/pos"", ""baseline/left_cheek_2/pos"", ""baseline/left_cheek_3/chrom"", ""baseline/right_cheek_2/pos""]","{""forehead"": 187.0, ""left_cheek"": 187.0, ""right_cheek"": 189.0}",True,2.0,0.2681593955123545
39,43.999956,38.999961,48.999950999999996,True,188.0,188.0,accepted,spatial_aggregation_of_saved_patch_BVP,psd_cluster,10,3,5,3,True,"[""baseline/forehead_1/chrom"", ""baseline/left_cheek_0/pos"", ""baseline/left_cheek_2/pos"", ""baseline/left_cheek_3/chrom"", ""baseline/right_cheek_2/pos""]","{""forehead"": 188.0, ""left_cheek"": 188.0, ""right_cheek"": 190.0}",True,2.0,0.2660837314926647
40,44.999955,39.99996,49.99995,True,188.0,188.0,accepted,spatial_aggregation_of_saved_patch_BVP,psd_cluster,10,3,4,3,True,"[""baseline/forehead_1/chrom"", ""baseline/left_cheek_0/pos"", ""baseline/left_cheek_3/chrom"", ""baseline/right_cheek_2/pos""]","{""forehead"": 187.0, ""left_cheek"": 188.0, ""right_cheek"": 190.0}",True,3.0,0.24946947255402632
41,45.999953999999995,40.999959,50.999949,False,,,insufficient_regions,spatial_aggregation_of_saved_patch_BVP,psd_cluster,0,0,0,0,False,[],{},False,,
