time_s,observed_fraction,interpolated_fraction,spectral_peak_bpm,peak_concentration,accepted,status,ridge_bpm,legacy_ridge_bpm,original_v28_accepted,original_v28_ridge_bpm,eligible,protected_window,protected_anchor_verified,legacy_gate_passed,readout_failure,evidence_local_bpm,evidence_score,evidence_runner_up_margin,evidence_selected_relative_power,evidence_selected_peak_bpm,evidence_selected_periodic_support,evidence_selected_motion_overlap,evidence_candidate_count,evidence_candidates_json,evidence_reacquired,evidence_tracker_state,evidence_motion_available,raw_spectral_peak_bpm,window_start_s,window_end_s,hr_source
4.99995,0.8,0.0,,,False,gap_or_filter_edge,,,False,,False,True,False,False,,,,,,,,,0,[],False,unavailable,False,,0.0,9.9999,saved_final_waveform_V28_evidence_DP_with_verified_V28_anchors
5.99994,0.9,0.0,,,False,gap_or_filter_edge,,,False,,False,True,False,False,,,,,,,,,0,[],False,unavailable,False,,0.9999899999999999,10.99989,saved_final_waveform_V28_evidence_DP_with_verified_V28_anchors
6.99993,1.0,0.0,74.0,0.7319725784035974,True,candidate_only,74.0,74.0,True,74.0,False,True,True,True,,74.0,1.1919343078444447,2.209336882417376,1.0,74.0,0.8980010564257078,0.01867321357213444,2,"[{""bpm"":74.0,""relative_power"":1.0,""peak_concentration"":0.7319725784035974,""prominence"":1.0,""period_correlation"":0.8985654430234812,""split_period_correlation"":0.8963078966323876,""periodic_support"":0.8980010564257078,""harmonic2_relative_power"":0.04206379019579844,""harmonic3_relative_power"":0.004088716138744953,""harmonic_support"":0.2274746627413341,""motion_profile"":0.01867321357213444,""motion_strength"":0.04946067035523118,""motion_reliability"":1.0,""motion_overlap"":0.01867321357213444,""motion_available"":true,""evidence_score"":1.1919343078444447,""supported_bpm"":[71.0,72.0,73.0,74.0,75.0,76.0,77.0],""supported_relative_power"":[0.5193851862206493,0.690817685945717,0.8622501856707848,1.0,0.9746150832468523,0.9492301664937048,0.9238452497405568]},{""bpm"":153.0,""relative_power"":0.059669740571033164,""peak_concentration"":0.038682615979020694,""prominence"":0.05829283011298089,""period_correlation"":-0.804166253148281,""split_period_correlation"":-0.7903759594076105,""periodic_support"":0.0,""harmonic2_relative_power"":5.7915994612757765e-05,""harmonic3_relative_power"":2.3764779502817015e-08,""harmonic_support"":0.0018721668181935222,""motion_profile"":0.026119324460758694,""motion_strength"":0.04946067035523118,""motion_reliability"":1.0,""motion_overlap"":0.026119324460758694,""motion_available"":true,""evidence_score"":-1.0174025745729314,""supported_bpm"":[151.0,152.0,153.0],""supported_relative_power"":[0.053240597623136716,0.056966200098916134,0.059669740571033164]}]",False,acquired,True,74.0,1.9999799999999999,11.99988,saved_final_waveform_V28_evidence_DP_with_verified_V28_anchors
7.9999199999999995,1.0,0.0,74.0,0.7207648883342322,True,candidate_only,74.0,74.0,True,74.0,False,True,True,True,,74.0,1.212435224221944,2.2155557476588106,1.0,74.0,0.8870099239670839,0.027794660067414885,2,"[{""bpm"":74.0,""relative_power"":1.0,""peak_concentration"":0.7207648883342322,""prominence"":1.0,""period_correlation"":0.8858622511466652,""split_period_correlation"":0.8904529424283398,""periodic_support"":0.8870099239670839,""harmonic2_relative_power"":0.06079856564453847,""harmonic3_relative_power"":0.005058859665116748,""harmonic_support"":0.2714676329424203,""motion_profile"":0.027794660067414885,""motion_strength"":0.05037538680776387,""motion_reliability"":1.0,""motion_overlap"":0.027794660067414885,""motion_available"":true,""evidence_score"":1.212435224221944,""supported_bpm"":[71.0,72.0,73.0,74.0,75.0,76.0,77.0],""supported_relative_power"":[0.5237210451734905,0.6944783087721361,0.8652355723707816,1.0,0.960440986734952,0.9208819734699042,0.8813229602048558]},{""bpm"":152.0,""relative_power"":0.06139966656066693,""peak_concentration"":0.05017336414580698,""prominence"":0.06083858400376968,""period_correlation"":-0.8145967184971505,""split_period_correlation"":-0.8160301742773818,""periodic_support"":0.0,""harmonic2_relative_power"":4.243050301980454e-05,""harmonic3_relative_power"":3.036677910408576e-08,""harmonic_support"":0.0016291819909285369,""motion_profile"":0.022501519495727557,""motion_strength"":0.05037538680776387,""motion_reliability"":1.0,""motion_overlap"":0.022501519495727557,""motion_available"":true,""evidence_score"":-1.0031205234368665,""supported_bpm"":[149.0,150.0,151.0,152.0,153.0,154.0],""supported_relative_power"":[0.06094884087357058,0.06109911610260269,0.06124939133163482,0.06139966656066693,0.06081588455991529,0.050294115457734344]}]",False,tracked,True,74.0,2.99997,12.99987,saved_final_waveform_V28_evidence_DP_with_verified_V28_anchors
8.99991,1.0,0.0,74.0,0.7130326191318686,True,candidate_only,74.0,74.0,True,74.0,False,True,True,True,,74.0,1.196935504157921,2.1458591703017458,1.0,74.0,0.8700204868842775,0.03986005621650742,2,"[{""bpm"":74.0,""relative_power"":1.0,""peak_concentration"":0.7130326191318686,""prominence"":1.0,""period_correlation"":0.8693450045497697,""split_period_correlation"":0.8720469338878005,""periodic_support"":0.8700204868842775,""harmonic2_relative_power"":0.07040410520217161,""harmonic3_relative_power"":0.004860208995024278,""harmonic_support"":0.28973803885585,""motion_profile"":0.03986005621650742,""motion_strength"":0.05039976674731013,""motion_reliability"":1.0,""motion_overlap"":0.03986005621650742,""motion_available"":true,""evidence_score"":1.196935504157921,""supported_bpm"":[71.0,72.0,73.0,74.0,75.0,76.0,77.0],""supported_relative_power"":[0.5698713588361931,0.7266579987100092,0.8834446385838254,1.0,0.921703949922274,0.8434078998445482,0.7651118497668213]},{""bpm"":148.0,""relative_power"":0.07040410520217161,""peak_concentration"":0.06311830148677394,""prominence"":0.06890564687146837,""period_correlation"":-0.8115947712322167,""split_period_correlation"":-0.8214721916035568,""periodic_support"":0.0,""harmonic2_relative_power"":9.618356587305462e-06,""harmonic3_relative_power"":1.5856742500325366e-08,""harmonic_support"":0.0008345987779471718,""motion_profile"":0.01682557454094479,""motion_strength"":0.05039976674731013,""motion_reliability"":1.0,""motion_overlap"":0.01682557454094479,""motion_available"":true,""evidence_score"":-0.9489236661438248,""supported_bpm"":[145.0,146.0,147.0,148.0,149.0,150.0,151.0],""supported_relative_power"":[0.05388694422510814,0.0604231767959856,0.06695940936686322,0.07040410520217161,0.06790797788114629,0.06541185056012096,0.06291572323909564]}]",False,tracked,True,74.0,3.9999599999999997,13.99986,saved_final_waveform_V28_evidence_DP_with_verified_V28_anchors
9.9999,1.0,0.0,74.0,0.7172104559610202,True,candidate_only,74.0,74.0,True,74.0,False,True,True,True,,74.0,1.164314814452878,2.162158875866232,1.0,74.0,0.8630223177479426,0.042216925070753517,2,"[{""bpm"":74.0,""relative_power"":1.0,""peak_concentration"":0.7172104559610202,""prominence"":1.0,""period_correlation"":0.8635370601735225,""split_period_correlation"":0.8614780904712027,""periodic_support"":0.8630223177479426,""harmonic2_relative_power"":0.060269659211019184,""harmonic3_relative_power"":0.004045913877329453,""harmonic_support"":0.2677614212685831,""motion_profile"":0.042216925070753517,""motion_strength"":0.05235758405023516,""motion_reliability"":1.0,""motion_overlap"":0.042216925070753517,""motion_available"":true,""evidence_score"":1.164314814452878,""supported_bpm"":[71.0,72.0,73.0,74.0,75.0,76.0,77.0],""supported_relative_power"":[0.6617170343102218,0.7886772440578345,0.9156374538054471,1.0,0.8780500652627098,0.7561001305254195,0.6341501957881275]},{""bpm"":147.0,""relative_power"":0.06041851866667463,""peak_concentration"":0.06248002359736406,""prominence"":0.059837492672147136,""period_correlation"":-0.8288844866566775,""split_period_correlation"":-0.8259501185588988,""periodic_support"":0.0,""harmonic2_relative_power"":1.8093904401094238e-05,""harmonic3_relative_power"":2.313441590945786e-08,""harmonic_support"":0.0010586506096727825,""motion_profile"":0.013313475852648405,""motion_strength"":0.05235758405023516,""motion_reliability"":1.0,""motion_overlap"":0.013313475852648405,""motion_available"":true,""evidence_score"":-0.9978440614133535,""supported_bpm"":[144.0,145.0,146.0,147.0,148.0,149.0,150.0],""supported_relative_power"":[0.05658088278976399,0.057860094748734194,0.05913930670770439,0.06041851866667463,0.060269659211019184,0.05737655944558633,0.05448345968015349]}]",False,tracked,True,74.0,4.99995,14.99985,saved_final_waveform_V28_evidence_DP_with_verified_V28_anchors
10.99989,1.0,0.0,74.0,0.7285447041283222,True,candidate_only,74.0,74.0,True,74.0,False,True,True,True,,74.0,1.0867096213407876,,1.0,74.0,0.841992656018244,0.04425222477664935,1,"[{""bpm"":74.0,""relative_power"":1.0,""peak_concentration"":0.7285447041283222,""prominence"":1.0,""period_correlation"":0.8412196123293949,""split_period_correlation"":0.8443117870847914,""periodic_support"":0.841992656018244,""harmonic2_relative_power"":0.0378194884424052,""harmonic3_relative_power"":0.003724712281065943,""harmonic_support"":0.21583298069153084,""motion_profile"":0.04425222477664935,""motion_strength"":0.05211630511984346,""motion_reliability"":1.0,""motion_overlap"":0.04425222477664935,""motion_available"":true,""evidence_score"":1.0867096213407876,""supported_bpm"":[71.0,72.0,73.0,74.0,75.0,76.0,77.0],""supported_relative_power"":[0.7708229618063257,0.8611039991336762,0.9513850364610268,1.0,0.8468144341915878,0.6936288683831757,0.5404433025747616]}]",False,tracked,True,74.0,5.99994,15.999839999999999,saved_final_waveform_V28_evidence_DP_with_verified_V28_anchors
11.99988,1.0,0.0,74.0,0.7366308710362209,True,candidate_only,74.0,74.0,True,74.0,False,True,True,True,,74.0,1.003067072427002,,1.0,74.0,0.8378115010474556,0.04903298463063262,1,"[{""bpm"":74.0,""relative_power"":1.0,""peak_concentration"":0.7366308710362209,""prominence"":1.0,""period_correlation"":0.8332372898882963,""split_period_correlation"":0.8515341345249332,""periodic_support"":0.8378115010474556,""harmonic2_relative_power"":0.01482653359668163,""harmonic3_relative_power"":0.003600479289211164,""harmonic_support"":0.14276565206309158,""motion_profile"":0.04903298463063262,""motion_strength"":0.05189573021209633,""motion_reliability"":1.0,""motion_overlap"":0.04903298463063262,""motion_available"":true,""evidence_score"":1.003067072427002,""supported_bpm"":[71.0,72.0,73.0,74.0,75.0,76.0,77.0],""supported_relative_power"":[0.8370967110739762,0.9046102945625326,0.9721238780510892,1.0,0.8359007330194578,0.6718014660389154,0.5077021990583711]}]",False,tracked,True,74.0,6.99993,16.99983,saved_final_waveform_V28_evidence_DP_with_verified_V28_anchors
12.99987,1.0,0.0,74.0,0.7341159552528738,True,candidate_only,74.0,74.0,True,74.0,False,True,True,True,,74.0,0.9331687277365768,,1.0,74.0,0.8294837890687174,0.05208809623874449,1,"[{""bpm"":74.0,""relative_power"":1.0,""peak_concentration"":0.7341159552528738,""prominence"":1.0,""period_correlation"":0.8279466542640194,""split_period_correlation"":0.8340951934828117,""periodic_support"":0.8294837890687174,""harmonic2_relative_power"":0.004338199535545027,""harmonic3_relative_power"":0.003259323595206142,""harmonic_support"":0.08584668005941809,""motion_profile"":0.05208809623874449,""motion_strength"":0.05208809623874449,""motion_reliability"":1.0,""motion_overlap"":0.05208809623874449,""motion_available"":true,""evidence_score"":0.9331687277365768,""supported_bpm"":[71.0,72.0,73.0,74.0,75.0,76.0,77.0],""supported_relative_power"":[0.8227396334229977,0.8946465631308861,0.9665534928387745,1.0,0.8471718495522426,0.6943436991044849,0.5415155486567255]}]",False,tracked,True,74.0,7.9999199999999995,17.99982,saved_final_waveform_V28_evidence_DP_with_verified_V28_anchors
13.99986,1.0,0.0,74.0,0.7215729826278119,True,candidate_only,75.0,74.0,True,75.0,False,True,True,True,,74.0,0.8569047319794854,,0.8804009761215519,74.0,0.7984368610403914,0.04893105200809495,1,"[{""bpm"":74.0,""relative_power"":1.0,""peak_concentration"":0.7215729826278119,""prominence"":1.0,""period_correlation"":0.7952444164785801,""split_period_correlation"":0.8080141947258248,""periodic_support"":0.7984368610403914,""harmonic2_relative_power"":0.0021818899687331855,""harmonic3_relative_power"":0.002667661927817166,""harmonic_support"":0.06478799984517347,""motion_profile"":0.04893105200809495,""motion_strength"":0.05242404726096525,""motion_reliability"":1.0,""motion_overlap"":0.04893105200809495,""motion_available"":true,""evidence_score"":0.8819047319794854,""supported_bpm"":[71.0,72.0,73.0,74.0,75.0,76.0,77.0],""supported_relative_power"":[0.7457452327911577,0.8428593464148257,0.9399734600384938,1.0,0.8804009761215519,0.7608019522431037,0.641202928364654]}]",False,tracked,True,74.0,8.99991,18.99981,saved_final_waveform_V28_evidence_DP_with_verified_V28_anchors
14.99985,1.0,0.0,74.0,0.6903564116916668,True,candidate_only,76.0,75.0,True,76.0,False,True,True,True,,74.0,0.7467068928646459,1.5073759439956569,0.8908408254347593,74.0,0.7734425786446923,0.04583756595604125,2,"[{""bpm"":74.0,""relative_power"":1.0,""peak_concentration"":0.6903564116916668,""prominence"":1.0,""period_correlation"":0.7732790522402274,""split_period_correlation"":0.7739331578580873,""periodic_support"":0.7734425786446923,""harmonic2_relative_power"":0.0014435782542866155,""harmonic3_relative_power"":0.0018916444020605503,""harmonic_support"":0.05321701380053577,""motion_profile"":0.04583756595604125,""motion_strength"":0.0521742616351795,""motion_reliability"":1.0,""motion_overlap"":0.04583756595604125,""motion_available"":true,""evidence_score"":0.8467068928646458,""supported_bpm"":[71.0,72.0,73.0,74.0,75.0,76.0,77.0],""supported_relative_power"":[0.6530528119513586,0.7790001352298006,0.904947458508243,1.0,0.9454204127173796,0.8908408254347593,0.8362612381521383]},{""bpm"":42.0,""relative_power"":0.05277673555124019,""peak_concentration"":0.024144645358477993,""prominence"":0.037544154228491486,""period_correlation"":0.26304905669042405,""split_period_correlation"":0.28245747396577264,""periodic_support"":0.2679011610092612,""harmonic2_relative_power"":0.17033141198223511,""harmonic3_relative_power"":0.00828971466845422,""harmonic_support"":0.10213397240141642,""motion_profile"":0.02232369653400429,""motion_strength"":0.0521742616351795,""motion_reliability"":1.0,""motion_overlap"":0.02232369653400429,""motion_available"":true,""evidence_score"":-0.660669051131011,""supported_bpm"":[42.0,43.0],""supported_relative_power"":[0.05277673555124019,0.05175386829438106]}]",False,tracked,True,74.0,9.9999,19.9998,saved_final_waveform_V28_evidence_DP_with_verified_V28_anchors
15.999839999999999,1.0,0.0,79.0,0.6879773056477735,True,candidate_only,77.0,77.0,True,77.0,False,True,True,True,,79.0,0.8309133242263811,,0.8937447863586511,79.0,0.777868530151228,0.05022032540299436,1,"[{""bpm"":79.0,""relative_power"":1.0,""peak_concentration"":0.6879773056477735,""prominence"":1.0,""period_correlation"":0.774556370492972,""split_period_correlation"":0.7878050091259963,""periodic_support"":0.777868530151228,""harmonic2_relative_power"":0.016252557670222854,""harmonic3_relative_power"":0.0009082178214411493,""harmonic_support"":0.13803334781377308,""motion_profile"":0.05022032540299436,""motion_strength"":0.05190333306480529,""motion_reliability"":1.0,""motion_overlap"":0.05022032540299436,""motion_available"":true,""evidence_score"":0.9309133242263811,""supported_bpm"":[76.0,77.0,78.0,79.0,80.0,81.0,82.0],""supported_relative_power"":[0.8406171795379761,0.8937447863586511,0.9468723931793256,1.0,0.8875212066299133,0.7561592571132458,0.62479730759658]}]",False,tracked,True,79.0,10.99989,20.99979,saved_final_waveform_V28_evidence_DP_with_verified_V28_anchors
16.99983,1.0,0.0,79.0,0.719695707417628,True,candidate_only,78.0,79.0,True,78.0,False,True,True,True,,79.0,0.9866989079000895,,0.8772932143569638,79.0,0.8109024257605106,0.0334137399729438,1,"[{""bpm"":79.0,""relative_power"":1.0,""peak_concentration"":0.719695707417628,""prominence"":1.0,""period_correlation"":0.8103495185836841,""split_period_correlation"":0.8125611472909902,""periodic_support"":0.8109024257605106,""harmonic2_relative_power"":0.02361755616705853,""harmonic3_relative_power"":0.0004958090765665047,""harmonic_support"":0.16147341452970754,""motion_profile"":0.0334137399729438,""motion_strength"":0.05083888292365251,""motion_reliability"":1.0,""motion_overlap"":0.0334137399729438,""motion_available"":true,""evidence_score"":1.0116989079000895,""supported_bpm"":[76.0,77.0,78.0,79.0,80.0,81.0,82.0],""supported_relative_power"":[0.6318796430708903,0.7545864287139279,0.8772932143569638,1.0,0.9285889550946664,0.8350437577600918,0.7414985604255183]}]",False,tracked,True,79.0,11.99988,21.99978,saved_final_waveform_V28_evidence_DP_with_verified_V28_anchors
17.99982,1.0,0.0,79.0,0.6950365090524054,True,candidate_only,79.0,79.0,True,79.0,False,True,True,True,,79.0,1.0824205852085853,2.0262217682070895,1.0,79.0,0.8199614446086572,0.005733608472938878,2,"[{""bpm"":79.0,""relative_power"":1.0,""peak_concentration"":0.6950365090524054,""prominence"":1.0,""period_correlation"":0.8186106824864011,""split_period_correlation"":0.8240137309754254,""periodic_support"":0.8199614446086572,""harmonic2_relative_power"":0.03228669704740453,""harmonic3_relative_power"":0.000515291659010274,""harmonic_support"":0.18763000673023597,""motion_profile"":0.005733608472938878,""motion_strength"":0.050597947385196324,""motion_reliability"":1.0,""motion_overlap"":0.005733608472938878,""motion_available"":true,""evidence_score"":1.0824205852085853,""supported_bpm"":[76.0,77.0,78.0,79.0,80.0,81.0,82.0],""supported_relative_power"":[0.5111496659715954,0.6740997773143984,0.8370498886571991,1.0,0.977351224510819,0.9335396633041622,0.8897281020975059]},{""bpm"":164.0,""relative_power"":0.07320089249284167,""peak_concentration"":0.05730397496823101,""prominence"":0.07169940045357091,""period_correlation"":-0.8261421297398305,""split_period_correlation"":-0.8339423487649359,""periodic_support"":0.0,""harmonic2_relative_power"":7.051198681865646e-06,""harmonic3_relative_power"":6.346255161616008e-08,""harmonic_support"":0.0007422939165226918,""motion_profile"":0.02356143517409033,""motion_strength"":0.050597947385196324,""motion_reliability"":1.0,""motion_overlap"":0.02356143517409033,""motion_available"":true,""evidence_score"":-0.943801182998504,""supported_bpm"":[161.0,162.0,163.0,164.0,165.0,166.0,167.0],""supported_relative_power"":[0.05571953624386005,0.06367376865318247,0.07162800106250466,0.07320089249284167,0.06892571183373122,0.06465053117462079,0.06037535051551034]}]",False,tracked,True,79.0,12.99987,22.999769999999998,saved_final_waveform_V28_evidence_DP_with_verified_V28_anchors
18.99981,1.0,0.0,80.0,0.7163730879126486,True,candidate_only,79.0,79.0,True,79.0,False,True,True,True,,80.0,1.170057943520344,2.0916628609580568,0.9950400902870702,80.0,0.8586603242110673,0.0019723412880740033,2,"[{""bpm"":80.0,""relative_power"":1.0,""peak_concentration"":0.7163730879126486,""prominence"":1.0,""period_correlation"":0.8596006414384441,""split_period_correlation"":0.855839372528937,""periodic_support"":0.8586603242110673,""harmonic2_relative_power"":0.058942882131201135,""harmonic3_relative_power"":0.0008518828387389255,""harmonic_support"":0.2529970134982624,""motion_profile"":0.0019723412880740033,""motion_strength"":0.05077783325823385,""motion_reliability"":1.0,""motion_overlap"":0.0019723412880740033,""motion_available"":true,""evidence_score"":1.195057943520344,""supported_bpm"":[77.0,78.0,79.0,80.0,81.0,82.0,83.0],""supported_relative_power"":[0.6300699467241136,0.8125550185055919,0.9950400902870702,1.0,0.9847177249216068,0.9694354498432137,0.9541531747648208]},{""bpm"":164.0,""relative_power"":0.08433798666140101,""peak_concentration"":0.06381781930672167,""prominence"":0.08399601410553988,""period_correlation"":-0.8157295347831327,""split_period_correlation"":-0.8144128422036017,""periodic_support"":0.0,""harmonic2_relative_power"":4.946351853999849e-06,""harmonic3_relative_power"":4.1248153165818616e-08,""harmonic_support"":0.0006665268250574505,""motion_profile"":0.025398742670514653,""motion_strength"":0.05077783325823385,""motion_reliability"":1.0,""motion_overlap"":0.025398742670514653,""motion_available"":true,""evidence_score"":-0.8966049174377129,""supported_bpm"":[161.0,162.0,163.0,164.0,165.0,166.0,167.0],""supported_relative_power"":[0.06701968443556637,0.0750964867399318,0.08317328904429702,0.08433798666140101,0.0791682027590204,0.07399841885663978,0.06882863495425917]}]",False,tracked,True,80.0,13.99986,23.99976,saved_final_waveform_V28_evidence_DP_with_verified_V28_anchors
19.9998,1.0,0.0,79.0,0.6786776240354382,True,candidate_only,79.0,79.0,True,79.0,False,True,True,True,,79.0,1.1950286301175823,2.1938761067294372,1.0,79.0,0.8765277506572963,0.008122533058367257,2,"[{""bpm"":79.0,""relative_power"":1.0,""peak_concentration"":0.6786776240354382,""prominence"":1.0,""period_correlation"":0.8744212821657505,""split_period_correlation"":0.8828471561319335,""periodic_support"":0.8765277506572963,""harmonic2_relative_power"":0.05179165108129494,""harmonic3_relative_power"":0.0014709371458127955,""harmonic_support"":0.24100127071751537,""motion_profile"":0.008122533058367257,""motion_strength"":0.04829155992710297,""motion_reliability"":1.0,""motion_overlap"":0.008122533058367257,""motion_available"":true,""evidence_score"":1.1950286301175823,""supported_bpm"":[76.0,77.0,78.0,79.0,80.0,81.0,82.0],""supported_relative_power"":[0.485939181508779,0.6572927876725209,0.8286463938362605,1.0,0.9760287130616597,0.9297856392146496,0.8835425653676403]},{""bpm"":163.0,""relative_power"":0.06407833912528764,""peak_concentration"":0.05376133954160009,""prominence"":0.06355211570983481,""period_correlation"":-0.8056843767789571,""split_period_correlation"":-0.8077165198357376,""periodic_support"":0.0,""harmonic2_relative_power"":6.179581160062398e-06,""harmonic3_relative_power"":2.0751812675493703e-08,""harmonic_support"":0.0006420302382966906,""motion_profile"":0.030249914788603116,""motion_strength"":0.04829155992710297,""motion_reliability"":1.0,""motion_overlap"":0.030249914788603116,""motion_available"":true,""evidence_score"":-0.9988474766118547,""supported_bpm"":[160.0,161.0,162.0,163.0,164.0,165.0,166.0],""supported_relative_power"":[0.05759483139472484,0.05975600063824575,0.06191716988176672,0.06407833912528764,0.06225417640920342,0.056777723574646936,0.051301270740090464]}]",False,tracked,True,79.0,14.99985,24.99975,saved_final_waveform_V28_evidence_DP_with_verified_V28_anchors
20.99979,1.0,0.0,79.0,0.7015244490330214,True,candidate_only,78.0,79.0,True,78.0,False,True,True,True,,79.0,1.1572296689328876,2.2408254428518193,0.8737377825169741,79.0,0.8636526333824055,0.014801921142575022,2,"[{""bpm"":79.0,""relative_power"":1.0,""peak_concentration"":0.7015244490330214,""prominence"":1.0,""period_correlation"":0.8639141041097902,""split_period_correlation"":0.8628682212002516,""periodic_support"":0.8636526333824055,""harmonic2_relative_power"":0.05712522260619524,""harmonic3_relative_power"":0.0011184896503162753,""harmonic_support"":0.2507141736404602,""motion_profile"":0.014801921142575022,""motion_strength"":0.048645845107238316,""motion_reliability"":1.0,""motion_overlap"":0.014801921142575022,""motion_available"":true,""evidence_score"":1.1822296689328875,""supported_bpm"":[76.0,77.0,78.0,79.0,80.0,81.0,82.0],""supported_relative_power"":[0.6212133475509206,0.7474755650339482,0.8737377825169741,1.0,0.9211827768701596,0.8189815112450699,0.7167802456199813]},{""bpm"":158.0,""relative_power"":0.05712522260619524,""peak_concentration"":0.04057177186663852,""prominence"":0.05686076520604855,""period_correlation"":-0.7797186178419613,""split_period_correlation"":-0.778649170270834,""periodic_support"":0.0,""harmonic2_relative_power"":3.600988698527923e-05,""harmonic3_relative_power"":2.429103235372999e-08,""harmonic_support"":0.0014472877320675587,""motion_profile"":0.046531780095027356,""motion_strength"":0.048645845107238316,""motion_reliability"":1.0,""motion_overlap"":0.046531780095027356,""motion_available"":true,""evidence_score"":-1.0585957739189318,""supported_bpm"":[158.0,159.0],""supported_relative_power"":[0.05712522260619524,0.054639440498763646]}]",False,tracked,True,79.0,15.999839999999999,25.99974,saved_final_waveform_V28_evidence_DP_with_verified_V28_anchors
21.99978,1.0,0.0,79.0,0.6995379997127998,True,candidate_only,77.0,78.0,True,77.0,False,True,True,True,,79.0,1.0493127971765073,2.230221394430647,0.883430646601495,79.0,0.8534155155889592,0.0247675637786859,2,"[{""bpm"":79.0,""relative_power"":1.0,""peak_concentration"":0.6995379997127998,""prominence"":1.0,""period_correlation"":0.8549222657400319,""split_period_correlation"":0.8488952651357411,""periodic_support"":0.8534155155889592,""harmonic2_relative_power"":0.054005345670782856,""harmonic3_relative_power"":0.0006796720446578821,""harmonic_support"":0.2415151847520095,""motion_profile"":0.0247675637786859,""motion_strength"":0.048898510185202686,""motion_reliability"":1.0,""motion_overlap"":0.0247675637786859,""motion_available"":true,""evidence_score"":1.1493127971765074,""supported_bpm"":[76.0,77.0,78.0,79.0,80.0,81.0,82.0],""supported_relative_power"":[0.8251459699022418,0.883430646601495,0.9417153233007475,1.0,0.878283435914223,0.7360423538605008,0.5938012718067804]},{""bpm"":158.0,""relative_power"":0.054005345670782856,""peak_concentration"":0.03896289263648934,""prominence"":0.05343720114028662,""period_correlation"":-0.7900326523157536,""split_period_correlation"":-0.7823229070294317,""periodic_support"":0.0,""harmonic2_relative_power"":3.028784142487779e-05,""harmonic3_relative_power"":2.137739753451022e-08,""harmonic_support"":0.0012908392122186556,""motion_profile"":0.04853132101715278,""motion_strength"":0.048898510185202686,""motion_reliability"":1.0,""motion_overlap"":0.04853132101715278,""motion_available"":true,""evidence_score"":-1.0809085972541397,""supported_bpm"":[157.0,158.0],""supported_relative_power"":[0.051496088663553166,0.054005345670782856]}]",False,tracked,True,79.0,16.99983,26.99973,saved_final_waveform_V28_evidence_DP_with_verified_V28_anchors
22.999769999999998,1.0,0.0,74.0,0.711811230848147,True,candidate_only,76.0,76.0,True,76.0,False,True,True,True,,74.0,0.9690739337325304,2.120423978974818,0.9536150685135133,74.0,0.8395923671013364,0.028998677307319247,2,"[{""bpm"":74.0,""relative_power"":1.0,""peak_concentration"":0.711811230848147,""prominence"":1.0,""period_correlation"":0.8395430650154515,""split_period_correlation"":0.8397402733589915,""periodic_support"":0.8395923671013364,""harmonic2_relative_power"":0.027297831567493613,""harmonic3_relative_power"":0.002235971805977212,""harmonic_support"":0.1817706765552093,""motion_profile"":0.028998677307319247,""motion_strength"":0.049779673777027536,""motion_reliability"":1.0,""motion_overlap"":0.028998677307319247,""motion_available"":true,""evidence_score"":1.0690739337325303,""supported_bpm"":[71.0,72.0,73.0,74.0,75.0,76.0,77.0],""supported_relative_power"":[0.5783793295761214,0.7288248298764725,0.8792703301768235,1.0,0.9768075342567567,0.9536150685135133,0.9304226027702697]},{""bpm"":153.0,""relative_power"":0.05694256128117053,""peak_concentration"":0.04110944514031613,""prominence"":0.05647266832208904,""period_correlation"":-0.8022591087621566,""split_period_correlation"":-0.8008809046547687,""periodic_support"":0.0,""harmonic2_relative_power"":1.545868451851004e-05,""harmonic3_relative_power"":1.37978210621259e-07,""harmonic_support"":0.0009692437434696312,""motion_profile"":0.039456010698260754,""motion_strength"":0.049779673777027536,""motion_reliability"":1.0,""motion_overlap"":0.039456010698260754,""motion_available"":true,""evidence_score"":-1.0513500452422875,""supported_bpm"":[152.0,153.0,154.0,155.0],""supported_relative_power"":[0.05153371419684201,0.05694256128117053,0.05354975173608651,0.050156942191002585]}]",False,tracked,True,74.0,17.99982,27.99972,saved_final_waveform_V28_evidence_DP_with_verified_V28_anchors
23.99976,1.0,0.0,74.0,0.7360344328295174,True,candidate_only,75.0,75.0,True,75.0,False,True,True,True,,74.0,1.1032544971202287,,0.9286744601371496,74.0,0.8639102143863138,0.04323778134414489,1,"[{""bpm"":74.0,""relative_power"":1.0,""peak_concentration"":0.7360344328295174,""prominence"":1.0,""period_correlation"":0.8658296662656263,""split_period_correlation"":0.8581518587483763,""periodic_support"":0.8639102143863138,""harmonic2_relative_power"":0.04460097575577392,""harmonic3_relative_power"":0.0035355109669710635,""harmonic_support"":0.23200048797546452,""motion_profile"":0.04323778134414489,""motion_strength"":0.05027051146940135,""motion_reliability"":1.0,""motion_overlap"":0.04323778134414489,""motion_available"":true,""evidence_score"":1.1282544971202286,""supported_bpm"":[71.0,72.0,73.0,74.0,75.0,76.0,77.0],""supported_relative_power"":[0.5851331865306624,0.7361030950144133,0.8870730034981642,1.0,0.9286744601371496,0.8573489202742991,0.7860233804114478]}]",False,tracked,True,74.0,18.99981,28.99971,saved_final_waveform_V28_evidence_DP_with_verified_V28_anchors
24.99975,1.0,0.0,74.0,0.7480364661390287,True,candidate_only,75.0,74.0,True,75.0,False,True,True,True,,74.0,1.1575865089952648,2.212280943175021,0.9064615782169092,74.0,0.8922377541557664,0.04967914016895489,2,"[{""bpm"":74.0,""relative_power"":1.0,""peak_concentration"":0.7480364661390287,""prominence"":1.0,""period_correlation"":0.8927612670893317,""split_period_correlation"":0.890667215355071,""periodic_support"":0.8922377541557664,""harmonic2_relative_power"":0.05629482044525641,""harmonic3_relative_power"":0.005500811335564918,""harmonic_support"":0.26322390463511536,""motion_profile"":0.04967914016895489,""motion_strength"":0.051844866773908635,""motion_reliability"":1.0,""motion_overlap"":0.04967914016895489,""motion_available"":true,""evidence_score"":1.1825865089952647,""supported_bpm"":[71.0,72.0,73.0,74.0,75.0,76.0,77.0],""supported_relative_power"":[0.5983410261071013,0.7459857827348328,0.8936305393625644,1.0,0.9064615782169092,0.8129231564338185,0.7193847346507266]},{""bpm"":147.0,""relative_power"":0.05673519965364637,""peak_concentration"":0.0543819439351153,""prominence"":0.05509903005050925,""period_correlation"":-0.7885469181058374,""split_period_correlation"":-0.792877393323431,""periodic_support"":0.0,""harmonic2_relative_power"":1.389468979478923e-05,""harmonic3_relative_power"":1.6786651753010183e-07,""harmonic_support"":0.0009220294756407529,""motion_profile"":0.021072243331313165,""motion_strength"":0.051844866773908635,""motion_reliability"":1.0,""motion_overlap"":0.021072243331313165,""motion_available"":true,""evidence_score"":-1.0296944341797563,""supported_bpm"":[145.0,146.0,147.0,148.0,149.0],""supported_relative_power"":[0.051994537135776446,0.054364868394711385,0.05673519965364637,0.05629482044525641,0.05045326529807894]}]",False,tracked,True,74.0,19.9998,29.9997,saved_final_waveform_V28_evidence_DP_with_verified_V28_anchors
25.99974,1.0,0.0,74.0,0.7591577852393782,True,candidate_only,75.0,74.0,True,75.0,False,True,True,True,,74.0,1.1386584795547972,2.219577129782855,0.900993774459343,74.0,0.8807731570903015,0.051907347159539534,2,"[{""bpm"":74.0,""relative_power"":1.0,""peak_concentration"":0.7591577852393782,""prominence"":1.0,""period_correlation"":0.8803620059607887,""split_period_correlation"":0.8820066104788398,""periodic_support"":0.8807731570903015,""harmonic2_relative_power"":0.053690183759400024,""harmonic3_relative_power"":0.0063912109053851016,""harmonic_support"":0.2596921907048896,""motion_profile"":0.051907347159539534,""motion_strength"":0.05291569630976829,""motion_reliability"":1.0,""motion_overlap"":0.051907347159539534,""motion_available"":true,""evidence_score"":1.163658479554797,""supported_bpm"":[71.0,72.0,73.0,74.0,75.0,76.0,77.0],""supported_relative_power"":[0.6078696000460222,0.7524768002036414,0.8970840003612606,1.0,0.900993774459343,0.8019875489186861,0.7029813233780279]},{""bpm"":148.0,""relative_power"":0.053690183759400024,""peak_concentration"":0.04545536479842251,""prominence"":0.05305794914568868,""period_correlation"":-0.8165823455983051,""split_period_correlation"":-0.8128331040115367,""periodic_support"":0.0,""harmonic2_relative_power"":1.021626553409923e-05,""harmonic3_relative_power"":1.2339033768880084e-07,""harmonic_support"":0.0007691043656808236,""motion_profile"":0.026483177928037695,""motion_strength"":0.05291569630976829,""motion_reliability"":1.0,""motion_overlap"":0.026483177928037695,""motion_available"":true,""evidence_score"":-1.0559186502280575,""supported_bpm"":[147.0,148.0],""supported_relative_power"":[0.052447500345350125,0.053690183759400024]}]",False,tracked,True,74.0,20.99979,30.99969,saved_final_waveform_V28_evidence_DP_with_verified_V28_anchors
26.99973,1.0,0.0,74.0,0.7607206227017146,True,candidate_only,75.0,74.0,True,75.0,False,True,True,True,,74.0,1.1087422775704356,,0.91185954563472,74.0,0.8878546643125781,0.053866153689556315,1,"[{""bpm"":74.0,""relative_power"":1.0,""peak_concentration"":0.7607206227017146,""prominence"":1.0,""period_correlation"":0.888325401920332,""split_period_correlation"":0.8864424514893163,""periodic_support"":0.8878546643125781,""harmonic2_relative_power"":0.039692928380203024,""harmonic3_relative_power"":0.005185644609733313,""harmonic_support"":0.22443483893854516,""motion_profile"":0.053866153689556315,""motion_strength"":0.054509970554610834,""motion_reliability"":1.0,""motion_overlap"":0.053866153689556315,""motion_available"":true,""evidence_score"":1.1337422775704356,""supported_bpm"":[71.0,72.0,73.0,74.0,75.0,76.0,77.0],""supported_relative_power"":[0.5960559314842734,0.7441819076309358,0.8923078837775981,1.0,0.91185954563472,0.8237190912694402,0.7355786369041589]}]",False,tracked,True,74.0,21.99978,31.999679999999998,saved_final_waveform_V28_evidence_DP_with_verified_V28_anchors
27.99972,1.0,0.0,74.0,0.7444147350583572,True,candidate_only,75.0,74.0,True,75.0,False,True,True,True,,74.0,1.0666095324581462,2.1502065295908315,0.9357378411212154,74.0,0.8922987820304449,0.054035009765173635,2,"[{""bpm"":74.0,""relative_power"":1.0,""peak_concentration"":0.7444147350583572,""prominence"":1.0,""period_correlation"":0.8911263138515817,""split_period_correlation"":0.8958161865670349,""periodic_support"":0.8922987820304449,""harmonic2_relative_power"":0.025635708133224935,""harmonic3_relative_power"":0.002503740083420806,""harmonic_support"":0.17762463443112364,""motion_profile"":0.054035009765173635,""motion_strength"":0.05571582549380726,""motion_reliability"":1.0,""motion_overlap"":0.054035009765173635,""motion_available"":true,""evidence_score"":1.091609532458146,""supported_bpm"":[71.0,72.0,73.0,74.0,75.0,76.0,77.0],""supported_relative_power"":[0.5554620147054562,0.7164933383685229,0.8775246620315895,1.0,0.9357378411212154,0.8714756822424309,0.8072135233636455]},{""bpm"":153.0,""relative_power"":0.05245127826274916,""peak_concentration"":0.04234687338192819,""prominence"":0.05214301897365897,""period_correlation"":-0.8190413169758122,""split_period_correlation"":-0.8137795079216621,""periodic_support"":0.0,""harmonic2_relative_power"":1.2852340802192709e-05,""harmonic3_relative_power"":5.5716179597238956e-08,""harmonic_support"":0.0008399698284862747,""motion_profile"":0.022145813026914693,""motion_strength"":0.05571582549380726,""motion_reliability"":1.0,""motion_overlap"":0.022145813026914693,""motion_available"":true,""evidence_score"":-1.0585969971326854,""supported_bpm"":[153.0],""supported_relative_power"":[0.05245127826274916]}]",False,tracked,True,74.0,22.999769999999998,32.99967,saved_final_waveform_V28_evidence_DP_with_verified_V28_anchors
28.99971,1.0,0.0,74.0,0.7221223331917488,True,candidate_only,75.0,75.0,True,75.0,False,True,True,True,,74.0,1.0311435760797985,2.0582593069878254,0.96362824051663,74.0,0.8804295755889446,0.05168111951146503,2,"[{""bpm"":74.0,""relative_power"":1.0,""peak_concentration"":0.7221223331917488,""prominence"":1.0,""period_correlation"":0.8791411468451278,""split_period_correlation"":0.8842948618203953,""periodic_support"":0.8804295755889446,""harmonic2_relative_power"":0.02070292181006243,""harmonic3_relative_power"":0.0005742654890082153,""harmonic_support"":0.1522724423212904,""motion_profile"":0.05168111951146503,""motion_strength"":0.05696142755266299,""motion_reliability"":1.0,""motion_overlap"":0.05168111951146503,""motion_available"":true,""evidence_score"":1.0561435760797984,""supported_bpm"":[71.0,72.0,73.0,74.0,75.0,76.0,77.0],""supported_relative_power"":[0.5205135862997896,0.6922118648827608,0.8639101434657319,1.0,0.96362824051663,0.92725648103326,0.8908847215498896]},{""bpm"":153.0,""relative_power"":0.061595629535733325,""peak_concentration"":0.045295106504924805,""prominence"":0.06143846775925463,""period_correlation"":-0.8172623145316744,""split_period_correlation"":-0.8257784959845148,""periodic_support"":0.0,""harmonic2_relative_power"":2.472367309476597e-05,""harmonic3_relative_power"":7.604566478499685e-08,""harmonic_support"":0.001258000395113333,""motion_profile"":0.022292964227138265,""motion_strength"":0.05696142755266299,""motion_reliability"":1.0,""motion_overlap"":0.022292964227138265,""motion_available"":true,""evidence_score"":-1.002115730908027,""supported_bpm"":[152.0,153.0,154.0,155.0,156.0],""supported_relative_power"":[0.05408328286807213,0.061595629535733325,0.05783393000042488,0.054072230465116555,0.05031053092980822]}]",False,tracked,True,74.0,23.99976,33.99966,saved_final_waveform_V28_evidence_DP_with_verified_V28_anchors
29.9997,1.0,0.0,74.0,0.7066628939290578,True,candidate_only,76.0,76.0,True,76.0,False,True,True,True,,74.0,0.9601157188963779,2.0309254106560015,0.9793241730465619,74.0,0.8740821824741108,0.04701841342036142,2,"[{""bpm"":74.0,""relative_power"":1.0,""peak_concentration"":0.7066628939290578,""prominence"":1.0,""period_correlation"":0.8696865300932701,""split_period_correlation"":0.8872691396166331,""periodic_support"":0.8740821824741108,""harmonic2_relative_power"":0.02245551683167567,""harmonic3_relative_power"":0.0004649180620824708,""harmonic_support"":0.15739833495030772,""motion_profile"":0.04701841342036142,""motion_strength"":0.058351455740144824,""motion_reliability"":1.0,""motion_overlap"":0.04701841342036142,""motion_available"":true,""evidence_score"":1.060115718896378,""supported_bpm"":[71.0,72.0,73.0,74.0,75.0,76.0,77.0],""supported_relative_power"":[0.5262794914391141,0.6943645689281291,0.8624496464171442,1.0,0.989662086523281,0.9793241730465619,0.9689862595698429]},{""bpm"":153.0,""relative_power"":0.06664739947967058,""peak_concentration"":0.04182485333984163,""prominence"":0.0663368196154522,""period_correlation"":-0.8158750669739927,""split_period_correlation"":-0.8073577939454994,""periodic_support"":0.0,""harmonic2_relative_power"":3.835380774628279e-05,""harmonic3_relative_power"":9.351321168298188e-08,""harmonic_support"":0.001626437258196959,""motion_profile"":0.019613913024428886,""motion_strength"":0.058351455740144824,""motion_reliability"":1.0,""motion_overlap"":0.019613913024428886,""motion_available"":true,""evidence_score"":-0.9708096917596234,""supported_bpm"":[152.0,153.0,154.0,155.0],""supported_relative_power"":[0.058653766510517354,0.06664739947967058,0.06034539876540104,0.054043398051131675]}]",False,tracked,True,74.0,24.99975,34.99965,saved_final_waveform_V28_evidence_DP_with_verified_V28_anchors
30.99969,1.0,0.0,79.0,0.6998490504143685,True,candidate_only,77.0,77.0,True,77.0,False,True,True,True,,79.0,0.943657555302872,2.0056007679762318,0.9703375177856496,79.0,0.874835629253051,0.05996756630262063,3,"[{""bpm"":79.0,""relative_power"":1.0,""peak_concentration"":0.6998490504143685,""prominence"":1.0,""period_correlation"":0.8762262808327493,""split_period_correlation"":0.870663674513956,""periodic_support"":0.874835629253051,""harmonic2_relative_power"":0.022483546411235643,""harmonic3_relative_power"":0.0003294407880930942,""harmonic_support"":0.15629782100279163,""motion_profile"":0.05996756630262063,""motion_strength"":0.05996756630262063,""motion_reliability"":1.0,""motion_overlap"":0.05996756630262063,""motion_available"":true,""evidence_score"":1.043657555302872,""supported_bpm"":[76.0,77.0,78.0,79.0,80.0,81.0,82.0],""supported_relative_power"":[0.9555062766784741,0.9703375177856496,0.9851687588928247,1.0,0.858456532922902,0.6990825470456953,0.5397085611684908]},{""bpm"":153.0,""relative_power"":0.06852686326612406,""peak_concentration"":0.03875839332275801,""prominence"":0.06841399807121344,""period_correlation"":-0.8208573847315634,""split_period_correlation"":-0.8167559548826286,""periodic_support"":0.0,""harmonic2_relative_power"":4.948243681005111e-05,""harmonic3_relative_power"":1.1282782260468834e-07,""harmonic_support"":0.0018722087900121622,""motion_profile"":0.0205040922567113,""motion_strength"":0.05996756630262063,""motion_reliability"":1.0,""motion_overlap"":0.0205040922567113,""motion_available"":true,""evidence_score"":-0.9619432126733599,""supported_bpm"":[151.0,152.0,153.0,154.0,155.0],""supported_relative_power"":[0.051510726473539506,0.060649802885729645,0.06852686326612406,0.05931819989514619,0.05010953652416855]},{""bpm"":58.0,""relative_power"":0.054049871756138436,""peak_concentration"":0.03550879284208687,""prominence"":0.022389400785934592,""period_correlation"":-0.3251401300406727,""split_period_correlation"":-0.31817110683174066,""periodic_support"":0.0,""harmonic2_relative_power"":0.010518960725410514,""harmonic3_relative_power"":0.0020496184566236365,""harmonic_support"":0.027528104206852144,""motion_profile"":0.025582777222031738,""motion_strength"":0.05996756630262063,""motion_reliability"":1.0,""motion_overlap"":0.025582777222031738,""motion_available"":true,""evidence_score"":-1.0256972049768813,""supported_bpm"":[58.0],""supported_relative_power"":[0.054049871756138436]}]",False,tracked,True,79.0,25.99974,35.99964,saved_final_waveform_V28_evidence_DP_with_verified_V28_anchors
31.999679999999998,1.0,0.0,79.0,0.7025661144157029,True,candidate_only,78.0,78.0,True,78.0,False,True,True,True,,79.0,1.0145781365353936,2.015659925748201,0.9638129613729927,79.0,0.8584998556763943,0.06030309388496293,2,"[{""bpm"":79.0,""relative_power"":1.0,""peak_concentration"":0.7025661144157029,""prominence"":1.0,""period_correlation"":0.8571620144344825,""split_period_correlation"":0.8625133794021298,""periodic_support"":0.8584998556763943,""harmonic2_relative_power"":0.027087983608902577,""harmonic3_relative_power"":0.0002961238731248751,""harmonic_support"":0.17060716264756337,""motion_profile"":0.06030309388496293,""motion_strength"":0.06030309388496293,""motion_reliability"":1.0,""motion_overlap"":0.06030309388496293,""motion_available"":true,""evidence_score"":1.0395781365353935,""supported_bpm"":[76.0,77.0,78.0,79.0,80.0,81.0,82.0],""supported_relative_power"":[0.8914388841189774,0.9276259227459853,0.9638129613729927,1.0,0.8634760355490417,0.7072588174822986,0.5510415994155575]},{""bpm"":153.0,""relative_power"":0.06695855805038299,""peak_concentration"":0.04100787764042868,""prominence"":0.06656561104089624,""period_correlation"":-0.7966009609797154,""split_period_correlation"":-0.7793210918195055,""periodic_support"":0.0,""harmonic2_relative_power"":4.9617118587940916e-05,""harmonic3_relative_power"":1.1926308306977618e-07,""harmonic_support"":0.0018539921332779285,""motion_profile"":0.025317836569791394,""motion_strength"":0.06030309388496293,""motion_reliability"":1.0,""motion_overlap"":0.025317836569791394,""motion_available"":true,""evidence_score"":-0.9760817892128077,""supported_bpm"":[151.0,152.0,153.0,154.0,155.0],""supported_relative_power"":[0.050261412874169666,0.05919134249662698,0.06695855805038299,0.058984443162086744,0.051010328273790706]}]",False,tracked,True,79.0,26.99973,36.999629999999996,saved_final_waveform_V28_evidence_DP_with_verified_V28_anchors
32.99967,1.0,0.0,79.0,0.7136894608038046,True,candidate_only,79.0,79.0,True,79.0,False,True,True,True,,79.0,1.104074897575667,2.0827981101875306,1.0,79.0,0.8559116056095453,0.05470150344092096,2,"[{""bpm"":79.0,""relative_power"":1.0,""peak_concentration"":0.7136894608038046,""prominence"":1.0,""period_correlation"":0.857072549817293,""split_period_correlation"":0.8524287729863024,""periodic_support"":0.8559116056095453,""harmonic2_relative_power"":0.04909022750659702,""harmonic3_relative_power"":0.0007191384735776292,""harmonic_support"":0.23094901070631818,""motion_profile"":0.05470150344092096,""motion_strength"":0.06033682974797651,""motion_reliability"":1.0,""motion_overlap"":0.05470150344092096,""motion_available"":true,""evidence_score"":1.104074897575667,""supported_bpm"":[76.0,77.0,78.0,79.0,80.0,81.0,82.0],""supported_relative_power"":[0.822271755715789,0.8815145038105267,0.9407572519052633,1.0,0.8662014284294192,0.7103914528443599,0.5545814772593027]},{""bpm"":153.0,""relative_power"":0.06649911287620253,""peak_concentration"":0.04920884076461956,""prominence"":0.0645814453903132,""period_correlation"":-0.7901854577046223,""split_period_correlation"":-0.7857325183600725,""periodic_support"":0.0,""harmonic2_relative_power"":3.289610297942935e-05,""harmonic3_relative_power"":9.385254221938387e-08,""harmonic_support"":0.0015066910377151584,""motion_profile"":0.025225254866961887,""motion_strength"":0.06033682974797651,""motion_reliability"":1.0,""motion_overlap"":0.025225254866961887,""motion_available"":true,""evidence_score"":-0.9787232126118638,""supported_bpm"":[152.0,153.0,154.0,155.0,156.0],""supported_relative_power"":[0.057680233415459,0.06649911287620253,0.06301733580228135,0.05953555872836026,0.05605378165443919]}]",False,tracked,True,79.0,27.99972,37.99962,saved_final_waveform_V28_evidence_DP_with_verified_V28_anchors
33.99966,1.0,0.0,79.0,0.7242766157754997,True,candidate_only,79.0,79.0,True,79.0,False,True,True,True,,79.0,1.1599359731083783,2.0958263603372123,1.0,79.0,0.8481652083930922,0.04283853486760109,2,"[{""bpm"":79.0,""relative_power"":1.0,""peak_concentration"":0.7242766157754997,""prominence"":1.0,""period_correlation"":0.8518265123720465,""split_period_correlation"":0.8371812964562292,""periodic_support"":0.8481652083930922,""harmonic2_relative_power"":0.07108701375929921,""harmonic3_relative_power"":0.0015729002248409147,""harmonic_support"":0.2805024124604783,""motion_profile"":0.04283853486760109,""motion_strength"":0.06023013106164012,""motion_reliability"":1.0,""motion_overlap"":0.04283853486760109,""motion_available"":true,""evidence_score"":1.1599359731083783,""supported_bpm"":[76.0,77.0,78.0,79.0,80.0,81.0,82.0],""supported_relative_power"":[0.7348434123175145,0.8232289415450105,0.9116144707725051,1.0,0.8683736294863859,0.7116605530717219,0.55494747665706]},{""bpm"":158.0,""relative_power"":0.07108701375929921,""peak_concentration"":0.06536141571118802,""prominence"":0.0708106232541044,""period_correlation"":-0.8051598253142095,""split_period_correlation"":-0.8052454587779369,""periodic_support"":0.0,""harmonic2_relative_power"":4.8251110031830804e-05,""harmonic3_relative_power"":7.983420608203949e-08,""harmonic_support"":0.0018784001099674521,""motion_profile"":0.009936860078041334,""motion_strength"":0.06023013106164012,""motion_reliability"":1.0,""motion_overlap"":0.009936860078041334,""motion_available"":true,""evidence_score"":-0.935890387228834,""supported_bpm"":[155.0,156.0,157.0,158.0,159.0,160.0],""supported_relative_power"":[0.06782071194446325,0.06890947921607524,0.06999824648768722,0.07108701375929921,0.06455731623425671,0.05606663888915079]}]",False,tracked,True,79.0,28.99971,38.99961,saved_final_waveform_V28_evidence_DP_with_verified_V28_anchors
34.99965,1.0,0.0,79.0,0.717685474396636,True,candidate_only,79.0,79.0,True,79.0,False,True,True,True,,79.0,1.2130611263445383,2.0950725545381585,1.0,79.0,0.8634706257200992,0.0323496800017931,2,"[{""bpm"":79.0,""relative_power"":1.0,""peak_concentration"":0.717685474396636,""prominence"":1.0,""period_correlation"":0.8635033973227618,""split_period_correlation"":0.8633723109121114,""periodic_support"":0.8634706257200992,""harmonic2_relative_power"":0.08156691449626431,""harmonic3_relative_power"":0.0026688494742042137,""harmonic_support"":0.30368053805467055,""motion_profile"":0.0323496800017931,""motion_strength"":0.06001208239455202,""motion_reliability"":1.0,""motion_overlap"":0.0323496800017931,""motion_available"":true,""evidence_score"":1.2130611263445383,""supported_bpm"":[76.0,77.0,78.0,79.0,80.0,81.0,82.0],""supported_relative_power"":[0.6461060351793325,0.7640706901195562,0.8820353450597781,1.0,0.8812489699274172,0.7355065962999199,0.5897642226724245]},{""bpm"":158.0,""relative_power"":0.08156691449626431,""peak_concentration"":0.06744096405081236,""prominence"":0.07813648436220355,""period_correlation"":-0.7866441802934461,""split_period_correlation"":-0.7796500606126135,""periodic_support"":0.0,""harmonic2_relative_power"":5.4636473914009534e-05,""harmonic3_relative_power"":1.2416121251904035e-07,""harmonic_support"":0.0021462714956496966,""motion_profile"":0.005553323276873626,""motion_strength"":0.06001208239455202,""motion_reliability"":1.0,""motion_overlap"":0.005553323276873626,""motion_available"":true,""evidence_score"":-0.88201142819362,""supported_bpm"":[155.0,156.0,157.0,158.0,159.0,160.0,161.0],""supported_relative_power"":[0.0654163948784424,0.07079990141771637,0.07618340795699034,0.08156691449626431,0.07344981313489768,0.061857678370033406,0.050265543605169126]}]",False,tracked,True,79.0,29.9997,39.9996,saved_final_waveform_V28_evidence_DP_with_verified_V28_anchors
35.99964,1.0,0.0,79.0,0.6967187543767543,True,candidate_only,79.0,79.0,True,79.0,False,True,True,True,,79.0,1.2158312200009533,2.0834951139705367,1.0,79.0,0.8523679542399784,0.026703687580519667,2,"[{""bpm"":79.0,""relative_power"":1.0,""peak_concentration"":0.6967187543767543,""prominence"":1.0,""period_correlation"":0.8485281276846008,""split_period_correlation"":0.8638874339061108,""periodic_support"":0.8523679542399784,""harmonic2_relative_power"":0.08420397719576546,""harmonic3_relative_power"":0.0037478408800451753,""harmonic_support"":0.31160607981262667,""motion_profile"":0.026703687580519667,""motion_strength"":0.06009226517098547,""motion_reliability"":1.0,""motion_overlap"":0.026703687580519667,""motion_available"":true,""evidence_score"":1.2158312200009533,""supported_bpm"":[76.0,77.0,78.0,79.0,80.0,81.0,82.0],""supported_relative_power"":[0.5716196414414976,0.714413094294333,0.8572065471471666,1.0,0.9127052429395608,0.7991748356248156,0.6856444283100717]},{""bpm"":158.0,""relative_power"":0.08420397719576546,""peak_concentration"":0.05612128622860186,""prominence"":0.07681002145956403,""period_correlation"":-0.7628702586769229,""split_period_correlation"":-0.7696787276555037,""periodic_support"":0.0,""harmonic2_relative_power"":4.626653736472976e-05,""harmonic3_relative_power"":1.3801855085013933e-07,""harmonic_support"":0.002011516218972725,""motion_profile"":0.002876653502162099,""motion_strength"":0.06009226517098547,""motion_reliability"":1.0,""motion_overlap"":0.002876653502162099,""motion_available"":true,""evidence_score"":-0.8676638939695833,""supported_bpm"":[155.0,156.0,157.0,158.0,159.0,160.0],""supported_relative_power"":[0.05314154117092403,0.06349568651253783,0.07384983185415164,0.08420397719576546,0.07557750795234314,0.06206546094921228]}]",False,tracked,True,79.0,30.99969,40.99959,saved_final_waveform_V28_evidence_DP_with_verified_V28_anchors
36.999629999999996,1.0,0.0,79.0,0.6781700456884121,True,candidate_only,79.0,79.0,True,79.0,False,True,True,True,,79.0,1.214945386387532,2.0971153751236824,1.0,79.0,0.8573058371701321,0.028952058989932868,2,"[{""bpm"":79.0,""relative_power"":1.0,""peak_concentration"":0.6781700456884121,""prominence"":1.0,""period_correlation"":0.8555449590753507,""split_period_correlation"":0.8625884714544765,""periodic_support"":0.8573058371701321,""harmonic2_relative_power"":0.08078843859203458,""harmonic3_relative_power"":0.004649668937164019,""harmonic_support"":0.3080990392378028,""motion_profile"":0.028952058989932868,""motion_strength"":0.05988074482744874,""motion_reliability"":1.0,""motion_overlap"":0.028952058989932868,""motion_available"":true,""evidence_score"":1.214945386387532,""supported_bpm"":[76.0,77.0,78.0,79.0,80.0,81.0,82.0],""supported_relative_power"":[0.522345112165939,0.6815634081106274,0.8407817040553137,1.0,0.9486878797228109,0.873370173196885,0.7980524666709603]},{""bpm"":158.0,""relative_power"":0.08078843859203458,""peak_concentration"":0.050248777871251364,""prominence"":0.07656667261576328,""period_correlation"":-0.7399051776614933,""split_period_correlation"":-0.7356021541683224,""periodic_support"":0.0,""harmonic2_relative_power"":2.8781717582896743e-05,""harmonic3_relative_power"":9.059092593787334e-08,""harmonic_support"":0.0015548127832315786,""motion_profile"":0.002521846296445192,""motion_strength"":0.05988074482744874,""motion_reliability"":1.0,""motion_overlap"":0.002521846296445192,""motion_available"":true,""evidence_score"":-0.8821699887361504,""supported_bpm"":[156.0,157.0,158.0,159.0,160.0,161.0],""supported_relative_power"":[0.05424812237354073,0.06751828048278766,0.08078843859203458,0.07597357257744122,0.06650365225744705,0.05703373193745285]}]",False,tracked,True,79.0,31.999679999999998,41.99958,saved_final_waveform_V28_evidence_DP_with_verified_V28_anchors
37.99962,1.0,0.0,79.0,0.6714794024648149,True,candidate_only,79.0,79.0,True,79.0,False,True,True,True,,79.0,1.2012313981034606,2.097035630436172,1.0,79.0,0.8627047386555333,0.03857344457519552,2,"[{""bpm"":79.0,""relative_power"":1.0,""peak_concentration"":0.6714794024648149,""prominence"":1.0,""period_correlation"":0.8629224138952137,""split_period_correlation"":0.8620517129364922,""periodic_support"":0.8627047386555333,""harmonic2_relative_power"":0.07584386367492446,""harmonic3_relative_power"":0.005132840154977898,""harmonic_support"":0.3004729913013682,""motion_profile"":0.03857344457519552,""motion_strength"":0.05963887836107654,""motion_reliability"":1.0,""motion_overlap"":0.03857344457519552,""motion_available"":true,""evidence_score"":1.2012313981034606,""supported_bpm"":[76.0,77.0,78.0,79.0,80.0,81.0,82.0],""supported_relative_power"":[0.5139186510900947,0.6759457673933978,0.837972883696699,1.0,0.9688339904939263,0.9156392673819655,0.8624445442700055]},{""bpm"":159.0,""relative_power"":0.07791736491543011,""peak_concentration"":0.05959551847639917,""prominence"":0.07737039311683719,""period_correlation"":-0.7556770095253054,""split_period_correlation"":-0.7431207141208326,""periodic_support"":0.0,""harmonic2_relative_power"":1.4842923815462187e-05,""harmonic3_relative_power"":3.7668408843518443e-08,""harmonic_support"":0.0010943784500822092,""motion_profile"":0.0029290859749934606,""motion_strength"":0.05963887836107654,""motion_reliability"":1.0,""motion_overlap"":0.0029290859749934606,""motion_available"":true,""evidence_score"":-0.8958042323327116,""supported_bpm"":[157.0,158.0,159.0,160.0,161.0,162.0],""supported_relative_power"":[0.062390690913202485,0.07584386367492446,0.07791736491543011,0.07706175815220052,0.07620615138897094,0.07535054462574133]}]",False,tracked,True,79.0,32.99967,42.99957,saved_final_waveform_V28_evidence_DP_with_verified_V28_anchors
38.99961,1.0,0.0,79.0,0.6807797406448791,True,candidate_only,79.0,79.0,True,79.0,False,True,True,True,,79.0,1.156080320223839,1.9672723339306304,1.0,79.0,0.8336845325053981,0.04387513909777861,2,"[{""bpm"":79.0,""relative_power"":1.0,""peak_concentration"":0.6807797406448791,""prominence"":1.0,""period_correlation"":0.8375747702445415,""split_period_correlation"":0.8220138192879676,""periodic_support"":0.8336845325053981,""harmonic2_relative_power"":0.07285495951479219,""harmonic3_relative_power"":0.004684299359527193,""harmonic_support"":0.29387125834012445,""motion_profile"":0.04387513909777861,""motion_strength"":0.05990054196858436,""motion_reliability"":1.0,""motion_overlap"":0.04387513909777861,""motion_available"":true,""evidence_score"":1.156080320223839,""supported_bpm"":[76.0,77.0,78.0,79.0,80.0,81.0,82.0],""supported_relative_power"":[0.5239244995335667,0.6826163330223792,0.8413081665111897,1.0,0.9666835107079996,0.9114734041624604,0.8562632976169218]},{""bpm"":163.0,""relative_power"":0.09911053738687951,""peak_concentration"":0.0809539141485791,""prominence"":0.09853296988968557,""period_correlation"":-0.7665494837937384,""split_period_correlation"":-0.7773982522884239,""periodic_support"":0.0,""harmonic2_relative_power"":7.481507280030273e-06,""harmonic3_relative_power"":3.590954894042189e-08,""harmonic_support"":0.0008819818575407651,""motion_profile"":0.002433732964764099,""motion_strength"":0.05990054196858436,""motion_reliability"":1.0,""motion_overlap"":0.002433732964764099,""motion_available"":true,""evidence_score"":-0.8111920137067914,""supported_bpm"":[160.0,161.0,162.0,163.0,164.0,165.0,166.0],""supported_relative_power"":[0.08429105811059517,0.08923088453602324,0.09417071096145144,0.09911053738687951,0.09703198967906916,0.08852157161406335,0.08001115354905754]}]",False,tracked,True,79.0,33.99966,43.99956,saved_final_waveform_V28_evidence_DP_with_verified_V28_anchors
39.9996,1.0,0.0,79.0,0.6985615447610909,True,candidate_only,79.0,79.0,True,79.0,False,True,True,True,,79.0,1.1485132560708566,1.9870868227539553,1.0,79.0,0.8370221053513304,0.046042732059003354,2,"[{""bpm"":79.0,""relative_power"":1.0,""peak_concentration"":0.6985615447610909,""prominence"":1.0,""period_correlation"":0.8378992164180866,""split_period_correlation"":0.8343907721510618,""periodic_support"":0.8370221053513304,""harmonic2_relative_power"":0.07018605488094141,""harmonic3_relative_power"":0.0034025044961900042,""harmonic_support"":0.28534235525814744,""motion_profile"":0.046042732059003354,""motion_strength"":0.06113865621367666,""motion_reliability"":1.0,""motion_overlap"":0.046042732059003354,""motion_available"":true,""evidence_score"":1.1485132560708566,""supported_bpm"":[76.0,77.0,78.0,79.0,80.0,81.0,82.0],""supported_relative_power"":[0.5412753056355196,0.6941835370903477,0.847091768545174,1.0,0.9443257278309495,0.8648679788105378,0.7854102297901273]},{""bpm"":163.0,""relative_power"":0.09275825426126132,""peak_concentration"":0.07985821994942224,""prominence"":0.09143075540734288,""period_correlation"":-0.770278945089166,""split_period_correlation"":-0.770191497185753,""periodic_support"":0.0,""harmonic2_relative_power"":1.3264913552280013e-05,""harmonic3_relative_power"":3.1482744893711744e-08,""harmonic_support"":0.00112816147337164,""motion_profile"":0.005988978242509922,""motion_strength"":0.06113865621367666,""motion_reliability"":1.0,""motion_overlap"":0.005988978242509922,""motion_available"":true,""evidence_score"":-0.8385735666830986,""supported_bpm"":[160.0,161.0,162.0,163.0,164.0,165.0,166.0],""supported_relative_power"":[0.08014565763435676,0.08434985650999156,0.0885540553856265,0.09275825426126132,0.08997566654809257,0.08079015634896605,0.07160464614983952]}]",False,tracked,True,79.0,34.99965,44.99955,saved_final_waveform_V28_evidence_DP_with_verified_V28_anchors
40.99959,1.0,0.0,79.0,0.7045095199176403,True,candidate_only,78.0,79.0,True,78.0,False,True,True,True,,79.0,1.1430680392836057,2.1074784306488805,0.8709427413226105,79.0,0.8493068074950598,0.0342819220200902,2,"[{""bpm"":79.0,""relative_power"":1.0,""peak_concentration"":0.7045095199176403,""prominence"":1.0,""period_correlation"":0.8497097410609763,""split_period_correlation"":0.8480980067973107,""periodic_support"":0.8493068074950598,""harmonic2_relative_power"":0.06806027074523388,""harmonic3_relative_power"":0.0020377019034715574,""harmonic_support"":0.2766829535641524,""motion_profile"":0.0342819220200902,""motion_strength"":0.06074160454657172,""motion_reliability"":1.0,""motion_overlap"":0.0342819220200902,""motion_available"":true,""evidence_score"":1.1680680392836056,""supported_bpm"":[76.0,77.0,78.0,79.0,80.0,81.0,82.0],""supported_relative_power"":[0.6128282239678297,0.7418854826452209,0.8709427413226105,1.0,0.911677837583614,0.7985691358375968,0.6854604340915811]},{""bpm"":159.0,""relative_power"":0.06937529864303428,""peak_concentration"":0.05947493879347098,""prominence"":0.06795643293206258,""period_correlation"":-0.7763483682475223,""split_period_correlation"":-0.7734689882803567,""periodic_support"":0.0,""harmonic2_relative_power"":2.6198332444683722e-05,""harmonic3_relative_power"":8.454186119660717e-09,""harmonic_support"":0.0013566295333054886,""motion_profile"":0.005510784113967693,""motion_strength"":0.06074160454657172,""motion_reliability"":1.0,""motion_overlap"":0.005510784113967693,""motion_available"":true,""evidence_score"":-0.939410391365275,""supported_bpm"":[157.0,158.0,159.0,160.0,161.0,162.0],""supported_relative_power"":[0.05688208021604522,0.06806027074523388,0.06937529864303428,0.0681515653338984,0.06692783202476253,0.06570409871562662]}]",False,tracked,True,79.0,35.99964,45.999539999999996,saved_final_waveform_V28_evidence_DP_with_verified_V28_anchors
41.99958,1.0,0.0,79.0,0.6827807862958618,True,candidate_only,77.0,78.0,True,77.0,False,True,True,True,,79.0,1.0593157029823976,2.191735462156413,0.857838070868158,79.0,0.8610246222628326,0.02242982704808474,2,"[{""bpm"":79.0,""relative_power"":1.0,""peak_concentration"":0.6827807862958618,""prominence"":1.0,""period_correlation"":0.8603041213574132,""split_period_correlation"":0.8631861249790906,""periodic_support"":0.8610246222628326,""harmonic2_relative_power"":0.052924519900264894,""harmonic3_relative_power"":0.0008447500344154055,""harmonic_support"":0.24022590230338778,""motion_profile"":0.02242982704808474,""motion_strength"":0.061861721664695224,""motion_reliability"":1.0,""motion_overlap"":0.02242982704808474,""motion_available"":true,""evidence_score"":1.1593157029823977,""supported_bpm"":[76.0,77.0,78.0,79.0,80.0,81.0,82.0],""supported_relative_power"":[0.786757106302236,0.857838070868158,0.9289190354340789,1.0,0.8758670464838267,0.7294749599094879,0.5830828733351509]},{""bpm"":158.0,""relative_power"":0.052924519900264894,""peak_concentration"":0.0407238642628942,""prominence"":0.050834968049902216,""period_correlation"":-0.7609236331216804,""split_period_correlation"":-0.758764025899504,""periodic_support"":0.0,""harmonic2_relative_power"":2.5655294525746437e-05,""harmonic3_relative_power"":6.85005569553825e-09,""harmonic_support"":0.0011719083744422473,""motion_profile"":0.003984544707850884,""motion_strength"":0.061861721664695224,""motion_reliability"":1.0,""motion_overlap"":0.003984544707850884,""motion_available"":true,""evidence_score"":-1.0324197591740156,""supported_bpm"":[158.0,159.0],""supported_relative_power"":[0.052924519900264894,0.05128894596015639]}]",False,tracked,True,79.0,36.999629999999996,46.99953,saved_final_waveform_V28_evidence_DP_with_verified_V28_anchors
42.99957,1.0,0.0,74.0,0.7027204917962805,True,candidate_only,76.0,76.0,True,76.0,False,True,True,True,,74.0,0.96662422690526,,0.9576759589771211,74.0,0.8459691410983539,0.030462692333406077,1,"[{""bpm"":74.0,""relative_power"":1.0,""peak_concentration"":0.7027204917962805,""prominence"":1.0,""period_correlation"":0.8513048702329362,""split_period_correlation"":0.829961953694607,""periodic_support"":0.8459691410983539,""harmonic2_relative_power"":0.02645484763335915,""harmonic3_relative_power"":0.0010771664038171079,""harmonic_support"":0.17413653711382815,""motion_profile"":0.030462692333406077,""motion_strength"":0.06193842823775578,""motion_reliability"":1.0,""motion_overlap"":0.030462692333406077,""motion_available"":true,""evidence_score"":1.06662422690526,""supported_bpm"":[71.0,72.0,73.0,74.0,75.0,76.0,77.0],""supported_relative_power"":[0.5942210717933819,0.738943698881056,0.8836663259687303,1.0,0.9788379794885606,0.9576759589771211,0.9365139384656813]}]",False,tracked,True,74.0,37.99962,47.99952,saved_final_waveform_V28_evidence_DP_with_verified_V28_anchors
43.99956,1.0,0.0,74.0,0.7446174734700368,True,candidate_only,75.0,75.0,True,75.0,False,True,True,True,,74.0,1.1180757519899156,2.1819344306259456,0.9195334669713712,74.0,0.8628600165483213,0.029752336868074068,2,"[{""bpm"":74.0,""relative_power"":1.0,""peak_concentration"":0.7446174734700368,""prominence"":1.0,""period_correlation"":0.8678254257315731,""split_period_correlation"":0.8479637889985658,""periodic_support"":0.8628600165483213,""harmonic2_relative_power"":0.04815270704046483,""harmonic3_relative_power"":0.0011142061016830931,""harmonic_support"":0.23112015487185458,""motion_profile"":0.029752336868074068,""motion_strength"":0.06327704057101617,""motion_reliability"":1.0,""motion_overlap"":0.029752336868074068,""motion_available"":true,""evidence_score"":1.1430757519899155,""supported_bpm"":[71.0,72.0,73.0,74.0,75.0,76.0,77.0],""supported_relative_power"":[0.6188436902805631,0.7584499728266269,0.8980562553726905,1.0,0.9195334669713712,0.8390669339427422,0.7586004009141124]},{""bpm"":153.0,""relative_power"":0.05134399716827332,""peak_concentration"":0.040409715350927265,""prominence"":0.05099799170715233,""period_correlation"":-0.7878625183790549,""split_period_correlation"":-0.7899034931231014,""periodic_support"":0.0,""harmonic2_relative_power"":2.837075692297341e-05,""harmonic3_relative_power"":6.258371036876628e-10,""harmonic_support"":0.0012089090530646779,""motion_profile"":0.0006760402166040237,""motion_strength"":0.06327704057101617,""motion_reliability"":1.0,""motion_overlap"":0.0006760402166040237,""motion_available"":true,""evidence_score"":-1.0388586786360299,""supported_bpm"":[151.0,152.0,153.0],""supported_relative_power"":[0.05048144037023108,0.05125768481348649,0.05134399716827332]}]",False,tracked,True,74.0,38.99961,48.99951,saved_final_waveform_V28_evidence_DP_with_verified_V28_anchors
44.99955,1.0,0.0,74.0,0.7447696330157877,True,candidate_only,75.0,74.0,True,75.0,False,True,True,True,,74.0,1.171851918577352,2.1372114016997905,0.8983710621861458,74.0,0.876558618475396,0.03415657860431825,2,"[{""bpm"":74.0,""relative_power"":1.0,""peak_concentration"":0.7447696330157877,""prominence"":1.0,""period_correlation"":0.880535822944063,""split_period_correlation"":0.8646270050693952,""periodic_support"":0.876558618475396,""harmonic2_relative_power"":0.06829209964771746,""harmonic3_relative_power"":0.0016012779621532524,""harmonic_support"":0.275333161509814,""motion_profile"":0.03415657860431825,""motion_strength"":0.06438987267639863,""motion_reliability"":1.0,""motion_overlap"":0.03415657860431825,""motion_available"":true,""evidence_score"":1.1968519185773518,""supported_bpm"":[71.0,72.0,73.0,74.0,75.0,76.0,77.0],""supported_relative_power"":[0.6435691493354498,0.7757152641243356,0.9078613789132214,1.0,0.8983710621861458,0.7967421243722916,0.6951131865584359]},{""bpm"":148.0,""relative_power"":0.06829209964771746,""peak_concentration"":0.06397285431801263,""prominence"":0.06737552100103332,""period_correlation"":-0.7981358922463246,""split_period_correlation"":-0.8009216755531718,""periodic_support"":0.0,""harmonic2_relative_power"":3.2511402842918394e-05,""harmonic3_relative_power"":4.260047572436217e-08,""harmonic_support"":0.0015089359009312962,""motion_profile"":0.0019856018976431127,""motion_strength"":0.06438987267639863,""motion_reliability"":1.0,""motion_overlap"":0.0019856018976431127,""motion_available"":true,""evidence_score"":-0.9403594831224387,""supported_bpm"":[145.0,146.0,147.0,148.0,149.0,150.0,151.0],""supported_relative_power"":[0.05571731401983042,0.0608842035627932,0.06605109310575612,0.06829209964771746,0.06491061001000038,0.06152912037228333,0.05814763073456627]}]",False,tracked,True,74.0,39.9996,49.9995,saved_final_waveform_V28_evidence_DP_with_verified_V28_anchors
45.999539999999996,1.0,0.0,74.0,0.740833291759249,True,candidate_only,75.0,74.0,True,75.0,False,True,True,True,,74.0,1.221402901298289,2.152622662028098,0.8959056820535961,74.0,0.8977080742513499,0.025970413544365085,2,"[{""bpm"":74.0,""relative_power"":1.0,""peak_concentration"":0.740833291759249,""prominence"":1.0,""period_correlation"":0.8985519917366592,""split_period_correlation"":0.8951763217954218,""periodic_support"":0.8977080742513499,""harmonic2_relative_power"":0.07532754657816251,""harmonic3_relative_power"":0.0023393511579457432,""harmonic_support"":0.2913870365522602,""motion_profile"":0.025970413544365085,""motion_strength"":0.06468489090853301,""motion_reliability"":1.0,""motion_overlap"":0.025970413544365085,""motion_available"":true,""evidence_score"":1.246402901298289,""supported_bpm"":[71.0,72.0,73.0,74.0,75.0,76.0,77.0],""supported_relative_power"":[0.6564588482642557,0.7841976161407791,0.9119363840173025,1.0,0.8959056820535961,0.7918113641071922,0.6877170461607869]},{""bpm"":148.0,""relative_power"":0.07532754657816251,""peak_concentration"":0.0661207964358845,""prominence"":0.07448820091681474,""period_correlation"":-0.8123986909683436,""split_period_correlation"":-0.8213534729780507,""periodic_support"":0.0,""harmonic2_relative_power"":2.9226299404546543e-05,""harmonic3_relative_power"":2.9942039334853565e-08,""harmonic_support"":0.0015003826607629244,""motion_profile"":0.0021214864469478053,""motion_strength"":0.06468489090853301,""motion_reliability"":1.0,""motion_overlap"":0.0021214864469478053,""motion_available"":true,""evidence_score"":-0.9062197607298093,""supported_bpm"":[145.0,146.0,147.0,148.0,149.0,150.0,151.0],""supported_relative_power"":[0.05680516695379018,0.06432975908135866,0.07185435120892734,0.07532754657816251,0.07101541259954137,0.06670327862092024,0.062391144642299105]}]",False,tracked,True,74.0,40.99959,50.99949,saved_final_waveform_V28_evidence_DP_with_verified_V28_anchors
46.99953,1.0,0.0,74.0,0.746677820093786,True,candidate_only,75.0,74.0,True,75.0,False,True,True,True,,74.0,1.16197682228354,2.1322680181400804,0.9074313842795618,74.0,0.8521274742141054,0.022986641918869132,2,"[{""bpm"":74.0,""relative_power"":1.0,""peak_concentration"":0.746677820093786,""prominence"":1.0,""period_correlation"":0.8571031937630558,""split_period_correlation"":0.8372003155672545,""periodic_support"":0.8521274742141054,""harmonic2_relative_power"":0.0673932707505691,""harmonic3_relative_power"":0.0028753384040745805,""harmonic_support"":0.2783699030466104,""motion_profile"":0.022986641918869132,""motion_strength"":0.06657995019447084,""motion_reliability"":1.0,""motion_overlap"":0.022986641918869132,""motion_available"":true,""evidence_score"":1.18697682228354,""supported_bpm"":[71.0,72.0,73.0,74.0,75.0,76.0,77.0],""supported_relative_power"":[0.6416860814066166,0.7739497395929424,0.9062133977792681,1.0,0.9074313842795618,0.8148627685591237,0.722294152838684]},{""bpm"":148.0,""relative_power"":0.0673932707505691,""peak_concentration"":0.05798200887533668,""prominence"":0.0671896879970034,""period_correlation"":-0.8210027931216194,""split_period_correlation"":-0.8296809813897525,""periodic_support"":0.0,""harmonic2_relative_power"":2.9319373243072417e-05,""harmonic3_relative_power"":2.4571963801796267e-08,""harmonic_support"":0.0014199200529025745,""motion_profile"":0.002150062895156834,""motion_strength"":0.06657995019447084,""motion_reliability"":1.0,""motion_overlap"":0.002150062895156834,""motion_available"":true,""evidence_score"":-0.9452911958565404,""supported_bpm"":[146.0,147.0,148.0,149.0,150.0,151.0],""supported_relative_power"":[0.05346294670941335,0.06229967301208168,0.0673932707505691,0.06529391988347402,0.06319456901637893,0.06109521814928384]}]",False,tracked,True,74.0,41.99958,51.99948,saved_final_waveform_V28_evidence_DP_with_verified_V28_anchors
47.99952,1.0,0.0,74.0,0.7290139962365286,True,candidate_only,76.0,75.0,True,76.0,False,True,True,True,,74.0,0.9757581269271057,2.088865460863284,0.898880848052813,74.0,0.78659808342708,0.03559795107920473,2,"[{""bpm"":74.0,""relative_power"":1.0,""peak_concentration"":0.7290139962365286,""prominence"":1.0,""period_correlation"":0.7966552621488633,""split_period_correlation"":0.7564265472617304,""periodic_support"":0.78659808342708,""harmonic2_relative_power"":0.05512634831511721,""harmonic3_relative_power"":0.003333467150721428,""harmonic_support"":0.25499767400632334,""motion_profile"":0.03559795107920473,""motion_strength"":0.06693682555260368,""motion_reliability"":1.0,""motion_overlap"":0.03559795107920473,""motion_available"":true,""evidence_score"":1.0757581269271057,""supported_bpm"":[71.0,72.0,73.0,74.0,75.0,76.0,77.0],""supported_relative_power"":[0.6188965752917749,0.7566748927645928,0.8944532102374105,1.0,0.9494404240264065,0.898880848052813,0.8483212720792186]},{""bpm"":152.0,""relative_power"":0.056689456579298435,""peak_concentration"":0.04507412986116541,""prominence"":0.056504417701957535,""period_correlation"":-0.8070405637429767,""split_period_correlation"":-0.806252643384161,""periodic_support"":0.0,""harmonic2_relative_power"":1.0119583868705565e-05,""harmonic3_relative_power"":8.86446880958367e-09,""harmonic_support"":0.0007652584602533993,""motion_profile"":0.007451303691027677,""motion_strength"":0.06693682555260368,""motion_reliability"":1.0,""motion_overlap"":0.007451303691027677,""motion_available"":true,""evidence_score"":-1.0131073339361785,""supported_bpm"":[149.0,150.0,151.0,152.0,153.0],""supported_relative_power"":[0.05551712538116251,0.05590790244720782,0.05629867951325313,0.056689456579298435,0.05642026345888925]}]",False,tracked,True,74.0,42.99957,52.99947,saved_final_waveform_V28_evidence_DP_with_verified_V28_anchors
48.99951,1.0,0.0,79.0,0.6537171858817193,True,candidate_only,78.0,77.0,True,78.0,False,True,True,True,,79.0,0.9106581472543234,,0.9591008285500697,79.0,0.8197325738580168,0.06642713038509072,1,"[{""bpm"":79.0,""relative_power"":1.0,""peak_concentration"":0.6537171858817193,""prominence"":1.0,""period_correlation"":0.8225745054488526,""split_period_correlation"":0.8112067790855093,""periodic_support"":0.8197325738580168,""harmonic2_relative_power"":0.011267640003173403,""harmonic3_relative_power"":0.0009587142008648192,""harmonic_support"":0.11698622899186825,""motion_profile"":0.06642713038509072,""motion_strength"":0.06642713038509072,""motion_reliability"":1.0,""motion_overlap"":0.06642713038509072,""motion_available"":true,""evidence_score"":0.9356581472543234,""supported_bpm"":[76.0,77.0,78.0,79.0,80.0,81.0,82.0],""supported_relative_power"":[0.8773024856502089,0.9182016571001396,0.9591008285500697,1.0,0.8792800976983272,0.74013169141129,0.6009832851242547]}]",False,tracked,True,79.0,43.99956,53.99946,saved_final_waveform_V28_evidence_DP_with_verified_V28_anchors
49.9995,1.0,0.0,79.0,0.6153321158536663,True,candidate_only,80.0,79.0,True,80.0,False,True,True,True,,79.0,0.905292773220897,,0.9589377263767739,79.0,0.8243327813480463,0.06448554714800406,1,"[{""bpm"":79.0,""relative_power"":1.0,""peak_concentration"":0.6153321158536663,""prominence"":1.0,""period_correlation"":0.8285176454904541,""split_period_correlation"":0.8117781889208231,""periodic_support"":0.8243327813480463,""harmonic2_relative_power"":0.009140557758194971,""harmonic3_relative_power"":0.0005936021922228048,""harmonic_support"":0.10413364767305096,""motion_profile"":0.06448554714800406,""motion_strength"":0.06477538905211405,""motion_reliability"":1.0,""motion_overlap"":0.06448554714800406,""motion_available"":true,""evidence_score"":0.930292773220897,""supported_bpm"":[76.0,77.0,78.0,79.0,80.0,81.0,82.0],""supported_relative_power"":[0.6329864798258741,0.7553243198839171,0.8776621599419585,1.0,0.9589377263767739,0.8992438669123115,0.83955000744785]}]",False,tracked,True,79.0,44.99955,54.999449999999996,saved_final_waveform_V28_evidence_DP_with_verified_V28_anchors
50.99949,1.0,0.0,84.0,0.6613649286369233,True,candidate_only,82.0,80.0,True,82.0,False,True,True,True,,84.0,0.8624113581066185,1.139200436666831,0.9163525317507971,84.0,0.7599016392474398,0.052721436509023396,2,"[{""bpm"":84.0,""relative_power"":1.0,""peak_concentration"":0.6613649286369233,""prominence"":1.0,""period_correlation"":0.7596227889495248,""split_period_correlation"":0.7607381901411846,""periodic_support"":0.7599016392474398,""harmonic2_relative_power"":0.03221387524850381,""harmonic3_relative_power"":0.0013666981765580958,""harmonic_support"":0.192421350570714,""motion_profile"":0.052721436509023396,""motion_strength"":0.06401932335206886,""motion_reliability"":1.0,""motion_overlap"":0.052721436509023396,""motion_available"":true,""evidence_score"":0.9624113581066185,""supported_bpm"":[81.0,82.0,83.0,84.0,85.0,86.0,87.0],""supported_relative_power"":[0.8745287976261958,0.9163525317507971,0.9581762658753985,1.0,0.935719467332177,0.807546877256256,0.6793742871803347]},{""bpm"":69.0,""relative_power"":0.12645615727957343,""peak_concentration"":0.08440100475633289,""prominence"":0.05482752071242772,""period_correlation"":0.4908056019984648,""split_period_correlation"":0.5560782229447994,""periodic_support"":0.5071237572350484,""harmonic2_relative_power"":0.009544354858588075,""harmonic3_relative_power"":0.0021265297126874232,""harmonic_support"":0.04048057317646575,""motion_profile"":0.04108393593182708,""motion_strength"":0.06401932335206886,""motion_reliability"":1.0,""motion_overlap"":0.04108393593182708,""motion_available"":true,""evidence_score"":-0.17678907856021242,""supported_bpm"":[66.0,67.0,68.0,69.0,70.0,71.0,72.0],""supported_relative_power"":[0.08219166164242239,0.10189874270446372,0.12160582376650506,0.12645615727957343,0.11274927710146637,0.09904239692335948,0.0853355167452526]}]",False,tracked,True,84.0,45.999539999999996,55.99944,saved_final_waveform_V28_evidence_DP_with_verified_V28_anchors
51.99948,1.0,0.0,84.0,0.6827960645513278,True,candidate_only,83.0,81.0,True,83.0,False,True,True,True,,84.0,1.01202279667147,1.4356131701324446,0.9378935651497164,84.0,0.8124075030379267,0.03928674770128669,2,"[{""bpm"":84.0,""relative_power"":1.0,""peak_concentration"":0.6827960645513278,""prominence"":1.0,""period_correlation"":0.8136653915001224,""split_period_correlation"":0.8086338376513398,""periodic_support"":0.8124075030379267,""harmonic2_relative_power"":0.03176534437332329,""harmonic3_relative_power"":0.0016587301861108845,""harmonic_support"":0.19248297795635896,""motion_profile"":0.03928674770128669,""motion_strength"":0.06318466992919755,""motion_reliability"":1.0,""motion_overlap"":0.03928674770128669,""motion_available"":true,""evidence_score"":1.03702279667147,""supported_bpm"":[81.0,82.0,83.0,84.0,85.0,86.0,87.0],""supported_relative_power"":[0.8136806954491497,0.875787130299433,0.9378935651497164,1.0,0.9398989788676388,0.806209156555246,0.6725193342428532]},{""bpm"":69.0,""relative_power"":0.07860319912234022,""peak_concentration"":0.05273542831229539,""prominence"":0.05774445783970354,""period_correlation"":0.42211346646263104,""split_period_correlation"":0.4915522776406531,""periodic_support"":0.43947316925713653,""harmonic2_relative_power"":0.010466781884627298,""harmonic3_relative_power"":0.0011535239752235675,""harmonic_support"":0.0320158806172275,""motion_profile"":0.019085386068342237,""motion_strength"":0.06318466992919755,""motion_reliability"":1.0,""motion_overlap"":0.019085386068342237,""motion_available"":true,""evidence_score"":-0.3985903734609747,""supported_bpm"":[66.0,67.0,68.0,69.0,70.0],""supported_relative_power"":[0.05188470634435701,0.06485235434311785,0.07782000234187869,0.07860319912234022,0.06416708466241418]}]",False,tracked,True,84.0,46.99953,56.99943,saved_final_waveform_V28_evidence_DP_with_verified_V28_anchors
52.99947,0.9,0.0,,,False,gap_or_filter_edge,,,False,,False,True,False,False,,,,,,,,,0,[],False,unavailable,False,,47.99952,57.99942,saved_final_waveform_V28_evidence_DP_with_verified_V28_anchors
53.99946,0.8,0.0,,,False,gap_or_filter_edge,,,False,,False,True,False,False,,,,,,,,,0,[],False,unavailable,False,,48.99951,58.99941,saved_final_waveform_V28_evidence_DP_with_verified_V28_anchors
