time_s,observed_fraction,interpolated_fraction,spectral_peak_bpm,peak_concentration,accepted,status,ridge_bpm,legacy_ridge_bpm,evidence_local_bpm,evidence_score,evidence_runner_up_margin,evidence_selected_relative_power,evidence_selected_peak_bpm,evidence_selected_periodic_support,evidence_selected_motion_overlap,evidence_candidate_count,evidence_candidates_json,evidence_reacquired,evidence_tracker_state,evidence_motion_available,raw_spectral_peak_bpm,window_index,window_start_s,window_end_s,profile,analysis_window_s,hr_source,hr_passes_original_gates,strict_accepted,quality_tier
2.99997,0.6666666666666666,0.0,,,False,gap_or_filter_edge,,,,,,,,,,0,[],False,unavailable,False,,0,0.0,5.99994,short6_relaxed,6.0,saved_short_window_v25_logic_fallback_offline,False,False,rejected
3.9999599999999997,0.8333333333333334,0.0,,,False,gap_or_filter_edge,,,,,,,,,,0,[],False,unavailable,False,,1,0.9999899999999999,6.99993,short6_relaxed,6.0,saved_short_window_v25_logic_fallback_offline,False,False,rejected
4.99995,1.0,0.0,74.0,0.5802348700773119,True,candidate_only,75.0,74.0,74.0,1.1884683435963594,2.203552666306119,0.9867280829723033,74.0,0.9002193880186277,0.012252747746819196,2,"[{""bpm"":74.0,""relative_power"":1.0,""peak_concentration"":0.5802348700773119,""prominence"":1.0,""period_correlation"":0.8911123958291592,""split_period_correlation"":0.927540364587033,""periodic_support"":0.9002193880186277,""harmonic2_relative_power"":0.049816386616113706,""harmonic3_relative_power"":0.0019227231105316642,""harmonic_support"":0.23854295145939294,""motion_profile"":0.012252747746819196,""motion_strength"":0.04822946355159089,""motion_reliability"":1.0,""motion_overlap"":0.012252747746819196,""motion_available"":true,""evidence_score"":1.2134683435963594,""supported_bpm"":[71.0,72.0,73.0,74.0,75.0,76.0,77.0],""supported_relative_power"":[0.7292951513763531,0.8257919181003562,0.9222886848243593,1.0,0.9867280829723033,0.9734561659446066,0.9601842489169099]},{""bpm"":153.0,""relative_power"":0.06956433464152824,""peak_concentration"":0.04239692491992987,""prominence"":0.06549435711231033,""period_correlation"":-0.8545676073917435,""split_period_correlation"":-0.8595135287626314,""periodic_support"":0.0,""harmonic2_relative_power"":5.5851404923601076e-05,""harmonic3_relative_power"":1.138715201034026e-08,""harmonic_support"":0.001980958506738842,""motion_profile"":0.04731130761145042,""motion_strength"":0.04822946355159089,""motion_reliability"":1.0,""motion_overlap"":0.04731130761145042,""motion_available"":true,""evidence_score"":-0.9900843227097595,""supported_bpm"":[150.0,151.0,152.0,153.0,154.0,155.0,156.0],""supported_relative_power"":[0.05787040444699522,0.061897413362435975,0.06592442227787673,0.06956433464152824,0.0679635649675919,0.06636279529365562,0.06476202561971932]}]",False,acquired,True,74.0,2,1.9999799999999999,7.9999199999999995,short6_relaxed,6.0,saved_short_window_v25_logic_fallback_offline,True,True,original_hr_gates_with_relaxed_fusion
5.99994,1.0,0.0,74.0,0.6033879160100731,True,candidate_only,75.0,74.0,74.0,1.1714091906061173,,0.9851125416202631,74.0,0.8840357661083562,0.009132129802862052,1,"[{""bpm"":74.0,""relative_power"":1.0,""peak_concentration"":0.6033879160100731,""prominence"":1.0,""period_correlation"":0.8825863854494757,""split_period_correlation"":0.8883839080849982,""periodic_support"":0.8840357661083562,""harmonic2_relative_power"":0.04497654937613533,""harmonic3_relative_power"":0.004434896551067161,""harmonic_support"":0.23538501014050275,""motion_profile"":0.009132129802862052,""motion_strength"":0.04912641871421137,""motion_reliability"":1.0,""motion_overlap"":0.009132129802862052,""motion_available"":true,""evidence_score"":1.1964091906061172,""supported_bpm"":[71.0,72.0,73.0,74.0,75.0,76.0,77.0],""supported_relative_power"":[0.7348262837851139,0.8294655362220853,0.9241047886590567,1.0,0.9851125416202631,0.9702250832405263,0.9553376248607891]}]",False,tracked,True,74.0,3,2.99997,8.99991,short6_relaxed,6.0,saved_short_window_v25_logic_fallback_offline,True,True,original_hr_gates_with_relaxed_fusion
6.99993,1.0,0.0,74.0,0.5943688798999032,True,candidate_only,75.0,74.0,74.0,1.1364611008143073,,0.9921069594046086,74.0,0.8648534450661413,0.007426058726118682,1,"[{""bpm"":74.0,""relative_power"":1.0,""peak_concentration"":0.5943688798999032,""prominence"":1.0,""period_correlation"":0.867042923956479,""split_period_correlation"":0.8582850083951281,""periodic_support"":0.8648534450661413,""harmonic2_relative_power"":0.03343196648142256,""harmonic3_relative_power"":0.010911760480914114,""harmonic_support"":0.21940488464920005,""motion_profile"":0.007426058726118682,""motion_strength"":0.048837082623765585,""motion_reliability"":1.0,""motion_overlap"":0.007426058726118682,""motion_available"":true,""evidence_score"":1.1614611008143072,""supported_bpm"":[71.0,72.0,73.0,74.0,75.0,76.0,77.0],""supported_relative_power"":[0.7481571145212932,0.8376607944998512,0.9271644744784091,1.0,0.9921069594046086,0.9842139188092173,0.9763208782138257]}]",False,tracked,True,74.0,4,3.9999599999999997,9.9999,short6_relaxed,6.0,saved_short_window_v25_logic_fallback_offline,True,True,original_hr_gates_with_relaxed_fusion
7.9999199999999995,1.0,0.0,79.0,0.6064643741652114,True,candidate_only,76.0,74.0,79.0,0.9130109983233118,2.1226934551418353,0.9920060157598263,79.0,0.8441480835422457,0.007910716715915467,2,"[{""bpm"":79.0,""relative_power"":1.0,""peak_concentration"":0.6064643741652114,""prominence"":1.0,""period_correlation"":0.8453292231712515,""split_period_correlation"":0.8406046646552288,""periodic_support"":0.8441480835422457,""harmonic2_relative_power"":0.04090441857764834,""harmonic3_relative_power"":0.0023836976672961556,""harmonic_support"":0.21933650232173568,""motion_profile"":0.007910716715915467,""motion_strength"":0.04881357044840551,""motion_reliability"":1.0,""motion_overlap"":0.007910716715915467,""motion_available"":true,""evidence_score"":1.1380109983233118,""supported_bpm"":[76.0,77.0,78.0,79.0,80.0,81.0,82.0],""supported_relative_power"":[0.9920060157598263,0.9946706771732176,0.9973353385866087,1.0,0.908122741569473,0.8054654056011586,0.7028080696328456]},{""bpm"":153.0,""relative_power"":0.06258804567221328,""peak_concentration"":0.03825370769893722,""prominence"":0.06060923268386332,""period_correlation"":-0.7875029509151729,""split_period_correlation"":-0.7916729091016994,""periodic_support"":0.0,""harmonic2_relative_power"":4.389176570331726e-05,""harmonic3_relative_power"":8.400545109789566e-08,""harmonic_support"":0.0016828163213872302,""motion_profile"":0.01316154332383042,""motion_strength"":0.04881357044840551,""motion_reliability"":1.0,""motion_overlap"":0.01316154332383042,""motion_available"":true,""evidence_score"":-0.9846824568185236,""supported_bpm"":[150.0,151.0,152.0,153.0,154.0,155.0],""supported_relative_power"":[0.0568587843805851,0.05891511643547464,0.06097144849036418,0.06258804567221328,0.0582513202533002,0.05391459483438723]}]",False,tracked,True,79.0,5,4.99995,10.99989,short6_relaxed,6.0,saved_short_window_v25_logic_fallback_offline,True,True,original_hr_gates_with_relaxed_fusion
8.99991,1.0,0.0,74.0,0.5523500825002985,True,candidate_only,75.0,74.0,74.0,1.3008091389713783,2.095482830365964,0.985106992766979,74.0,0.9173814541455005,0.03359244659021992,2,"[{""bpm"":74.0,""relative_power"":1.0,""peak_concentration"":0.5523500825002985,""prominence"":1.0,""period_correlation"":0.9128706972616834,""split_period_correlation"":0.9309137247969519,""periodic_support"":0.9173814541455005,""harmonic2_relative_power"":0.11355366454027399,""harmonic3_relative_power"":0.0038450102500299484,""harmonic_support"":0.35868009764910247,""motion_profile"":0.03359244659021992,""motion_strength"":0.05032524860169545,""motion_reliability"":1.0,""motion_overlap"":0.03359244659021992,""motion_available"":true,""evidence_score"":1.3258091389713782,""supported_bpm"":[71.0,72.0,73.0,74.0,75.0,76.0,77.0],""supported_relative_power"":[0.7525628880102061,0.8409326064319228,0.9293023248536394,1.0,0.985106992766979,0.9702139855339581,0.955320978300937]},{""bpm"":148.0,""relative_power"":0.11355366454027399,""peak_concentration"":0.06732267615634373,""prominence"":0.10799851185724517,""period_correlation"":-0.7969003383357035,""split_period_correlation"":-0.8175855645549037,""periodic_support"":0.0,""harmonic2_relative_power"":4.3405967220669674e-05,""harmonic3_relative_power"":3.1285609205590405e-08,""harmonic_support"":0.002240975384268208,""motion_profile"":0.008397406651534168,""motion_strength"":0.05032524860169545,""motion_reliability"":1.0,""motion_overlap"":0.008397406651534168,""motion_available"":true,""evidence_score"":-0.7696736913945857,""supported_bpm"":[145.0,146.0,147.0,148.0,149.0,150.0,151.0],""supported_relative_power"":[0.10096726697688084,0.1060287590527168,0.11109025112855292,0.11355366454027399,0.11102450396373573,0.10849534338719748,0.10596618281065921]}]",False,tracked,True,74.0,6,5.99994,11.99988,short6_relaxed,6.0,saved_short_window_v25_logic_fallback_offline,True,True,original_hr_gates_with_relaxed_fusion
9.9999,1.0,0.0,74.0,0.5659492140314913,True,candidate_only,74.0,74.0,74.0,1.2866290193851224,2.0185286505033355,1.0,74.0,0.8830757173295475,0.04953114526493133,2,"[{""bpm"":74.0,""relative_power"":1.0,""peak_concentration"":0.5659492140314913,""prominence"":1.0,""period_correlation"":0.8849801532628784,""split_period_correlation"":0.8773624095295549,""periodic_support"":0.8830757173295475,""harmonic2_relative_power"":0.1277472993716273,""harmonic3_relative_power"":0.0031816432323153406,""harmonic_support"":0.37715966190378425,""motion_profile"":0.04953114526493133,""motion_strength"":0.05079765187626279,""motion_reliability"":1.0,""motion_overlap"":0.04953114526493133,""motion_available"":true,""evidence_score"":1.2866290193851224,""supported_bpm"":[71.0,72.0,73.0,74.0,75.0,76.0,77.0],""supported_relative_power"":[0.850390001055403,0.9065142296346038,0.9626384582138047,1.0,0.9464885657040593,0.8929771314081183,0.8394656971121768]},{""bpm"":148.0,""relative_power"":0.1277472993716273,""peak_concentration"":0.07618823573380858,""prominence"":0.12488102864038138,""period_correlation"":-0.7895152502181997,""split_period_correlation"":-0.7902034969593399,""periodic_support"":0.0,""harmonic2_relative_power"":4.497469622285507e-05,""harmonic3_relative_power"":4.7743401962125665e-08,""harmonic_support"":0.0024242894016946732,""motion_profile"":0.0113028031963548,""motion_strength"":0.05079765187626279,""motion_reliability"":1.0,""motion_overlap"":0.0113028031963548,""motion_available"":true,""evidence_score"":-0.731899631118213,""supported_bpm"":[145.0,146.0,147.0,148.0,149.0,150.0,151.0],""supported_relative_power"":[0.11686891161393387,0.12172638204609112,0.12658385247824852,0.1277472993716273,0.12181215988020688,0.1158770203887865,0.1099418808973661]}]",False,tracked,True,74.0,7,6.99993,12.99987,short6_relaxed,6.0,saved_short_window_v25_logic_fallback_offline,True,True,original_hr_gates_with_relaxed_fusion
10.99989,1.0,0.0,74.0,0.6094224074065313,True,candidate_only,74.0,74.0,74.0,1.181022203792341,2.1123827868043077,1.0,74.0,0.8781488138920275,0.04782104108240906,2,"[{""bpm"":74.0,""relative_power"":1.0,""peak_concentration"":0.6094224074065313,""prominence"":1.0,""period_correlation"":0.8814051663243498,""split_period_correlation"":0.8683797565950602,""periodic_support"":0.8781488138920275,""harmonic2_relative_power"":0.06305983709405152,""harmonic3_relative_power"":0.004592049473845971,""harmonic_support"":0.27483480986412195,""motion_profile"":0.04782104108240906,""motion_strength"":0.051474876656412226,""motion_reliability"":1.0,""motion_overlap"":0.04782104108240906,""motion_available"":true,""evidence_score"":1.181022203792341,""supported_bpm"":[71.0,72.0,73.0,74.0,75.0,76.0,77.0],""supported_relative_power"":[0.9269185089327988,0.958279907542907,0.9896413061530154,1.0,0.9086366799022153,0.8172733598044304,0.7259100397066444]},{""bpm"":143.0,""relative_power"":0.07373198355392904,""peak_concentration"":0.04843669635345858,""prominence"":0.07254309413222094,""period_correlation"":-0.7793662724594526,""split_period_correlation"":-0.7977619658581024,""periodic_support"":0.0,""harmonic2_relative_power"":3.447833093925708e-05,""harmonic3_relative_power"":6.0174540327458e-07,""harmonic_support"":0.001668136811363154,""motion_profile"":0.016373766626594826,""motion_strength"":0.051474876656412226,""motion_reliability"":1.0,""motion_overlap"":0.016373766626594826,""motion_available"":true,""evidence_score"":-0.9313605830119668,""supported_bpm"":[140.0,141.0,142.0,143.0,144.0,145.0,146.0],""supported_relative_power"":[0.06328612972532698,0.06818807984510768,0.07309002996488839,0.07373198355392904,0.07171570055308227,0.0696994175522355,0.06768313455138875]}]",False,tracked,True,74.0,8,7.9999199999999995,13.99986,short6_relaxed,6.0,saved_short_window_v25_logic_fallback_offline,True,True,original_hr_gates_with_relaxed_fusion
11.99988,1.0,0.0,74.0,0.5902763737602682,True,candidate_only,74.0,74.0,74.0,1.0205555930400239,,1.0,74.0,0.8584670301935913,0.040312969614818735,1,"[{""bpm"":74.0,""relative_power"":1.0,""peak_concentration"":0.5902763737602682,""prominence"":1.0,""period_correlation"":0.8514350356667005,""split_period_correlation"":0.8795630137742634,""periodic_support"":0.8584670301935913,""harmonic2_relative_power"":0.010583291832839972,""harmonic3_relative_power"":0.004607672860175891,""harmonic_support"":0.12663307184559686,""motion_profile"":0.040312969614818735,""motion_strength"":0.05506334734494182,""motion_reliability"":1.0,""motion_overlap"":0.040312969614818735,""motion_available"":true,""evidence_score"":1.0205555930400239,""supported_bpm"":[71.0,72.0,73.0,74.0,75.0,76.0,77.0],""supported_relative_power"":[0.9595381030563546,0.979258394432472,0.9989786858085893,1.0,0.9104569016841545,0.8209138033683089,0.7313707050524622]}]",False,tracked,True,74.0,9,8.99991,14.99985,short6_relaxed,6.0,saved_short_window_v25_logic_fallback_offline,True,True,original_hr_gates_with_relaxed_fusion
12.99987,1.0,0.0,73.0,0.6304124585231561,True,candidate_only,74.0,74.0,73.0,0.9008783397127015,,0.9970266217323871,73.0,0.8043717963805552,0.0330298593109976,1,"[{""bpm"":73.0,""relative_power"":1.0,""peak_concentration"":0.6304124585231561,""prominence"":1.0,""period_correlation"":0.8026767638848054,""split_period_correlation"":0.8094568938678044,""periodic_support"":0.8043717963805552,""harmonic2_relative_power"":0.004144983175158185,""harmonic3_relative_power"":0.0026375984076031415,""harmonic_support"":0.08235668783283762,""motion_profile"":0.0330298593109976,""motion_strength"":0.05440888751887684,""motion_reliability"":1.0,""motion_overlap"":0.0330298593109976,""motion_available"":true,""evidence_score"":0.9258783397127015,""supported_bpm"":[70.0,71.0,72.0,73.0,74.0,75.0,76.0],""supported_relative_power"":[0.954096329315025,0.9693975528766833,0.9846987764383416,1.0,0.9970266217323871,0.9055442003163833,0.8140617789003796]}]",False,tracked,True,73.0,10,9.9999,15.999839999999999,short6_relaxed,6.0,saved_short_window_v25_logic_fallback_offline,True,True,original_hr_gates_with_relaxed_fusion
13.99986,1.0,0.0,74.0,0.6034727780893235,True,candidate_only,75.0,75.0,74.0,0.8757754047308239,1.6908894716563778,0.9211012938554656,74.0,0.7959328531617827,0.03903229206981568,2,"[{""bpm"":74.0,""relative_power"":1.0,""peak_concentration"":0.6034727780893235,""prominence"":1.0,""period_correlation"":0.7916368762246623,""split_period_correlation"":0.808820783973144,""periodic_support"":0.7959328531617827,""harmonic2_relative_power"":0.0031393703523160234,""harmonic3_relative_power"":0.002647704349178696,""harmonic_support"":0.07403963134013247,""motion_profile"":0.03903229206981568,""motion_strength"":0.0538838263730054,""motion_reliability"":1.0,""motion_overlap"":0.03903229206981568,""motion_available"":true,""evidence_score"":0.900775404730824,""supported_bpm"":[71.0,72.0,73.0,74.0,75.0,76.0,77.0],""supported_relative_power"":[0.9172941055755525,0.9513036527713234,0.9853131999670943,1.0,0.9211012938554656,0.842202587710931,0.7633038815663954]},{""bpm"":42.0,""relative_power"":0.06932550354681462,""peak_concentration"":0.02487154027577901,""prominence"":0.028109548531192817,""period_correlation"":0.03810002719619656,""split_period_correlation"":0.19617754996679995,""periodic_support"":0.07761940788884741,""harmonic2_relative_power"":0.15903604085867332,""harmonic3_relative_power"":0.012695549549444952,""harmonic_support"":0.11538462509852049,""motion_profile"":0.045400153858467025,""motion_strength"":0.0538838263730054,""motion_reliability"":1.0,""motion_overlap"":0.045400153858467025,""motion_available"":true,""evidence_score"":-0.790114066925554,""supported_bpm"":[42.0,43.0,44.0,45.0],""supported_relative_power"":[0.06932550354681462,0.06821139657627484,0.06575632957045296,0.06330126256463108]}]",False,tracked,True,74.0,11,10.99989,16.99983,short6_relaxed,6.0,saved_short_window_v25_logic_fallback_offline,True,True,original_hr_gates_with_relaxed_fusion
14.99985,1.0,0.0,74.0,0.5706113465023382,True,candidate_only,76.0,76.0,74.0,0.7786642620404914,,0.9455103630180425,74.0,0.7961974162436241,0.05110076502594307,1,"[{""bpm"":74.0,""relative_power"":1.0,""peak_concentration"":0.5706113465023382,""prominence"":1.0,""period_correlation"":0.793616460231055,""split_period_correlation"":0.8039402842813311,""periodic_support"":0.7961974162436241,""harmonic2_relative_power"":0.002592537832973784,""harmonic3_relative_power"":0.002039448945160686,""harmonic_support"":0.0667230604549337,""motion_profile"":0.05110076502594307,""motion_strength"":0.05261175646940599,""motion_reliability"":1.0,""motion_overlap"":0.05110076502594307,""motion_available"":true,""evidence_score"":0.8786642620404914,""supported_bpm"":[71.0,72.0,73.0,74.0,75.0,76.0,77.0],""supported_relative_power"":[0.7934141368127282,0.8680902276208147,0.9427663184289012,1.0,0.9727551815090212,0.9455103630180425,0.9182655445270634]}]",False,tracked,True,74.0,12,11.99988,17.99982,short6_relaxed,6.0,saved_short_window_v25_logic_fallback_offline,True,True,original_hr_gates_with_relaxed_fusion
15.999839999999999,1.0,0.0,79.0,0.6331497087729303,True,candidate_only,78.0,78.0,79.0,0.9161295214146638,,0.9639173194672077,79.0,0.7781971439194109,0.045534993890956506,1,"[{""bpm"":79.0,""relative_power"":1.0,""peak_concentration"":0.6331497087729303,""prominence"":1.0,""period_correlation"":0.7779482170198391,""split_period_correlation"":0.7789439246181258,""periodic_support"":0.7781971439194109,""harmonic2_relative_power"":0.01616507663416729,""harmonic3_relative_power"":0.0018097611869742874,""harmonic_support"":0.14203140546700746,""motion_profile"":0.045534993890956506,""motion_strength"":0.052544907472313225,""motion_reliability"":1.0,""motion_overlap"":0.045534993890956506,""motion_available"":true,""evidence_score"":0.9411295214146638,""supported_bpm"":[76.0,77.0,78.0,79.0,80.0,81.0,82.0],""supported_relative_power"":[0.8917519584016227,0.9278346389344153,0.9639173194672077,1.0,0.9341600662506758,0.8566984763447055,0.7792368864387363]}]",False,tracked,True,79.0,13,12.99987,18.99981,short6_relaxed,6.0,saved_short_window_v25_logic_fallback_offline,True,True,original_hr_gates_with_relaxed_fusion
16.99983,1.0,0.0,79.0,0.6218812656943332,True,candidate_only,79.0,79.0,79.0,1.0817743907459538,2.1270312625353793,1.0,79.0,0.8433003101792359,0.04026973582568037,2,"[{""bpm"":79.0,""relative_power"":1.0,""peak_concentration"":0.6218812656943332,""prominence"":1.0,""period_correlation"":0.8452089348820806,""split_period_correlation"":0.8375744360707019,""periodic_support"":0.8433003101792359,""harmonic2_relative_power"":0.03740531593931015,""harmonic3_relative_power"":0.0010015741533009044,""harmonic_support"":0.20448121933089464,""motion_profile"":0.04026973582568037,""motion_strength"":0.05180060884381171,""motion_reliability"":1.0,""motion_overlap"":0.04026973582568037,""motion_available"":true,""evidence_score"":1.0817743907459538,""supported_bpm"":[76.0,77.0,78.0,79.0,80.0,81.0,82.0],""supported_relative_power"":[0.7731655857102493,0.8487770571401669,0.9243885285700834,1.0,0.9678804003675611,0.9234768392797349,0.8790732781919094]},{""bpm"":164.0,""relative_power"":0.05319532852490616,""peak_concentration"":0.03559790479483187,""prominence"":0.052396858791150976,""period_correlation"":-0.8149212085635839,""split_period_correlation"":-0.8077745868583904,""periodic_support"":0.0,""harmonic2_relative_power"":1.4475412014531392e-05,""harmonic3_relative_power"":1.1326463144966184e-07,""harmonic_support"":0.0009046779257747434,""motion_profile"":0.015469524843930356,""motion_strength"":0.05180060884381171,""motion_reliability"":1.0,""motion_overlap"":0.015469524843930356,""motion_available"":true,""evidence_score"":-1.0452568717894255,""supported_bpm"":[163.0,164.0,165.0],""supported_relative_power"":[0.05273241360560911,0.05319532852490616,0.05134833964352509]}]",False,tracked,True,79.0,14,13.99986,19.9998,short6_relaxed,6.0,saved_short_window_v25_logic_fallback_offline,True,True,original_hr_gates_with_relaxed_fusion
17.99982,1.0,0.0,84.0,0.565156166107862,True,candidate_only,81.0,79.0,84.0,1.0126759684383635,2.09016147524771,0.9925036674444563,84.0,0.8718801376448145,0.017268007612312095,2,"[{""bpm"":84.0,""relative_power"":1.0,""peak_concentration"":0.565156166107862,""prominence"":1.0,""period_correlation"":0.8742883015414974,""split_period_correlation"":0.8646556459547662,""periodic_support"":0.8718801376448145,""harmonic2_relative_power"":0.08719629681561339,""harmonic3_relative_power"":0.00019621091180725215,""harmonic_support"":0.3001928265444578,""motion_profile"":0.017268007612312095,""motion_strength"":0.048050566048646465,""motion_reliability"":1.0,""motion_overlap"":0.017268007612312095,""motion_available"":true,""evidence_score"":1.2376759684383636,""supported_bpm"":[81.0,82.0,83.0,84.0,85.0,86.0,87.0],""supported_relative_power"":[0.9925036674444563,0.995002444962971,0.9975012224814855,1.0,0.9455847249544704,0.8568979165985668,0.7682111082426631]},{""bpm"":164.0,""relative_power"":0.09622707648631731,""peak_concentration"":0.05551760239739177,""prominence"":0.09476271592599696,""period_correlation"":-0.7932468443484444,""split_period_correlation"":-0.8081752968086447,""periodic_support"":0.0,""harmonic2_relative_power"":9.282718173032976e-06,""harmonic3_relative_power"":1.2628740857333577e-07,""harmonic_support"":0.000983701486245434,""motion_profile"":0.027282906480714315,""motion_strength"":0.048050566048646465,""motion_reliability"":1.0,""motion_overlap"":0.027282906480714315,""motion_available"":true,""evidence_score"":-0.8524855068093464,""supported_bpm"":[161.0,162.0,163.0,164.0,165.0,166.0,167.0],""supported_relative_power"":[0.08316312172986086,0.08891005164725568,0.09465698156465033,0.09622707648631731,0.09396938156864135,0.09171168665096535,0.08945399173328938]}]",False,tracked,True,84.0,15,14.99985,20.99979,short6_relaxed,6.0,saved_short_window_v25_logic_fallback_offline,True,True,original_hr_gates_with_relaxed_fusion
18.99981,1.0,0.0,84.0,0.5857754298268095,True,candidate_only,82.0,79.0,84.0,1.1767420152937746,2.083901565521786,0.9413369303104617,84.0,0.8891859360114736,0.018621070607725426,2,"[{""bpm"":84.0,""relative_power"":1.0,""peak_concentration"":0.5857754298268095,""prominence"":1.0,""period_correlation"":0.8914634561222384,""split_period_correlation"":0.8823533756791788,""periodic_support"":0.8891859360114736,""harmonic2_relative_power"":0.09926235858070437,""harmonic3_relative_power"":0.0003835476251698805,""harmonic_support"":0.32191382394081064,""motion_profile"":0.018621070607725426,""motion_strength"":0.048186227383621875,""motion_reliability"":1.0,""motion_overlap"":0.018621070607725426,""motion_available"":true,""evidence_score"":1.2767420152937747,""supported_bpm"":[81.0,82.0,83.0,84.0,85.0,86.0,87.0],""supported_relative_power"":[0.9120053954656927,0.9413369303104617,0.970668465155231,1.0,0.9623093652258471,0.8842604636415119,0.8062115620571767]},{""bpm"":164.0,""relative_power"":0.10874941474754624,""peak_concentration"":0.06503884013876586,""prominence"":0.10844266429008938,""period_correlation"":-0.7870540490774862,""split_period_correlation"":-0.7826312504115154,""periodic_support"":0.0,""harmonic2_relative_power"":1.8140540171976633e-05,""harmonic3_relative_power"":4.811430541989819e-08,""harmonic_support"":0.0014298717946707085,""motion_profile"":0.025633020233462225,""motion_strength"":0.048186227383621875,""motion_reliability"":1.0,""motion_overlap"":0.025633020233462225,""motion_available"":true,""evidence_score"":-0.8071595502280111,""supported_bpm"":[161.0,162.0,163.0,164.0,165.0,166.0,167.0],""supported_relative_power"":[0.08919034412318753,0.09758219561101057,0.10597404709883337,0.10874941474754624,0.10637765070583577,0.1040058866641253,0.10163412262241484]}]",False,tracked,True,84.0,16,15.999839999999999,21.99978,short6_relaxed,6.0,saved_short_window_v25_logic_fallback_offline,True,True,original_hr_gates_with_relaxed_fusion
19.9998,1.0,0.0,84.0,0.5974516450097568,True,candidate_only,81.0,79.0,84.0,0.9720750546543188,2.063751310706636,0.9761372344515633,84.0,0.8707298792297281,0.04146838776731261,2,"[{""bpm"":84.0,""relative_power"":1.0,""peak_concentration"":0.5974516450097568,""prominence"":1.0,""period_correlation"":0.8724703611185415,""split_period_correlation"":0.8655084335632881,""periodic_support"":0.8707298792297281,""harmonic2_relative_power"":0.07956423279221313,""harmonic3_relative_power"":0.0006665759831860442,""harmonic_support"":0.29110767221075834,""motion_profile"":0.04146838776731261,""motion_strength"":0.04862768143199827,""motion_reliability"":1.0,""motion_overlap"":0.04146838776731261,""motion_available"":true,""evidence_score"":1.1970750546543187,""supported_bpm"":[81.0,82.0,83.0,84.0,85.0,86.0,87.0],""supported_relative_power"":[0.9761372344515633,0.9840914896343755,0.9920457448171878,1.0,0.9401052874074788,0.8393544407948007,0.7386035941821227]},{""bpm"":164.0,""relative_power"":0.09221915971871318,""peak_concentration"":0.057055620425561934,""prominence"":0.08755638991974599,""period_correlation"":-0.8073909596834927,""split_period_correlation"":-0.8074711895694757,""periodic_support"":0.0,""harmonic2_relative_power"":1.572305269055203e-05,""harmonic3_relative_power"":5.122116703989647e-09,""harmonic_support"":0.0012117524576216435,""motion_profile"":0.02690594490237624,""motion_strength"":0.04862768143199827,""motion_reliability"":1.0,""motion_overlap"":0.02690594490237624,""motion_available"":true,""evidence_score"":-0.8666762560523171,""supported_bpm"":[161.0,162.0,163.0,164.0,165.0,166.0,167.0],""supported_relative_power"":[0.08006787056603759,0.08563729519165054,0.09120671981726335,0.09221915971871318,0.08905542798708817,0.08589169625546315,0.08272796452383814]}]",False,tracked,True,84.0,17,16.99983,22.999769999999998,short6_relaxed,6.0,saved_short_window_v25_logic_fallback_offline,True,True,original_hr_gates_with_relaxed_fusion
20.99979,1.0,0.0,79.0,0.5976935498687221,True,candidate_only,79.0,78.0,79.0,1.2028614873575052,2.2804028603780626,1.0,79.0,0.9028653374739386,0.030451804579573607,2,"[{""bpm"":79.0,""relative_power"":1.0,""peak_concentration"":0.5976935498687221,""prominence"":1.0,""period_correlation"":0.9027261653090624,""split_period_correlation"":0.9032828539685671,""periodic_support"":0.9028653374739386,""harmonic2_relative_power"":0.05451712952129829,""harmonic3_relative_power"":0.001665884455442075,""harmonic_support"":0.24777437186063972,""motion_profile"":0.030451804579573607,""motion_strength"":0.04928625858230826,""motion_reliability"":1.0,""motion_overlap"":0.030451804579573607,""motion_available"":true,""evidence_score"":1.2028614873575052,""supported_bpm"":[76.0,77.0,78.0,79.0,80.0,81.0,82.0],""supported_relative_power"":[0.8120949037838646,0.8747299358559102,0.9373649679279551,1.0,0.9620158436069111,0.9125586532915783,0.8631014629762462]},{""bpm"":158.0,""relative_power"":0.05451712952129829,""peak_concentration"":0.03319996956572327,""prominence"":0.05116000286022964,""period_correlation"":-0.7970828289919528,""split_period_correlation"":-0.7972842583385096,""periodic_support"":0.0,""harmonic2_relative_power"":4.878633514764396e-05,""harmonic3_relative_power"":4.830577228681871e-08,""harmonic_support"":0.001648817041842356,""motion_profile"":0.04876486145515357,""motion_strength"":0.04928625858230826,""motion_reliability"":1.0,""motion_overlap"":0.04876486145515357,""motion_available"":true,""evidence_score"":-1.0775413730205574,""supported_bpm"":[156.0,157.0,158.0,159.0],""supported_relative_power"":[0.050932417165993345,0.052724773343645816,0.05451712952129829,0.05171552384531205]}]",False,tracked,True,79.0,18,17.99982,23.99976,short6_relaxed,6.0,saved_short_window_v25_logic_fallback_offline,True,True,original_hr_gates_with_relaxed_fusion
21.99978,1.0,0.0,79.0,0.5869176542939446,True,candidate_only,78.0,77.0,79.0,1.1362041232511377,2.2518534261114143,0.9888586589327659,79.0,0.8684065578013218,0.026167784459414416,2,"[{""bpm"":79.0,""relative_power"":1.0,""peak_concentration"":0.5869176542939446,""prominence"":1.0,""period_correlation"":0.8716264921863743,""split_period_correlation"":0.8587467546461645,""periodic_support"":0.8684065578013218,""harmonic2_relative_power"":0.0524429473486547,""harmonic3_relative_power"":0.0007621367361729689,""harmonic_support"":0.23866664024395165,""motion_profile"":0.026167784459414416,""motion_strength"":0.048194350732219435,""motion_reliability"":1.0,""motion_overlap"":0.026167784459414416,""motion_available"":true,""evidence_score"":1.1612041232511376,""supported_bpm"":[76.0,77.0,78.0,79.0,80.0,81.0,82.0],""supported_relative_power"":[0.9665759767982978,0.9777173178655321,0.9888586589327659,1.0,0.9253189184268572,0.8408519940014493,0.7563850695760426]},{""bpm"":158.0,""relative_power"":0.0524429473486547,""peak_concentration"":0.02843988918027034,""prominence"":0.051010569277119,""period_correlation"":-0.8049844133963795,""split_period_correlation"":-0.7933220095293545,""periodic_support"":0.0,""harmonic2_relative_power"":3.669085242758211e-05,""harmonic3_relative_power"":4.385396498293066e-08,""harmonic_support"":0.0014039316653958413,""motion_profile"":0.048194350732219435,""motion_strength"":0.048194350732219435,""motion_reliability"":1.0,""motion_overlap"":0.048194350732219435,""motion_available"":true,""evidence_score"":-1.0906493028602764,""supported_bpm"":[157.0,158.0],""supported_relative_power"":[0.05078456220067495,0.0524429473486547]}]",False,tracked,True,79.0,19,18.99981,24.99975,short6_relaxed,6.0,saved_short_window_v25_logic_fallback_offline,True,True,original_hr_gates_with_relaxed_fusion
22.999769999999998,1.0,0.0,74.0,0.5985307848869358,True,candidate_only,76.0,76.0,74.0,1.0502572105748633,2.190388933258625,0.9730145761584698,74.0,0.9004795484477712,0.036126609031939004,2,"[{""bpm"":74.0,""relative_power"":1.0,""peak_concentration"":0.5985307848869358,""prominence"":1.0,""period_correlation"":0.8963559306580619,""split_period_correlation"":0.9128504018168997,""periodic_support"":0.9004795484477712,""harmonic2_relative_power"":0.03328997989711351,""harmonic3_relative_power"":0.004107912517779056,""harmonic_support"":0.20488796857223873,""motion_profile"":0.036126609031939004,""motion_strength"":0.04854141381944248,""motion_reliability"":1.0,""motion_overlap"":0.036126609031939004,""motion_available"":true,""evidence_score"":1.1502572105748634,""supported_bpm"":[71.0,72.0,73.0,74.0,75.0,76.0,77.0],""supported_relative_power"":[0.7407869276171902,0.8332347216761034,0.9256825157350165,1.0,0.9865072880792348,0.9730145761584698,0.9595218642377046]},{""bpm"":153.0,""relative_power"":0.05961084203014369,""peak_concentration"":0.036468058540221095,""prominence"":0.053524818409185555,""period_correlation"":-0.7821431049757853,""split_period_correlation"":-0.7740129508770393,""periodic_support"":0.0,""harmonic2_relative_power"":3.1220907670557506e-05,""harmonic3_relative_power"":2.884259919799014e-07,""harmonic_support"":0.0014101162240882437,""motion_profile"":0.04365648483095231,""motion_strength"":0.04854141381944248,""motion_reliability"":1.0,""motion_overlap"":0.04365648483095231,""motion_available"":true,""evidence_score"":-1.0401317226837616,""supported_bpm"":[152.0,153.0,154.0,155.0,156.0],""supported_relative_power"":[0.0546509584931353,0.05961084203014369,0.05942123085265203,0.05923161967516037,0.05904200849766871]}]",False,tracked,True,74.0,20,19.9998,25.99974,short6_relaxed,6.0,saved_short_window_v25_logic_fallback_offline,True,True,original_hr_gates_with_relaxed_fusion
23.99976,1.0,0.0,74.0,0.5886707987491372,True,candidate_only,75.0,75.0,74.0,1.2392101712827281,2.137285446969286,0.9627833540429004,74.0,0.9005859024725263,0.0448076003611077,2,"[{""bpm"":74.0,""relative_power"":1.0,""peak_concentration"":0.5886707987491372,""prominence"":1.0,""period_correlation"":0.9002102916670586,""split_period_correlation"":0.9017127348889294,""periodic_support"":0.9005859024725263,""harmonic2_relative_power"":0.09156307838098797,""harmonic3_relative_power"":0.005942763427725881,""harmonic_support"":0.3295751790143334,""motion_profile"":0.0448076003611077,""motion_strength"":0.04888618484239969,""motion_reliability"":1.0,""motion_overlap"":0.0448076003611077,""motion_available"":true,""evidence_score"":1.264210171282728,""supported_bpm"":[71.0,72.0,73.0,74.0,75.0,76.0,77.0],""supported_relative_power"":[0.7785626915594593,0.8590920136207759,0.9396213356820925,1.0,0.9627833540429004,0.9255667080858004,0.8883500621287003]},{""bpm"":148.0,""relative_power"":0.09156307838098797,""peak_concentration"":0.05985655711484099,""prominence"":0.0899477188617517,""period_correlation"":-0.817085607186859,""split_period_correlation"":-0.83422232369067,""periodic_support"":0.0,""harmonic2_relative_power"":1.0255127986937467e-05,""harmonic3_relative_power"":3.257821584100932e-07,""harmonic_support"":0.0010294649097689222,""motion_profile"":0.02988018683657049,""motion_strength"":0.04888618484239969,""motion_reliability"":1.0,""motion_overlap"":0.02988018683657049,""motion_available"":true,""evidence_score"":-0.8730752756865581,""supported_bpm"":[145.0,146.0,147.0,148.0,149.0,150.0,151.0],""supported_relative_power"":[0.08371033527101829,0.08697780578553903,0.09024527630005987,0.09156307838098797,0.08913431803417639,0.08670555768736482,0.08427679734055323]}]",False,tracked,True,74.0,21,20.99979,26.99973,short6_relaxed,6.0,saved_short_window_v25_logic_fallback_offline,True,True,original_hr_gates_with_relaxed_fusion
24.99975,1.0,0.0,74.0,0.5862710745888615,True,candidate_only,75.0,74.0,74.0,1.2353819893818947,2.053565670468327,0.9521566950443023,74.0,0.8960116007600959,0.04987027202084169,2,"[{""bpm"":74.0,""relative_power"":1.0,""peak_concentration"":0.5862710745888615,""prominence"":1.0,""period_correlation"":0.8973140938654784,""split_period_correlation"":0.8921041214439485,""periodic_support"":0.8960116007600959,""harmonic2_relative_power"":0.09236290360016695,""harmonic3_relative_power"":0.008994848190290174,""harmonic_support"":0.3371070685718411,""motion_profile"":0.04987027202084169,""motion_strength"":0.05085169317694848,""motion_reliability"":1.0,""motion_overlap"":0.04987027202084169,""motion_available"":true,""evidence_score"":1.2603819893818946,""supported_bpm"":[71.0,72.0,73.0,74.0,75.0,76.0,77.0],""supported_relative_power"":[0.8215013561164333,0.8874947855284425,0.9534882149404517,1.0,0.9521566950443023,0.9043133900886046,0.8564700851329063]},{""bpm"":143.0,""relative_power"":0.11074542214851084,""peak_concentration"":0.07007983386038975,""prominence"":0.10557035030093358,""period_correlation"":-0.7907325296101795,""split_period_correlation"":-0.8025067887598927,""periodic_support"":0.0,""harmonic2_relative_power"":5.390407257521563e-05,""harmonic3_relative_power"":6.04428539111266e-08,""harmonic_support"":0.0024719178898761286,""motion_profile"":0.020378541525304474,""motion_strength"":0.05085169317694848,""motion_reliability"":1.0,""motion_overlap"":0.020378541525304474,""motion_available"":true,""evidence_score"":-0.7931836810864326,""supported_bpm"":[140.0,141.0,142.0,143.0,144.0,145.0,146.0],""supported_relative_power"":[0.09934542989638319,0.10497728201459168,0.11060913413280019,0.11074542214851084,0.10745247977074186,0.1041595373929729,0.10086659501520395]}]",False,tracked,True,74.0,22,21.99978,27.99972,short6_relaxed,6.0,saved_short_window_v25_logic_fallback_offline,True,True,original_hr_gates_with_relaxed_fusion
25.99974,1.0,0.0,74.0,0.6091215466682394,True,candidate_only,75.0,74.0,74.0,1.1906717303327194,2.187405356810125,0.955430604906626,74.0,0.9165722880199687,0.05200129256873542,2,"[{""bpm"":74.0,""relative_power"":1.0,""peak_concentration"":0.6091215466682394,""prominence"":1.0,""period_correlation"":0.9139130971668873,""split_period_correlation"":0.9245498605792128,""periodic_support"":0.9165722880199687,""harmonic2_relative_power"":0.05491988389973243,""harmonic3_relative_power"":0.011846090606451858,""harmonic_support"":0.27244382922167293,""motion_profile"":0.05200129256873542,""motion_strength"":0.05200129256873542,""motion_reliability"":1.0,""motion_overlap"":0.05200129256873542,""motion_available"":true,""evidence_score"":1.2156717303327194,""supported_bpm"":[71.0,72.0,73.0,74.0,75.0,76.0,77.0],""supported_relative_power"":[0.8043545330295928,0.8762112846411368,0.9480680362526809,1.0,0.955430604906626,0.910861209813252,0.8662918147198774]},{""bpm"":142.0,""relative_power"":0.06531766765741857,""peak_concentration"":0.04506993347337699,""prominence"":0.05671657594949988,""period_correlation"":-0.7795559164642705,""split_period_correlation"":-0.7727809406549447,""periodic_support"":0.0,""harmonic2_relative_power"":7.378716207161943e-05,""harmonic3_relative_power"":1.7973948222505027e-07,""harmonic_support"":0.0022332831671405752,""motion_profile"":0.015195566696489323,""motion_strength"":0.05200129256873542,""motion_reliability"":1.0,""motion_overlap"":0.015195566696489323,""motion_available"":true,""evidence_score"":-0.9717336264774058,""supported_bpm"":[139.0,140.0,141.0,142.0,143.0,144.0,145.0],""supported_relative_power"":[0.06065514331192112,0.062209318093753616,0.0637634928755861,0.06531766765741857,0.06487878624945917,0.06319623836168549,0.061513690473911815]}]",False,tracked,True,74.0,23,22.999769999999998,28.99971,short6_relaxed,6.0,saved_short_window_v25_logic_fallback_offline,True,True,original_hr_gates_with_relaxed_fusion
26.99973,1.0,0.0,74.0,0.6426496566803863,True,candidate_only,75.0,74.0,74.0,1.1211354107435414,,0.9589758902404326,74.0,0.9005818129293469,0.0479771992585223,1,"[{""bpm"":74.0,""relative_power"":1.0,""peak_concentration"":0.6426496566803863,""prominence"":1.0,""period_correlation"":0.9023565775167501,""split_period_correlation"":0.8952575191671374,""periodic_support"":0.9005818129293469,""harmonic2_relative_power"":0.03244938581074366,""harmonic3_relative_power"":0.010189336405910349,""harmonic_support"":0.21546691559441244,""motion_profile"":0.0479771992585223,""motion_strength"":0.05357384241725151,""motion_reliability"":1.0,""motion_overlap"":0.0479771992585223,""motion_available"":true,""evidence_score"":1.1461354107435413,""supported_bpm"":[71.0,72.0,73.0,74.0,75.0,76.0,77.0],""supported_relative_power"":[0.7914692942626537,0.8676664854929631,0.9438636767232725,1.0,0.9589758902404326,0.9179517804808656,0.8769276707212977]}]",False,tracked,True,74.0,24,23.99976,29.9997,short6_relaxed,6.0,saved_short_window_v25_logic_fallback_offline,True,True,original_hr_gates_with_relaxed_fusion
27.99972,1.0,0.0,74.0,0.6025609369253078,True,candidate_only,75.0,74.0,74.0,1.0646313924772919,2.0712262550760037,0.9644299898006975,74.0,0.8608636074082592,0.05452458408402868,2,"[{""bpm"":74.0,""relative_power"":1.0,""peak_concentration"":0.6025609369253078,""prominence"":1.0,""period_correlation"":0.8599914020066602,""split_period_correlation"":0.8634802236130559,""periodic_support"":0.8608636074082592,""harmonic2_relative_power"":0.03528858778833668,""harmonic3_relative_power"":0.004312580851186126,""harmonic_support"":0.2108371544332427,""motion_profile"":0.05452458408402868,""motion_strength"":0.05573645188046494,""motion_reliability"":1.0,""motion_overlap"":0.05452458408402868,""motion_available"":true,""evidence_score"":1.0896313924772918,""supported_bpm"":[71.0,72.0,73.0,74.0,75.0,76.0,77.0],""supported_relative_power"":[0.7933305957190889,0.8685398642986722,0.9437491328782557,1.0,0.9644299898006975,0.928859979601395,0.8932899694020919]},{""bpm"":158.0,""relative_power"":0.06395973110216945,""peak_concentration"":0.04100018783713987,""prominence"":0.05893758124914282,""period_correlation"":-0.8094861629661795,""split_period_correlation"":-0.8086424212380819,""periodic_support"":0.0,""harmonic2_relative_power"":1.3523626517554127e-05,""harmonic3_relative_power"":5.715303244714681e-08,""harmonic_support"":0.0009511975324089526,""motion_profile"":0.016176401454098863,""motion_strength"":0.05573645188046494,""motion_reliability"":1.0,""motion_overlap"":0.016176401454098863,""motion_available"":true,""evidence_score"":-0.981594862598712,""supported_bpm"":[155.0,156.0,157.0,158.0,159.0,160.0,161.0],""supported_relative_power"":[0.06378040087133316,0.06384017761494525,0.06389995435855736,0.06395973110216945,0.06013602939731597,0.05531272697599839,0.05048942455468083]}]",False,tracked,True,74.0,25,24.99975,30.99969,short6_relaxed,6.0,saved_short_window_v25_logic_fallback_offline,True,True,original_hr_gates_with_relaxed_fusion
28.99971,1.0,0.0,74.0,0.5651993382394389,True,candidate_only,76.0,75.0,74.0,1.0449199504227884,2.018863398366248,0.994415039073732,74.0,0.897934168765011,0.05654529557216017,2,"[{""bpm"":74.0,""relative_power"":1.0,""peak_concentration"":0.5651993382394389,""prominence"":1.0,""period_correlation"":0.893801838029039,""split_period_correlation"":0.9103311609729267,""periodic_support"":0.897934168765011,""harmonic2_relative_power"":0.049324124282771276,""harmonic3_relative_power"":0.00027306454168215307,""harmonic_support"":0.22787398424647654,""motion_profile"":0.05654529557216017,""motion_strength"":0.05792913060850762,""motion_reliability"":1.0,""motion_overlap"":0.05654529557216017,""motion_available"":true,""evidence_score"":1.1449199504227885,""supported_bpm"":[71.0,72.0,73.0,74.0,75.0,76.0,77.0],""supported_relative_power"":[0.7104349438763072,0.8129648021455911,0.9154946604148749,1.0,0.997207519536866,0.994415039073732,0.9916225586105978]},{""bpm"":158.0,""relative_power"":0.08904730066074917,""peak_concentration"":0.053826082047379056,""prominence"":0.0873999981748194,""period_correlation"":-0.840395598314428,""split_period_correlation"":-0.8565895105744836,""periodic_support"":0.0,""harmonic2_relative_power"":6.210101738748751e-06,""harmonic3_relative_power"":1.366473842542487e-07,""harmonic_support"":0.0007822430126862457,""motion_profile"":0.022576029712280846,""motion_strength"":0.05792913060850762,""motion_reliability"":1.0,""motion_overlap"":0.022576029712280846,""motion_available"":true,""evidence_score"":-0.8739434479434596,""supported_bpm"":[155.0,156.0,157.0,158.0,159.0,160.0,161.0],""supported_relative_power"":[0.08466156350663455,0.08612347589133942,0.0875853882760443,0.08904730066074917,0.0856180768218542,0.08092988287708269,0.0762416889323112]}]",False,tracked,True,74.0,26,25.99974,31.999679999999998,short6_relaxed,6.0,saved_short_window_v25_logic_fallback_offline,True,True,original_hr_gates_with_relaxed_fusion
29.9997,1.0,0.0,79.0,0.603280238838334,True,candidate_only,77.0,76.0,79.0,1.0407563421343826,2.1211832438776046,0.981237466684786,79.0,0.8646990309143407,0.0444924394939935,2,"[{""bpm"":79.0,""relative_power"":1.0,""peak_concentration"":0.603280238838334,""prominence"":1.0,""period_correlation"":0.8652205927367748,""split_period_correlation"":0.8631343454470386,""periodic_support"":0.8646990309143407,""harmonic2_relative_power"":0.05471537396534113,""harmonic3_relative_power"":0.001040482966410027,""harmonic_support"":0.24520295749609972,""motion_profile"":0.0444924394939935,""motion_strength"":0.05994223980156884,""motion_reliability"":1.0,""motion_overlap"":0.0444924394939935,""motion_available"":true,""evidence_score"":1.1407563421343827,""supported_bpm"":[76.0,77.0,78.0,79.0,80.0,81.0,82.0],""supported_relative_power"":[0.9718562000271788,0.981237466684786,0.990618733342393,1.0,0.9152200184126292,0.8197033651053325,0.724186711798037]},{""bpm"":153.0,""relative_power"":0.06284189641767136,""peak_concentration"":0.037723010965822756,""prominence"":0.06102071846387507,""period_correlation"":-0.8489878589228116,""split_period_correlation"":-0.8239593076650396,""periodic_support"":0.0,""harmonic2_relative_power"":3.304855688664253e-05,""harmonic3_relative_power"":1.0173759670012707e-07,""harmonic_support"":0.0014691079979270757,""motion_profile"":0.010719487282155972,""motion_strength"":0.05994223980156884,""motion_reliability"":1.0,""motion_overlap"":0.010719487282155972,""motion_available"":true,""evidence_score"":-0.980426901743222,""supported_bpm"":[151.0,152.0,153.0,154.0,155.0,156.0],""supported_relative_power"":[0.05304476211884039,0.05817568675684522,0.06284189641767136,0.061216591927205286,0.05959128743673925,0.05796598294627321]}]",False,tracked,True,79.0,27,26.99973,32.99967,short6_relaxed,6.0,saved_short_window_v25_logic_fallback_offline,True,True,original_hr_gates_with_relaxed_fusion
30.99969,1.0,0.0,74.0,0.5890667813124064,True,candidate_only,77.0,77.0,74.0,0.8634693974457265,,0.9805909889596202,74.0,0.8583010234847932,0.04441546043025539,1,"[{""bpm"":74.0,""relative_power"":1.0,""peak_concentration"":0.5890667813124064,""prominence"":1.0,""period_correlation"":0.8641555019002596,""split_period_correlation"":0.8407375882383938,""periodic_support"":0.8583010234847932,""harmonic2_relative_power"":0.033464520062099226,""harmonic3_relative_power"":0.0023382735716096477,""harmonic_support"":0.19985759715027318,""motion_profile"":0.04441546043025539,""motion_strength"":0.06120813394839494,""motion_reliability"":1.0,""motion_overlap"":0.04441546043025539,""motion_available"":true,""evidence_score"":1.0884693974457265,""supported_bpm"":[71.0,72.0,73.0,74.0,75.0,76.0,77.0],""supported_relative_power"":[0.7740704959569212,0.8543277155483208,0.9345849351397202,1.0,0.9935303296532068,0.9870606593064135,0.9805909889596202]}]",False,tracked,True,74.0,28,27.99972,33.99966,short6_relaxed,6.0,saved_short_window_v25_logic_fallback_offline,True,True,original_hr_gates_with_relaxed_fusion
31.999679999999998,1.0,0.0,79.0,0.5602708730058232,True,candidate_only,78.0,78.0,79.0,1.0637441815999948,2.1456511460456973,0.9952677396649976,79.0,0.8873727767207322,0.06164482600260994,2,"[{""bpm"":79.0,""relative_power"":1.0,""peak_concentration"":0.5602708730058232,""prominence"":1.0,""period_correlation"":0.8824206952883755,""split_period_correlation"":0.9022290210178022,""periodic_support"":0.8873727767207322,""harmonic2_relative_power"":0.033016357384392764,""harmonic3_relative_power"":0.000520637892090635,""harmonic_support"":0.18969015971045175,""motion_profile"":0.06164482600260994,""motion_strength"":0.06164482600260994,""motion_reliability"":1.0,""motion_overlap"":0.06164482600260994,""motion_available"":true,""evidence_score"":1.0887441815999948,""supported_bpm"":[76.0,77.0,78.0,79.0,80.0,81.0,82.0],""supported_relative_power"":[0.9858032189949927,0.9905354793299953,0.9952677396649976,1.0,0.918622757188224,0.8274269373664281,0.7362311175446338]},{""bpm"":153.0,""relative_power"":0.054292485465227,""peak_concentration"":0.028928755285176508,""prominence"":0.05369487070800601,""period_correlation"":-0.8140751739475988,""split_period_correlation"":-0.7978564198346654,""periodic_support"":0.0,""harmonic2_relative_power"":9.793209981271206e-05,""harmonic3_relative_power"":2.2756028724592984e-07,""harmonic_support"":0.0023447604035511647,""motion_profile"":0.03165793364385055,""motion_strength"":0.06164482600260994,""motion_reliability"":1.0,""motion_overlap"":0.03165793364385055,""motion_available"":true,""evidence_score"":-1.0569069644457023,""supported_bpm"":[151.0,152.0,153.0,154.0],""supported_relative_power"":[0.050017548281967465,0.05238270228088864,0.054292485465227,0.05003725984906006]}]",False,tracked,True,79.0,29,28.99971,34.99965,short6_relaxed,6.0,saved_short_window_v25_logic_fallback_offline,True,True,original_hr_gates_with_relaxed_fusion
32.99967,1.0,0.0,79.0,0.5928973115478109,True,candidate_only,79.0,79.0,79.0,1.1910538469860843,2.1076399831557797,1.0,79.0,0.8901398027028943,0.062025421389895564,2,"[{""bpm"":79.0,""relative_power"":1.0,""peak_concentration"":0.5928973115478109,""prominence"":1.0,""period_correlation"":0.8861161380099545,""split_period_correlation"":0.9022107967817137,""periodic_support"":0.8901398027028943,""harmonic2_relative_power"":0.0786126304672748,""harmonic3_relative_power"":0.0006689465824900955,""harmonic_support"":0.2894318407502701,""motion_profile"":0.062025421389895564,""motion_strength"":0.0620956589209302,""motion_reliability"":1.0,""motion_overlap"":0.062025421389895564,""motion_available"":true,""evidence_score"":1.1910538469860843,""supported_bpm"":[76.0,77.0,78.0,79.0,80.0,81.0,82.0],""supported_relative_power"":[0.8795753965531512,0.9197169310354345,0.9598584655177171,1.0,0.9364040284858066,0.860979459032573,0.7855548895793404]},{""bpm"":153.0,""relative_power"":0.08469559082640711,""peak_concentration"":0.05306906983806171,""prominence"":0.08036356798950034,""period_correlation"":-0.8171491002209552,""split_period_correlation"":-0.8145972519961902,""periodic_support"":0.0,""harmonic2_relative_power"":6.345721083965659e-05,""harmonic3_relative_power"":1.3240697548432504e-07,""harmonic_support"":0.0023553708377013834,""motion_profile"":0.04391951979529528,""motion_strength"":0.0620956589209302,""motion_reliability"":1.0,""motion_overlap"":0.04391951979529528,""motion_available"":true,""evidence_score"":-0.9165861361696956,""supported_bpm"":[150.0,151.0,152.0,153.0,154.0,155.0,156.0],""supported_relative_power"":[0.06715629986003789,0.07316846926838855,0.07918063867673919,0.08469559082640711,0.08347899875458062,0.08226240668275416,0.0810458146109277]}]",False,tracked,True,79.0,30,29.9997,35.99964,short6_relaxed,6.0,saved_short_window_v25_logic_fallback_offline,True,True,original_hr_gates_with_relaxed_fusion
33.99966,1.0,0.0,79.0,0.5933188990972502,True,candidate_only,79.0,79.0,79.0,1.2366020160486422,1.9870969267169039,1.0,79.0,0.843144351184518,0.047564952603320866,2,"[{""bpm"":79.0,""relative_power"":1.0,""peak_concentration"":0.5933188990972502,""prominence"":1.0,""period_correlation"":0.8489219775746465,""split_period_correlation"":0.8258114720141327,""periodic_support"":0.843144351184518,""harmonic2_relative_power"":0.12400542339648589,""harmonic3_relative_power"":0.002210445861251764,""harmonic_support"":0.3685994204998234,""motion_profile"":0.047564952603320866,""motion_strength"":0.06123858934576107,""motion_reliability"":1.0,""motion_overlap"":0.047564952603320866,""motion_available"":true,""evidence_score"":1.2366020160486422,""supported_bpm"":[76.0,77.0,78.0,79.0,80.0,81.0,82.0],""supported_relative_power"":[0.8784099457366464,0.9189399638244313,0.9594699819122156,1.0,0.9311760058991541,0.8498829955946203,0.7685899852900878]},{""bpm"":158.0,""relative_power"":0.12400542339648589,""peak_concentration"":0.07707187805980266,""prominence"":0.12145574150763813,""period_correlation"":-0.7733052261363714,""split_period_correlation"":-0.7703840095984046,""periodic_support"":0.0,""harmonic2_relative_power"":5.835418758831531e-05,""harmonic3_relative_power"":7.896859834379015e-08,""harmonic_support"":0.0027246602626018945,""motion_profile"":0.018095263110461966,""motion_strength"":0.06123858934576107,""motion_reliability"":1.0,""motion_overlap"":0.018095263110461966,""motion_available"":true,""evidence_score"":-0.7504949106682617,""supported_bpm"":[155.0,156.0,157.0,158.0,159.0,160.0,161.0],""supported_relative_power"":[0.10575717212755627,0.1118399225505328,0.11792267297350935,0.12400542339648589,0.12019320250092158,0.11383403289670328,0.10747486329248497]}]",False,tracked,True,79.0,31,30.99969,36.999629999999996,short6_relaxed,6.0,saved_short_window_v25_logic_fallback_offline,True,True,original_hr_gates_with_relaxed_fusion
34.99965,1.0,0.0,79.0,0.5595254545425796,True,candidate_only,79.0,79.0,79.0,1.2360439649474548,1.9965101481581486,1.0,79.0,0.8351149480503717,0.036648635436006084,2,"[{""bpm"":79.0,""relative_power"":1.0,""peak_concentration"":0.5595254545425796,""prominence"":1.0,""period_correlation"":0.8353104753227952,""split_period_correlation"":0.834528366233101,""periodic_support"":0.8351149480503717,""harmonic2_relative_power"":0.11483886516759466,""harmonic3_relative_power"":0.004839977291371206,""harmonic_support"":0.3632283163870535,""motion_profile"":0.036648635436006084,""motion_strength"":0.060597990960549825,""motion_reliability"":1.0,""motion_overlap"":0.036648635436006084,""motion_available"":true,""evidence_score"":1.2360439649474548,""supported_bpm"":[76.0,77.0,78.0,79.0,80.0,81.0,82.0],""supported_relative_power"":[0.9092653415252029,0.9395102276834688,0.9697551138417345,1.0,0.9307512107475583,0.8501577234266029,0.7695642361056486]},{""bpm"":158.0,""relative_power"":0.11483886516759466,""peak_concentration"":0.06606111118263949,""prominence"":0.1094124793225637,""period_correlation"":-0.7497528293128285,""split_period_correlation"":-0.7435779204625349,""periodic_support"":0.0,""harmonic2_relative_power"":6.893146055798264e-05,""harmonic3_relative_power"":1.896966571695776e-07,""harmonic_support"":0.0028651991634411527,""motion_profile"":0.004682020321608329,""motion_strength"":0.060597990960549825,""motion_reliability"":1.0,""motion_overlap"":0.004682020321608329,""motion_available"":true,""evidence_score"":-0.7604661832106939,""supported_bpm"":[155.0,156.0,157.0,158.0,159.0,160.0,161.0],""supported_relative_power"":[0.10138687832188399,0.10587087393712087,0.11035486955235776,0.11483886516759466,0.11032353402777427,0.103491791559444,0.09666004909111375]}]",False,tracked,True,79.0,32,31.999679999999998,37.99962,short6_relaxed,6.0,saved_short_window_v25_logic_fallback_offline,True,True,original_hr_gates_with_relaxed_fusion
35.99964,1.0,0.0,79.0,0.5692808383430823,True,candidate_only,79.0,79.0,79.0,1.1906402171870243,2.0384074995109565,1.0,79.0,0.8523597686458779,0.02805841817951944,3,"[{""bpm"":79.0,""relative_power"":1.0,""peak_concentration"":0.5692808383430823,""prominence"":1.0,""period_correlation"":0.8434370578158119,""split_period_correlation"":0.8791279011360762,""periodic_support"":0.8523597686458779,""harmonic2_relative_power"":0.06933877679729834,""harmonic3_relative_power"":0.00501867909277909,""harmonic_support"":0.2881174944009579,""motion_profile"":0.02805841817951944,""motion_strength"":0.059560117005222846,""motion_reliability"":1.0,""motion_overlap"":0.02805841817951944,""motion_available"":true,""evidence_score"":1.1906402171870243,""supported_bpm"":[76.0,77.0,78.0,79.0,80.0,81.0,82.0],""supported_relative_power"":[0.7991788769574131,0.8661192513049426,0.9330596256524714,1.0,0.9578956891072256,0.9033576328037938,0.8488195765003629]},{""bpm"":116.0,""relative_power"":0.08515066089675531,""peak_concentration"":0.05261727689423374,""prominence"":0.08376889393778733,""period_correlation"":-0.34082699752359524,""split_period_correlation"":-0.4345765010832502,""periodic_support"":0.0,""harmonic2_relative_power"":0.004058528572740833,""harmonic3_relative_power"":8.24585959177898e-07,""harmonic_support"":0.01868269677543408,""motion_profile"":0.0034267123830373095,""motion_strength"":0.059560117005222846,""motion_reliability"":1.0,""motion_overlap"":0.0034267123830373095,""motion_available"":true,""evidence_score"":-0.8477672823239322,""supported_bpm"":[113.0,114.0,115.0,116.0,117.0,118.0,119.0],""supported_relative_power"":[0.07455264947348232,0.07808531994790664,0.081617990422331,0.08515066089675531,0.08239160288232579,0.07952513424377881,0.07665866560523177]},{""bpm"":153.0,""relative_power"":0.07492138705534535,""peak_concentration"":0.04617646189245899,""prominence"":0.04675218247555346,""period_correlation"":-0.7472666953254111,""split_period_correlation"":-0.7719397281967878,""periodic_support"":0.0,""harmonic2_relative_power"":3.855269851057104e-05,""harmonic3_relative_power"":1.7636522897087677e-07,""harmonic_support"":0.001739768253356148,""motion_profile"":0.0025373078575323268,""motion_strength"":0.059560117005222846,""motion_reliability"":1.0,""motion_overlap"":0.0025373078575323268,""motion_available"":true,""evidence_score"":-0.9083924272839581,""supported_bpm"":[150.0,151.0,152.0,153.0,154.0,155.0,156.0],""supported_relative_power"":[0.06125391614019203,0.06594284559914301,0.070631775058094,0.07492138705534535,0.07380486500373593,0.07268834295212652,0.07157182090051713]}]",False,tracked,True,79.0,33,32.99967,38.99961,short6_relaxed,6.0,saved_short_window_v25_logic_fallback_offline,True,True,original_hr_gates_with_relaxed_fusion
36.999629999999996,1.0,0.0,80.0,0.5848198196428759,True,candidate_only,79.0,79.0,80.0,1.1436692275914004,2.058005659232609,0.9998588155251267,80.0,0.8520349583371458,0.01194909763438691,3,"[{""bpm"":80.0,""relative_power"":1.0,""peak_concentration"":0.5848198196428759,""prominence"":1.0,""period_correlation"":0.8516311908214519,""split_period_correlation"":0.8532462608842273,""periodic_support"":0.8520349583371458,""harmonic2_relative_power"":0.05077065337784004,""harmonic3_relative_power"":0.003614999740776062,""harmonic_support"":0.2463671454635234,""motion_profile"":0.01194909763438691,""motion_strength"":0.05868374227922296,""motion_reliability"":1.0,""motion_overlap"":0.01194909763438691,""motion_available"":true,""evidence_score"":1.1686692275914004,""supported_bpm"":[77.0,78.0,79.0,80.0,81.0,82.0,83.0],""supported_relative_power"":[0.8043731239248824,0.9021159697250045,0.9998588155251267,1.0,0.9890122220141999,0.9780244440283999,0.9670366660426]},{""bpm"":111.0,""relative_power"":0.07619546907036963,""peak_concentration"":0.04843729495292721,""prominence"":0.042300405249919105,""period_correlation"":-0.17940720833013343,""split_period_correlation"":-0.1744057436764591,""periodic_support"":0.0,""harmonic2_relative_power"":0.0023461943705249677,""harmonic3_relative_power"":9.095392807264209e-06,""harmonic_support"":0.01366183573345782,""motion_profile"":0.0015516957584017811,""motion_strength"":0.05868374227922296,""motion_reliability"":1.0,""motion_overlap"":0.0015516957584017811,""motion_available"":true,""evidence_score"":-0.8893364316412088,""supported_bpm"":[108.0,109.0,110.0,111.0,112.0,113.0,114.0],""supported_relative_power"":[0.0695373693520769,0.0720462943854022,0.07455521941872749,0.07619546907036963,0.07532045084280209,0.07444543261523455,0.07357041438766701]},{""bpm"":158.0,""relative_power"":0.057780196115318774,""peak_concentration"":0.030187254207029102,""prominence"":0.049371217779609324,""period_correlation"":-0.7365211689478941,""split_period_correlation"":-0.726717156382309,""periodic_support"":0.0,""harmonic2_relative_power"":5.381989695889372e-05,""harmonic3_relative_power"":2.1088832899032234e-07,""harmonic_support"":0.001802076270095301,""motion_profile"":0.0036781775786859138,""motion_strength"":0.05868374227922296,""motion_reliability"":1.0,""motion_overlap"":0.0036781775786859138,""motion_available"":true,""evidence_score"":-1.0006838621251275,""supported_bpm"":[157.0,158.0,159.0,160.0],""supported_relative_power"":[0.0531996509443375,0.057780196115318774,0.05519734741706917,0.05077065337784004]}]",False,tracked,True,80.0,34,33.99966,39.9996,short6_relaxed,6.0,saved_short_window_v25_logic_fallback_offline,True,True,original_hr_gates_with_relaxed_fusion
37.99962,1.0,0.0,80.0,0.5571823831721567,True,candidate_only,79.0,79.0,80.0,1.1960358040674308,2.053992835163265,0.995142685849481,80.0,0.8516705368224553,0.020084126072368997,2,"[{""bpm"":80.0,""relative_power"":1.0,""peak_concentration"":0.5571823831721567,""prominence"":1.0,""period_correlation"":0.8530924356450947,""split_period_correlation"":0.8474048403545371,""periodic_support"":0.8516705368224553,""harmonic2_relative_power"":0.08231274383470195,""harmonic3_relative_power"":0.004096510242069002,""harmonic_support"":0.309303371153191,""motion_profile"":0.020084126072368997,""motion_strength"":0.05865032153608188,""motion_reliability"":1.0,""motion_overlap"":0.020084126072368997,""motion_available"":true,""evidence_score"":1.2210358040674307,""supported_bpm"":[77.0,78.0,79.0,80.0,81.0,82.0,83.0],""supported_relative_power"":[0.8080525546266004,0.9015976202380406,0.995142685849481,1.0,0.9947447541456129,0.9894895082912258,0.9842342624368389]},{""bpm"":163.0,""relative_power"":0.09255187456777776,""peak_concentration"":0.051198509303888314,""prominence"":0.08795546812511226,""period_correlation"":-0.7354137124129724,""split_period_correlation"":-0.7131508781667095,""periodic_support"":0.0,""harmonic2_relative_power"":2.5638861069121714e-06,""harmonic3_relative_power"":4.277697453786131e-08,""harmonic_support"":0.0005091491974121944,""motion_profile"":0.0003768682893851233,""motion_strength"":0.05865032153608188,""motion_reliability"":1.0,""motion_overlap"":0.0003768682893851233,""motion_available"":true,""evidence_score"":-0.8329570310958343,""supported_bpm"":[160.0,161.0,162.0,163.0,164.0,165.0,166.0],""supported_relative_power"":[0.08231274383470195,0.08572578741239387,0.08913883099008585,0.09255187456777776,0.09139279169700963,0.0860436608158442,0.08069452993467878]}]",False,tracked,True,80.0,35,34.99965,40.99959,short6_relaxed,6.0,saved_short_window_v25_logic_fallback_offline,True,True,original_hr_gates_with_relaxed_fusion
38.99961,1.0,0.0,79.0,0.5506834311943308,True,candidate_only,79.0,79.0,79.0,1.246033433008479,1.9422904787188773,1.0,79.0,0.8645301509516977,0.04320986034879151,2,"[{""bpm"":79.0,""relative_power"":1.0,""peak_concentration"":0.5506834311943308,""prominence"":1.0,""period_correlation"":0.869015488292635,""split_period_correlation"":0.8510741389288858,""periodic_support"":0.8645301509516977,""harmonic2_relative_power"":0.10291830653379391,""harmonic3_relative_power"":0.006516530532996642,""harmonic_support"":0.3490625923976009,""motion_profile"":0.04320986034879151,""motion_strength"":0.05778379090490612,""motion_reliability"":1.0,""motion_overlap"":0.04320986034879151,""motion_available"":true,""evidence_score"":1.246033433008479,""supported_bpm"":[76.0,77.0,78.0,79.0,80.0,81.0,82.0],""supported_relative_power"":[0.7597003063845654,0.8398002042563776,0.9199001021281888,1.0,0.985637859025356,0.9605047488888486,0.9353716387523416]},{""bpm"":164.0,""relative_power"":0.13722210199441676,""peak_concentration"":0.08006452604841871,""prominence"":0.1366235019739057,""period_correlation"":-0.7540782973745774,""split_period_correlation"":-0.7669885309236596,""periodic_support"":0.0,""harmonic2_relative_power"":8.833080085245462e-06,""harmonic3_relative_power"":4.3037983102518815e-08,""harmonic_support"":0.0011278484590154937,""motion_profile"":0.0017846599805320326,""motion_strength"":0.05778379090490612,""motion_reliability"":1.0,""motion_overlap"":0.0017846599805320326,""motion_available"":true,""evidence_score"":-0.6962570457103983,""supported_bpm"":[161.0,162.0,163.0,164.0,165.0,166.0,167.0],""supported_relative_power"":[0.12334646024380115,0.12993796624394266,0.13652947224408393,0.13722210199441676,0.13250880630224243,0.12779551061006808,0.12308221491789371]}]",False,tracked,True,79.0,36,35.99964,41.99958,short6_relaxed,6.0,saved_short_window_v25_logic_fallback_offline,True,True,original_hr_gates_with_relaxed_fusion
39.9996,1.0,0.0,79.0,0.5710024383713067,True,candidate_only,79.0,79.0,79.0,1.2548109511679595,1.9544222277118735,1.0,79.0,0.8809596492412191,0.05101365149674177,2,"[{""bpm"":79.0,""relative_power"":1.0,""peak_concentration"":0.5710024383713067,""prominence"":1.0,""period_correlation"":0.881141678912241,""split_period_correlation"":0.8804135602281531,""periodic_support"":0.8809596492412191,""harmonic2_relative_power"":0.10428367930592397,""harmonic3_relative_power"":0.00577277147937755,""harmonic_support"":0.3495224013735457,""motion_profile"":0.05101365149674177,""motion_strength"":0.05883384073588041,""motion_reliability"":1.0,""motion_overlap"":0.05101365149674177,""motion_available"":true,""evidence_score"":1.2548109511679595,""supported_bpm"":[76.0,77.0,78.0,79.0,80.0,81.0,82.0],""supported_relative_power"":[0.7455002573448173,0.8303335048965456,0.915166752448273,1.0,0.977050983605044,0.9418121685211926,0.9065733534373418]},{""bpm"":163.0,""relative_power"":0.13721133399866628,""peak_concentration"":0.08410567751736873,""prominence"":0.1361296037617666,""period_correlation"":-0.7803037869957125,""split_period_correlation"":-0.7878353569987,""periodic_support"":0.0,""harmonic2_relative_power"":2.8259732108278814e-05,""harmonic3_relative_power"":6.063575017650333e-08,""harmonic_support"":0.0020010757129803962,""motion_profile"":0.005144653626390578,""motion_strength"":0.05883384073588041,""motion_reliability"":1.0,""motion_overlap"":0.005144653626390578,""motion_available"":true,""evidence_score"":-0.699611276543914,""supported_bpm"":[160.0,161.0,162.0,163.0,164.0,165.0,166.0],""supported_relative_power"":[0.11826727186395584,0.12458195924219259,0.13089664662042952,0.13721133399866628,0.13704756872517998,0.13094673501104548,0.12484590129691095]}]",False,tracked,True,79.0,37,36.999629999999996,42.99957,short6_relaxed,6.0,saved_short_window_v25_logic_fallback_offline,True,True,original_hr_gates_with_relaxed_fusion
40.99959,1.0,0.0,79.0,0.5900568116112958,True,candidate_only,78.0,79.0,79.0,1.1643535262967735,2.093711531667095,0.9145001764536074,79.0,0.8682029170181348,0.046542473887009814,2,"[{""bpm"":79.0,""relative_power"":1.0,""peak_concentration"":0.5900568116112958,""prominence"":1.0,""period_correlation"":0.8689104970495641,""split_period_correlation"":0.8660801769238469,""periodic_support"":0.8682029170181348,""harmonic2_relative_power"":0.07572251577563432,""harmonic3_relative_power"":0.0024519943069162883,""harmonic_support"":0.2925084099355872,""motion_profile"":0.046542473887009814,""motion_strength"":0.06048211131101083,""motion_reliability"":1.0,""motion_overlap"":0.046542473887009814,""motion_available"":true,""evidence_score"":1.1893535262967734,""supported_bpm"":[76.0,77.0,78.0,79.0,80.0,81.0,82.0],""supported_relative_power"":[0.7435005293608209,0.8290003529072147,0.9145001764536074,1.0,0.9804284051184068,0.9488761138480701,0.9173238225777339]},{""bpm"":163.0,""relative_power"":0.0785634582297756,""peak_concentration"":0.04927769389044304,""prominence"":0.07617775347792292,""period_correlation"":-0.7474437234325626,""split_period_correlation"":-0.7420436063382906,""periodic_support"":0.0,""harmonic2_relative_power"":3.6344252081948194e-05,""harmonic3_relative_power"":3.414884739155841e-08,""harmonic_support"":0.0017079009001645204,""motion_profile"":0.0125751182292545,""motion_strength"":0.06048211131101083,""motion_reliability"":1.0,""motion_overlap"":0.0125751182292545,""motion_available"":true,""evidence_score"":-0.9043580053703216,""supported_bpm"":[160.0,161.0,162.0,163.0,164.0,165.0,166.0],""supported_relative_power"":[0.07777408870169146,0.0780372118777195,0.07830033505374756,0.0785634582297756,0.07513103362068947,0.06831188670221458,0.06149273978373971]}]",False,tracked,True,79.0,38,37.99962,43.99956,short6_relaxed,6.0,saved_short_window_v25_logic_fallback_offline,True,True,original_hr_gates_with_relaxed_fusion
41.99958,1.0,0.0,79.0,0.5779336489976764,True,candidate_only,77.0,78.0,79.0,1.0618653869960841,2.171852955381441,0.9312255081340859,79.0,0.8430000705946705,0.007598081016336057,2,"[{""bpm"":79.0,""relative_power"":1.0,""peak_concentration"":0.5779336489976764,""prominence"":1.0,""period_correlation"":0.8425018161839742,""split_period_correlation"":0.8444948338267595,""periodic_support"":0.8430000705946705,""harmonic2_relative_power"":0.056609401678603,""harmonic3_relative_power"":0.00030731164488680205,""harmonic_support"":0.24406291061236654,""motion_profile"":0.007598081016336057,""motion_strength"":0.0631535104624617,""motion_reliability"":1.0,""motion_overlap"":0.007598081016336057,""motion_available"":true,""evidence_score"":1.1618653869960842,""supported_bpm"":[76.0,77.0,78.0,79.0,80.0,81.0,82.0],""supported_relative_power"":[0.8968382622011284,0.9312255081340859,0.9656127540670429,1.0,0.9394190470108212,0.8680094103044641,0.7965997735981079]},{""bpm"":158.0,""relative_power"":0.056609401678603,""peak_concentration"":0.031220503095267808,""prominence"":0.04985122086586967,""period_correlation"":-0.7817381638204492,""split_period_correlation"":-0.7754926939407683,""periodic_support"":0.0,""harmonic2_relative_power"":5.6115061362833814e-05,""harmonic3_relative_power"":8.322349160976043e-09,""harmonic_support"":0.0017899099979921003,""motion_profile"":0.005379526658661248,""motion_strength"":0.0631535104624617,""motion_reliability"":1.0,""motion_overlap"":0.005379526658661248,""motion_available"":true,""evidence_score"":-1.009987568385357,""supported_bpm"":[157.0,158.0,159.0],""supported_relative_power"":[0.05320756672315011,0.056609401678603,0.05395555510094001]}]",False,tracked,True,79.0,39,38.99961,44.99955,short6_relaxed,6.0,saved_short_window_v25_logic_fallback_offline,True,True,original_hr_gates_with_relaxed_fusion
42.99957,1.0,0.0,74.0,0.6017191170053744,True,candidate_only,76.0,77.0,74.0,0.9544924457192644,,0.942335299486943,74.0,0.8356682167012777,0.01267230935216469,1,"[{""bpm"":74.0,""relative_power"":1.0,""peak_concentration"":0.6017191170053744,""prominence"":1.0,""period_correlation"":0.8420971968674528,""split_period_correlation"":0.8163812762027522,""periodic_support"":0.8356682167012777,""harmonic2_relative_power"":0.018992536985511333,""harmonic3_relative_power"":0.0014406103015788933,""harmonic_support"":0.15109779403806484,""motion_profile"":0.01267230935216469,""motion_strength"":0.06330552244163767,""motion_reliability"":1.0,""motion_overlap"":0.01267230935216469,""motion_available"":true,""evidence_score"":1.0544924457192644,""supported_bpm"":[71.0,72.0,73.0,74.0,75.0,76.0,77.0],""supported_relative_power"":[0.7849821887744363,0.8627350040883737,0.9404878194023112,1.0,0.9711676497434716,0.942335299486943,0.9135029492304142]}]",False,tracked,True,74.0,40,39.9996,45.999539999999996,short6_relaxed,6.0,saved_short_window_v25_logic_fallback_offline,True,True,original_hr_gates_with_relaxed_fusion
43.99956,1.0,0.0,74.0,0.6163210108743465,True,candidate_only,75.0,76.0,74.0,1.1850160400693677,2.174071802204791,0.9524903394971269,74.0,0.895713118471813,0.0317330105332262,2,"[{""bpm"":74.0,""relative_power"":1.0,""peak_concentration"":0.6163210108743465,""prominence"":1.0,""period_correlation"":0.8986330058504164,""split_period_correlation"":0.8869534563360028,""periodic_support"":0.895713118471813,""harmonic2_relative_power"":0.06254552285728161,""harmonic3_relative_power"":0.0016709043167419542,""harmonic_support"":0.2643978729169061,""motion_profile"":0.0317330105332262,""motion_strength"":0.06417681797813667,""motion_reliability"":1.0,""motion_overlap"":0.0317330105332262,""motion_available"":true,""evidence_score"":1.2100160400693676,""supported_bpm"":[71.0,72.0,73.0,74.0,75.0,76.0,77.0],""supported_relative_power"":[0.8097190613120953,0.879857334356892,0.9499956074016884,1.0,0.9524903394971269,0.9049806789942537,0.8574710184913799]},{""bpm"":147.0,""relative_power"":0.06373916272605105,""peak_concentration"":0.04404843353024673,""prominence"":0.05933002283088903,""period_correlation"":-0.7805441945748801,""split_period_correlation"":-0.7943845888859075,""periodic_support"":0.0,""harmonic2_relative_power"":6.935431443035738e-05,""harmonic3_relative_power"":1.245763686868102e-07,""harmonic_support"":0.0021337070594006128,""motion_profile"":0.002123865718213037,""motion_strength"":0.06417681797813667,""motion_reliability"":1.0,""motion_overlap"":0.002123865718213037,""motion_available"":true,""evidence_score"":-0.9640557621354238,""supported_bpm"":[144.0,145.0,146.0,147.0,148.0,149.0,150.0],""supported_relative_power"":[0.06328351442852849,0.06343539719436934,0.0635872799602102,0.06373916272605105,0.06254552285728161,0.05876627178321864,0.05498702070915566]}]",False,tracked,True,74.0,41,40.99959,46.99953,short6_relaxed,6.0,saved_short_window_v25_logic_fallback_offline,True,True,original_hr_gates_with_relaxed_fusion
44.99955,1.0,0.0,74.0,0.6051081444785895,True,candidate_only,75.0,75.0,74.0,1.2744286565257992,2.0938644653697533,0.9560125506991034,74.0,0.9268062376401183,0.0485867717820729,2,"[{""bpm"":74.0,""relative_power"":1.0,""peak_concentration"":0.6051081444785895,""prominence"":1.0,""period_correlation"":0.9289128822096433,""split_period_correlation"":0.9204863039315434,""periodic_support"":0.9268062376401183,""harmonic2_relative_power"":0.10376543654797438,""harmonic3_relative_power"":0.0028086457902776435,""harmonic_support"":0.34067525984926017,""motion_profile"":0.0485867717820729,""motion_strength"":0.0640172526554255,""motion_reliability"":1.0,""motion_overlap"":0.0485867717820729,""motion_available"":true,""evidence_score"":1.299428656525799,""supported_bpm"":[71.0,72.0,73.0,74.0,75.0,76.0,77.0],""supported_relative_power"":[0.8012634186546297,0.8741776699685684,0.9470919212825072,1.0,0.9560125506991034,0.9120251013982069,0.8680376520973099]},{""bpm"":148.0,""relative_power"":0.10376543654797438,""peak_concentration"":0.06492362467377874,""prominence"":0.10232739606857794,""period_correlation"":-0.8073772805343181,""split_period_correlation"":-0.8160739974221477,""periodic_support"":0.0,""harmonic2_relative_power"":3.1686687327190275e-05,""harmonic3_relative_power"":5.4479570853671314e-08,""harmonic_support"":0.0018395950865141917,""motion_profile"":0.0026460665627719114,""motion_strength"":0.0640172526554255,""motion_reliability"":1.0,""motion_overlap"":0.0026460665627719114,""motion_available"":true,""evidence_score"":-0.7944358088439545,""supported_bpm"":[145.0,146.0,147.0,148.0,149.0,150.0,151.0],""supported_relative_power"":[0.0954699481920164,0.09947789145117689,0.10348583471033748,0.10376543654797438,0.09688050535682018,0.08999557416566598,0.08311064297451178]}]",False,tracked,True,74.0,42,41.99958,47.99952,short6_relaxed,6.0,saved_short_window_v25_logic_fallback_offline,True,True,original_hr_gates_with_relaxed_fusion
45.999539999999996,1.0,0.0,74.0,0.5794191915496723,True,candidate_only,75.0,75.0,74.0,1.2581397978220923,2.0849987558158922,0.9469938932520952,74.0,0.932106656587496,0.06547026205126659,2,"[{""bpm"":74.0,""relative_power"":1.0,""peak_concentration"":0.5794191915496723,""prominence"":1.0,""period_correlation"":0.9302358551175224,""split_period_correlation"":0.9377190609974166,""periodic_support"":0.932106656587496,""harmonic2_relative_power"":0.10265746285243472,""harmonic3_relative_power"":0.003027599695163629,""harmonic_support"":0.33966030313992956,""motion_profile"":0.06547026205126659,""motion_strength"":0.0656091311798818,""motion_reliability"":1.0,""motion_overlap"":0.06547026205126659,""motion_available"":true,""evidence_score"":1.2831397978220922,""supported_bpm"":[71.0,72.0,73.0,74.0,75.0,76.0,77.0],""supported_relative_power"":[0.8499670709147779,0.906210234207877,0.9624533975009761,1.0,0.9469938932520952,0.8939877865041904,0.8409816797562848]},{""bpm"":148.0,""relative_power"":0.10265746285243472,""peak_concentration"":0.062449006759610445,""prominence"":0.10250905824813673,""period_correlation"":-0.8022436076461809,""split_period_correlation"":-0.8162854838753713,""periodic_support"":0.0,""harmonic2_relative_power"":3.632187251495474e-05,""harmonic3_relative_power"":2.8603220049877944e-08,""harmonic_support"":0.001949952908134028,""motion_profile"":0.005667046575334857,""motion_strength"":0.0656091311798818,""motion_reliability"":1.0,""motion_overlap"":0.005667046575334857,""motion_available"":true,""evidence_score"":-0.8018589579938002,""supported_bpm"":[145.0,146.0,147.0,148.0,149.0,150.0,151.0],""supported_relative_power"":[0.08449867223224196,0.09156188036365209,0.09862508849506242,0.10265746285243472,0.10086566334163272,0.09907386383083074,0.09728206432002874]}]",False,tracked,True,74.0,43,42.99957,48.99951,short6_relaxed,6.0,saved_short_window_v25_logic_fallback_offline,True,True,original_hr_gates_with_relaxed_fusion
46.99953,1.0,0.0,74.0,0.5963366914450363,True,candidate_only,75.0,76.0,74.0,1.2727591677407968,2.209016321883376,0.9461051314259753,74.0,0.9298010569770163,0.011574402467562197,2,"[{""bpm"":74.0,""relative_power"":1.0,""peak_concentration"":0.5963366914450363,""prominence"":1.0,""period_correlation"":0.9301312056373892,""split_period_correlation"":0.9288106109958977,""periodic_support"":0.9298010569770163,""harmonic2_relative_power"":0.07406723833589036,""harmonic3_relative_power"":0.0024412180877247617,""harmonic_support"":0.28944600815053145,""motion_profile"":0.011574402467562197,""motion_strength"":0.06616145860830241,""motion_reliability"":1.0,""motion_overlap"":0.011574402467562197,""motion_available"":true,""evidence_score"":1.2977591677407967,""supported_bpm"":[71.0,72.0,73.0,74.0,75.0,76.0,77.0],""supported_relative_power"":[0.8575254832560486,0.9111505233634427,0.9647755634708366,1.0,0.9461051314259753,0.8922102628519507,0.8383153942779252]},{""bpm"":148.0,""relative_power"":0.07406723833589036,""peak_concentration"":0.04667611581879606,""prominence"":0.07292023826441558,""period_correlation"":-0.8091182649292512,""split_period_correlation"":-0.8259991709551857,""periodic_support"":0.0,""harmonic2_relative_power"":4.736781908984479e-05,""harmonic3_relative_power"":3.4463550438429024e-08,""harmonic_support"":0.0018907564999823354,""motion_profile"":0.001739376306966625,""motion_strength"":0.06616145860830241,""motion_reliability"":1.0,""motion_overlap"":0.001739376306966625,""motion_available"":true,""evidence_score"":-0.9112571541425792,""supported_bpm"":[145.0,146.0,147.0,148.0,149.0,150.0,151.0],""supported_relative_power"":[0.05928104060359967,0.06488286224629912,0.07048468388899871,0.07406723833589036,0.07376948653325215,0.07347173473061391,0.0731739829279757]}]",False,tracked,True,74.0,44,43.99956,49.9995,short6_relaxed,6.0,saved_short_window_v25_logic_fallback_offline,True,True,original_hr_gates_with_relaxed_fusion
47.99952,1.0,0.0,74.0,0.6505539475698241,True,candidate_only,76.0,77.0,74.0,1.0612767672668764,,0.9298271616010425,74.0,0.9044731431939721,0.05819592523506897,1,"[{""bpm"":74.0,""relative_power"":1.0,""peak_concentration"":0.6505539475698241,""prominence"":1.0,""period_correlation"":0.9066051438754027,""split_period_correlation"":0.8980771411496802,""periodic_support"":0.9044731431939721,""harmonic2_relative_power"":0.046639360742688124,""harmonic3_relative_power"":0.004370999238721906,""harmonic_support"":0.23910121629734307,""motion_profile"":0.05819592523506897,""motion_strength"":0.06457706064834401,""motion_reliability"":1.0,""motion_overlap"":0.05819592523506897,""motion_available"":true,""evidence_score"":1.1612767672668765,""supported_bpm"":[71.0,72.0,73.0,74.0,75.0,76.0,77.0],""supported_relative_power"":[0.7620212887930538,0.8482691066295613,0.9345169244660688,1.0,0.9649135808005213,0.9298271616010425,0.8947407424015632]}]",False,tracked,True,74.0,45,44.99955,50.99949,short6_relaxed,6.0,saved_short_window_v25_logic_fallback_offline,True,True,original_hr_gates_with_relaxed_fusion
48.99951,1.0,0.0,79.0,0.6113080408763609,True,candidate_only,78.0,78.0,79.0,1.0026281453661345,,0.986492688665138,79.0,0.8257360135587284,0.05501023090204894,1,"[{""bpm"":79.0,""relative_power"":1.0,""peak_concentration"":0.6113080408763609,""prominence"":1.0,""period_correlation"":0.8269817438236327,""split_period_correlation"":0.8219988227640159,""periodic_support"":0.8257360135587284,""harmonic2_relative_power"":0.028791144821979184,""harmonic3_relative_power"":0.0027642908814946034,""harmonic_support"":0.1880813190790944,""motion_profile"":0.05501023090204894,""motion_strength"":0.06753502185060939,""motion_reliability"":1.0,""motion_overlap"":0.05501023090204894,""motion_available"":true,""evidence_score"":1.0276281453661344,""supported_bpm"":[76.0,77.0,78.0,79.0,80.0,81.0,82.0],""supported_relative_power"":[0.959478065995414,0.972985377330276,0.986492688665138,1.0,0.9176724881522726,0.8244174763507253,0.7311624645491793]}]",False,tracked,True,79.0,46,45.999539999999996,51.99948,short6_relaxed,6.0,saved_short_window_v25_logic_fallback_offline,True,True,original_hr_gates_with_relaxed_fusion
49.9995,1.0,0.0,79.0,0.5288982638516236,True,candidate_only,79.0,79.0,79.0,0.9924882528123581,,1.0,79.0,0.7960419457598059,0.056649086096608355,1,"[{""bpm"":79.0,""relative_power"":1.0,""peak_concentration"":0.5288982638516236,""prominence"":1.0,""period_correlation"":0.8015040192887967,""split_period_correlation"":0.7796557251728339,""periodic_support"":0.7960419457598059,""harmonic2_relative_power"":0.03087344170497915,""harmonic3_relative_power"":0.001164773127897573,""harmonic_support"":0.18765347009733183,""motion_profile"":0.056649086096608355,""motion_strength"":0.06731619718160589,""motion_reliability"":1.0,""motion_overlap"":0.056649086096608355,""motion_available"":true,""evidence_score"":0.9924882528123581,""supported_bpm"":[76.0,77.0,78.0,79.0,80.0,81.0,82.0],""supported_relative_power"":[0.7788026457385286,0.8525350971590197,0.9262675485795099,1.0,0.988494290356279,0.9672693578856094,0.9460444254149403]}]",False,tracked,True,79.0,47,46.99953,52.99947,short6_relaxed,6.0,saved_short_window_v25_logic_fallback_offline,True,True,original_hr_gates_with_relaxed_fusion
50.99949,1.0,0.0,84.0,0.5899851290218955,True,candidate_only,81.0,80.0,84.0,0.7810802453722162,,0.8028423407534305,84.0,0.8067750177684181,0.0551174788777666,1,"[{""bpm"":84.0,""relative_power"":1.0,""peak_concentration"":0.5899851290218955,""prominence"":1.0,""period_correlation"":0.8058831910404702,""split_period_correlation"":0.8094504979522615,""periodic_support"":0.8067750177684181,""harmonic2_relative_power"":0.030399751572926043,""harmonic3_relative_power"":0.0014157651336972293,""harmonic_support"":0.18752457442416465,""motion_profile"":0.0551174788777666,""motion_strength"":0.06796257254312627,""motion_reliability"":1.0,""motion_overlap"":0.0551174788777666,""motion_available"":true,""evidence_score"":1.0060802453722162,""supported_bpm"":[81.0,82.0,83.0,84.0,85.0,86.0,87.0],""supported_relative_power"":[0.8028423407534305,0.868561560502287,0.9342807802511434,1.0,0.9965889129541042,0.9515501170149296,0.9065113210757552]}]",False,tracked,True,84.0,48,47.99952,53.99946,short6_relaxed,6.0,saved_short_window_v25_logic_fallback_offline,True,True,original_hr_gates_with_relaxed_fusion
51.99948,1.0,0.0,84.0,0.5880051972222438,True,candidate_only,81.0,80.0,84.0,0.8467605587704629,,0.7927929696953099,84.0,0.7968392766664836,0.028412236980434352,1,"[{""bpm"":84.0,""relative_power"":1.0,""peak_concentration"":0.5880051972222438,""prominence"":1.0,""period_correlation"":0.8003667163794068,""split_period_correlation"":0.7862569575277139,""periodic_support"":0.7968392766664836,""harmonic2_relative_power"":0.04637470338269906,""harmonic3_relative_power"":0.001937203192536413,""harmonic_support"":0.2307526506628737,""motion_profile"":0.028412236980434352,""motion_strength"":0.06564875487588254,""motion_reliability"":1.0,""motion_overlap"":0.028412236980434352,""motion_available"":true,""evidence_score"":1.0717605587704628,""supported_bpm"":[81.0,82.0,83.0,84.0,85.0,86.0,87.0],""supported_relative_power"":[0.7927929696953099,0.8618619797968733,0.9309309898984365,1.0,0.9972471964469422,0.9512459583125289,0.9052447201781155]}]",False,tracked,True,84.0,49,48.99951,54.999449999999996,short6_relaxed,6.0,saved_short_window_v25_logic_fallback_offline,True,True,original_hr_gates_with_relaxed_fusion
52.99947,1.0,0.0,80.0,0.538497129445441,True,candidate_only,80.0,80.0,80.0,1.1636122010840886,2.146127366662693,1.0,80.0,0.8102107126224602,0.012574342762692243,2,"[{""bpm"":80.0,""relative_power"":1.0,""peak_concentration"":0.538497129445441,""prominence"":1.0,""period_correlation"":0.8145061070984008,""split_period_correlation"":0.7973245291946387,""periodic_support"":0.8102107126224602,""harmonic2_relative_power"":0.07424184435736077,""harmonic3_relative_power"":0.001992928394951384,""harmonic_support"":0.28809834565274756,""motion_profile"":0.012574342762692243,""motion_strength"":0.06268634392036103,""motion_reliability"":1.0,""motion_overlap"":0.012574342762692243,""motion_available"":true,""evidence_score"":1.1636122010840886,""supported_bpm"":[77.0,78.0,79.0,80.0,81.0,82.0,83.0],""supported_relative_power"":[0.8036449360633958,0.8978511280685939,0.9920573200737917,1.0,0.9981065421533714,0.9962130843067429,0.9943196264601144]},{""bpm"":163.0,""relative_power"":0.07476289562682735,""peak_concentration"":0.04274809383821429,""prominence"":0.07333973933951148,""period_correlation"":-0.8073623323741107,""split_period_correlation"":-0.8368046589049116,""periodic_support"":0.0,""harmonic2_relative_power"":2.604125435320545e-06,""harmonic3_relative_power"":5.475314745448107e-08,""harmonic_support"":0.00046363229026090684,""motion_profile"":0.060221640138830995,""motion_strength"":0.06268634392036103,""motion_reliability"":1.0,""motion_overlap"":0.060221640138830995,""motion_available"":true,""evidence_score"":-0.9825151655786042,""supported_bpm"":[160.0,161.0,162.0,163.0,164.0,165.0,166.0],""supported_relative_power"":[0.07424184435736077,0.07441552811384963,0.07458921187033848,0.07476289562682735,0.07289093743769084,0.0691442852607842,0.06539763308387754]}]",False,tracked,True,80.0,50,49.9995,55.99944,short6_relaxed,6.0,saved_short_window_v25_logic_fallback_offline,True,True,original_hr_gates_with_relaxed_fusion
53.99946,1.0,0.0,79.0,0.6031550362147791,True,candidate_only,80.0,79.0,79.0,1.2371806264307093,2.1565094756508816,0.9498138057342749,79.0,0.8633915927979401,0.009110573198610297,2,"[{""bpm"":79.0,""relative_power"":1.0,""peak_concentration"":0.6031550362147791,""prominence"":1.0,""period_correlation"":0.8647901845613482,""split_period_correlation"":0.859195817507716,""periodic_support"":0.8633915927979401,""harmonic2_relative_power"":0.09293544427867816,""harmonic3_relative_power"":0.002942268600306335,""harmonic_support"":0.3238380908512377,""motion_profile"":0.009110573198610297,""motion_strength"":0.0616710493921523,""motion_reliability"":1.0,""motion_overlap"":0.009110573198610297,""motion_available"":true,""evidence_score"":1.2621806264307092,""supported_bpm"":[76.0,77.0,78.0,79.0,80.0,81.0,82.0],""supported_relative_power"":[0.8192577229155512,0.8795051486103681,0.939752574305184,1.0,0.9498138057342749,0.8870354937294714,0.8242571817246689]},{""bpm"":158.0,""relative_power"":0.09293544427867816,""peak_concentration"":0.059430315697277275,""prominence"":0.08904453033728396,""period_correlation"":-0.790563381348764,""split_period_correlation"":-0.7892212794001221,""periodic_support"":0.0,""harmonic2_relative_power"":1.7510942208470489e-06,""harmonic3_relative_power"":3.5935506074334314e-08,""harmonic_support"":0.00042363536802457404,""motion_profile"":0.05056393883801764,""motion_strength"":0.0616710493921523,""motion_reliability"":1.0,""motion_overlap"":0.05056393883801764,""motion_available"":true,""evidence_score"":-0.8943288492201723,""supported_bpm"":[155.0,156.0,157.0,158.0,159.0,160.0,161.0],""supported_relative_power"":[0.08871866857501132,0.09012426047623359,0.09152985237745588,0.09293544427867816,0.08736426288350098,0.07999727196388987,0.07263028104427875]}]",False,tracked,True,79.0,51,50.99949,56.99943,short6_relaxed,6.0,saved_short_window_v25_logic_fallback_offline,True,True,original_hr_gates_with_relaxed_fusion
54.999449999999996,0.8333333333333334,0.0,,,False,gap_or_filter_edge,,,,,,,,,,0,[],False,unavailable,False,,52,51.99948,57.99942,short6_relaxed,6.0,saved_short_window_v25_logic_fallback_offline,False,False,rejected
55.99944,0.6666666666666666,0.0,,,False,gap_or_filter_edge,,,,,,,,,,0,[],False,unavailable,False,,53,52.99947,58.99941,short6_relaxed,6.0,saved_short_window_v25_logic_fallback_offline,False,False,rejected
